{"type": "FeatureCollection", "name": "ne_110_final_data_reduced", "crs": {"type": "name", "properties": {"name": "urn:ogc:def:crs:OGC:1.3:CRS84"}}, "features": [{"type": "Feature", "properties": {"SOVEREIGNT": "Zimbabwe", "SOV_A3": "ZWE", "mean": 0.943, "GERMAN_NAME": "Simbabwe", "NOTE_DE": null}, "geometry": {"type": "Polygon", "coordinates": [[[31.2878, -22.402], [30.9163, -22.2907], [30.1905, -22.2911], [29.6631, -22.1463], [29.3647, -22.1939], [29.0425, -22.0184], [29.0256, -21.7968], [28.014, -21.5541], [27.6694, -21.0643], [27.6997, -20.5306], [27.2806, -20.4787], [27.178, -20.1009], [26.6784, -19.8928], [26.1679, -19.5384], [25.9393, -18.9387], [25.2423, -17.969], [25.2589, -17.7935], [25.6398, -17.8241], [25.9958, -17.9699], [26.3335, -17.9293], [26.7799, -18.0416], [27.0207, -17.9584], [27.9322, -16.8962], [28.7606, -16.5321], [28.9132, -15.9878], [29.4874, -15.6967], [30.3961, -15.6431], [30.4379, -15.9954], [31.2363, -16.0237], [31.6878, -16.2141], [31.9398, -16.4288], [32.2433, -16.4488], [32.9481, -16.7124], [32.8761, -16.8837], [32.9694, -17.2515], [32.9931, -18.3595], [32.8844, -18.7285], [32.7221, -18.8285], [32.6997, -18.941], [32.8499, -19.1043], [32.7775, -19.3888], [33.0068, -19.8739], [32.9928, -19.9848], [32.6727, -20.5161], [32.4924, -20.6598], [32.4762, -20.95], [32.3538, -21.1365], [32.4297, -21.2971], [31.2878, -22.402]]]}}, {"type": "Feature", "properties": {"SOVEREIGNT": "Zambia", "SOV_A3": "ZMB", "mean": 0.635, "GERMAN_NAME": "Sambia", "NOTE_DE": null}, "geometry": {"type": "Polygon", "coordinates": [[[30.3961, -15.6431], [29.4874, -15.6967], [28.9132, -15.9878], [28.7606, -16.5321], [27.9322, -16.8962], [27.0207, -17.9584], [26.7799, -18.0416], [26.3335, -17.9293], [25.9958, -17.9699], [25.6398, -17.8241], [25.2589, -17.7935], [25.0018, -17.5686], [24.7329, -17.5177], [24.275, -17.4809], [23.3808, -17.6406], [22.1506, -16.5972], [22.0401, -16.2629], [21.9796, -15.9557], [21.9789, -13.0009], [23.9629, -12.9884], [23.8822, -12.7991], [23.9913, -12.4222], [23.9712, -11.6358], [24.0468, -11.4053], [23.9665, -10.8718], [24.3657, -11.1299], [24.378, -11.417], [24.5187, -11.4383], [25.2888, -11.2123], [25.3492, -11.6232], [25.512, -11.7535], [26.026, -11.8901], [26.8242, -11.9653], [26.9494, -11.8988], [27.0459, -11.616], [27.1593, -11.5792], [27.5737, -12.227], [28.4128, -12.5181], [28.5507, -12.8362], [28.73, -12.9254], [29.0144, -13.3689], [29.202, -13.3984], [29.554, -13.2489], [29.6516, -13.4143], [29.7751, -13.4381], [29.7952, -12.1555], [29.5083, -12.2282], [29.4856, -12.4186], [29.0644, -12.3488], [28.4827, -11.8122], [28.3833, -11.5667], [28.6454, -10.5502], [28.6044, -9.6787], [28.4006, -9.2248], [28.8697, -8.7857], [28.8981, -8.4855], [30.7511, -8.1937], [31.0333, -8.5976], [31.3505, -8.607], [31.6737, -8.9088], [31.9185, -8.9423], [31.9427, -9.0541], [32.4333, -9.1563], [32.9201, -9.4074], [32.996, -9.6228], [33.1958, -9.6261], [33.351, -9.8623], [33.3114, -10.038], [33.5288, -10.2346], [33.6617, -10.553], [33.2613, -10.8933], [33.3798, -11.1578], [33.2329, -11.4177], [33.3038, -11.6908], [33.2523, -12.1126], [33.3402, -12.3082], [33.5123, -12.3478], [33.3978, -12.4899], [33.0216, -12.6305], [32.9456, -12.8044], [32.9676, -13.2252], [32.852, -13.457], [32.6706, -13.5905], [32.9921, -14.0222], [33.1479, -13.9409], [33.2019, -14.0133], [30.2319, -14.9905], [30.3961, -15.6431]]]}}, {"type": "Feature", "properties": {"SOVEREIGNT": "Yemen", "SOV_A3": "YEM", "mean": 1.66, "GERMAN_NAME": "Jemen", "NOTE_DE": null}, "geometry": {"type": "MultiPolygon", "coordinates": [[[[53.7634, 12.6368], [54.1874, 12.664], [54.5111, 12.5527], [54.1295, 12.3606], [53.7187, 12.319], [53.3159, 12.5331], [53.5351, 12.7157], [53.7634, 12.6368]]], [[[53.0855, 16.6483], [52.5815, 16.4704], [52.3277, 16.2934], [52.174, 15.9569], [52.2175, 15.6555], [51.6037, 15.3367], [49.3497, 14.6379], [49.0481, 14.4564], [48.6683, 14.0501], [48.2777, 13.9977], [47.99, 14.0482], [47.4075, 13.6615], [46.7887, 13.4655], [45.6572, 13.3386], [45.3937, 13.067], [45.164, 12.9983], [45.0387, 12.8159], [44.7554, 12.7636], [44.6179, 12.8171], [44.3583, 12.669], [44.0059, 12.6076], [43.6344, 12.7444], [43.4875, 12.6987], [43.2319, 13.2671], [43.2823, 13.6924], [43.089, 14.011], [42.9363, 14.9386], [42.8557, 15.1329], [42.6577, 15.2327], [42.698, 15.3263], [42.7884, 15.2657], [42.7992, 15.3261], [42.7171, 15.6547], [42.8395, 16.032], [42.7992, 16.3718], [43.1649, 16.6895], [43.1163, 16.942], [43.1559, 17.2051], [43.2369, 17.2666], [43.1909, 17.3594], [43.418, 17.5163], [43.917, 17.3247], [44.156, 17.3987], [45.1482, 17.4275], [45.5352, 17.3022], [46.7275, 17.2657], [46.9755, 16.9535], [47.1437, 16.9467], [47.4417, 17.1118], [47.5796, 17.4483], [48.1722, 18.157], [49.0419, 18.5818], [51.9778, 18.9961], [53.0855, 16.6483]]], [[[42.756, 13.7042], [42.6897, 13.6736], [42.7941, 13.7661], [42.756, 13.7042]]], [[[42.7873, 13.9715], [42.756, 13.955], [42.6941, 14.0079], [42.7621, 14.0674], [42.7873, 13.9715]]], [[[42.5904, 15.3034], [42.549, 15.32], [42.6023, 15.4325], [42.6246, 15.368], [42.5904, 15.3034]]]]}}, {"type": "Feature", "properties": {"SOVEREIGNT": "Vietnam", "SOV_A3": "VNM", "mean": 0.693, "GERMAN_NAME": "Vietnam", "NOTE_DE": null}, "geometry": {"type": "MultiPolygon", "coordinates": [[[[107.1676, 10.3973], [107.0837, 10.3367], [107.1892, 10.4401], [107.0877, 10.4984], [107.0067, 10.6606], [106.9473, 10.4004], [106.7273, 10.5358], [106.606, 10.4649], [106.7414, 10.4445], [106.7576, 10.2959], [106.4642, 10.2983], [106.7853, 10.1164], [106.5956, 9.8599], [106.1366, 10.2216], [106.5642, 9.7157], [106.484, 9.5595], [106.3781, 9.5562], [105.8309, 10.0007], [106.1585, 9.5942], [106.1682, 9.3968], [105.5008, 9.0931], [105.1145, 8.6293], [104.7704, 8.5977], [104.8964, 8.7467], [104.8186, 8.8019], [104.8452, 9.6061], [104.9032, 9.8163], [105.0926, 9.901], [105.0846, 9.9956], [104.802, 10.2027], [104.6634, 10.1699], [104.4262, 10.4113], [104.5641, 10.516], [104.8506, 10.5345], [105.0465, 10.7017], [105.0458, 10.9114], [105.3147, 10.845], [105.4058, 10.9516], [105.755, 10.99], [105.8532, 10.8636], [106.1639, 10.7949], [106.161, 11.037], [105.8561, 11.2944], [105.8514, 11.6349], [106.0059, 11.758], [106.3994, 11.687], [106.4138, 11.9484], [106.7, 11.9795], [107.2122, 12.304], [107.3933, 12.2605], [107.5064, 12.3646], [107.5553, 12.5399], [107.4754, 13.0304], [107.6054, 13.4377], [107.3314, 14.1266], [107.5193, 14.7051], [107.4804, 14.9799], [107.6532, 15.2551], [107.1658, 15.8026], [107.3919, 15.9516], [107.3962, 16.0429], [106.9307, 16.3533], [106.8512, 16.5157], [106.6564, 16.4926], [106.5462, 16.6508], [106.5023, 16.954], [105.6912, 17.7378], [105.4583, 18.1543], [105.1145, 18.4053], [105.1466, 18.6509], [104.7164, 18.8033], [103.8916, 19.3049], [104.063, 19.4825], [104.032, 19.6751], [104.5878, 19.6187], [104.928, 20.0181], [104.8478, 20.2024], [104.6987, 20.2054], [104.6188, 20.3744], [104.3679, 20.4414], [104.5832, 20.6466], [104.1015, 20.9456], [103.6349, 20.6971], [103.1046, 20.8916], [102.8512, 21.2658], [102.9495, 21.6813], [102.8159, 21.8074], [102.6618, 21.6761], [102.5826, 21.9044], [102.1276, 22.3791], [102.471, 22.751], [102.9819, 22.4483], [103.3268, 22.7698], [103.4931, 22.588], [103.6202, 22.7821], [103.9416, 22.5401], [104.1432, 22.8001], [104.3718, 22.7042], [104.6872, 22.8222], [104.7956, 22.911], [104.8647, 23.1363], [105.2754, 23.3453], [105.548, 23.0726], [105.8428, 22.9228], [106.1484, 22.9701], [106.2791, 22.8574], [106.5419, 22.9083], [106.7802, 22.779], [106.5506, 22.5014], [106.6636, 21.9788], [106.971, 21.924], [107.3512, 21.609], [107.7594, 21.6551], [107.9726, 21.508], [107.8091, 21.497], [107.4099, 21.2847], [107.3544, 21.0551], [107.1647, 20.9487], [106.6834, 21.0003], [106.7532, 20.7351], [106.5509, 20.5264], [106.5178, 20.2888], [106.1657, 19.992], [105.9839, 19.9391], [105.6218, 18.9665], [105.8882, 18.5025], [106.4991, 17.9464], [106.4789, 17.7196], [106.3706, 17.7468], [107.834, 16.3226], [108.0294, 16.3312], [108.5777, 15.5847], [108.8214, 15.3778], [109.085, 14.7162], [109.3035, 13.8566], [109.288, 13.7651], [109.247, 13.8548], [109.2718, 13.2793], [109.4241, 12.9559], [109.445, 12.5996], [109.3355, 12.7518], [109.2189, 12.6458], [109.3046, 12.3912], [109.207, 12.4155], [109.2592, 11.9545], [109.2146, 12.0105], [109.1674, 11.9119], [109.1987, 11.7248], [109.1325, 11.6011], [109.0396, 11.5926], [108.9867, 11.3364], [108.8207, 11.3154], [108.2717, 10.9343], [108.095, 10.8973], [108.0014, 10.7204], [107.2616, 10.3985], [107.1912, 10.4389], [107.1676, 10.3973]]], [[[107.6028, 21.2167], [107.4588, 21.0916], [107.4034, 21.0937], [107.4761, 21.269], [107.6028, 21.2167]]], [[[107.5211, 20.9267], [107.4657, 20.9007], [107.3991, 20.9034], [107.5514, 21.0341], [107.5211, 20.9267]]], [[[107.0315, 20.747], [106.9901, 20.7431], [106.9106, 20.8243], [107.0438, 20.8368], [107.0315, 20.747]]], [[[106.8656, 20.8158], [106.7694, 20.8642], [106.7954, 20.9279], [106.8551, 20.8583], [106.8656, 20.8158]]], [[[106.6175, 8.6828], [106.5678, 8.701], [106.6586, 8.7664], [106.6524, 8.7012], [106.6175, 8.6828]]], [[[104.064, 10.3908], [104.0759, 10.2247], [104.0183, 10.0291], [103.8495, 10.3712], [104.064, 10.3908]]]]}}, {"type": "Feature", "properties": {"SOVEREIGNT": "Venezuela", "SOV_A3": "VEN", "mean": 1.105, "GERMAN_NAME": "Venezuela", "NOTE_DE": null}, "geometry": {"type": "MultiPolygon", "coordinates": [[[[-60.0176, 8.5493], [-59.8492, 8.2487], [-60.0324, 8.0536], [-60.5137, 7.8132], [-60.7186, 7.5359], [-60.6066, 7.3208], [-60.6332, 7.2111], [-60.3452, 7.15], [-60.3521, 7.0029], [-60.7178, 6.7684], [-61.1455, 6.6944], [-61.2035, 6.5884], [-61.1286, 6.2144], [-61.3907, 5.9389], [-60.742, 5.2021], [-60.6037, 4.9493], [-61.003, 4.5353], [-61.2802, 4.5169], [-61.5541, 4.2878], [-61.8209, 4.197], [-62.1532, 4.0983], [-62.4106, 4.1566], [-62.7122, 4.0179], [-62.7644, 3.673], [-62.857, 3.5935], [-62.9686, 3.5939], [-63.3386, 3.9438], [-64.0216, 3.929], [-64.1926, 4.1267], [-64.5763, 4.1398], [-64.7887, 4.2762], [-64.6688, 4.0118], [-64.221, 3.5875], [-64.2188, 3.2046], [-64.009, 2.6719], [-64.0464, 2.5025], [-63.3894, 2.4117], [-63.4326, 2.1556], [-64.0086, 1.9317], [-64.2052, 1.5293], [-65.1037, 1.1081], [-65.4734, 0.6914], [-65.5559, 0.6879], [-65.5231, 0.8434], [-65.6815, 0.9835], [-66.0599, 0.7855], [-66.3472, 0.7672], [-66.876, 1.223], [-67.2108, 2.3901], [-67.6187, 2.7936], [-67.8592, 2.7936], [-67.3112, 3.416], [-67.6615, 3.8643], [-67.8552, 4.5068], [-67.825, 5.2705], [-67.474, 5.9301], [-67.4819, 6.1803], [-67.8592, 6.2899], [-68.4719, 6.1566], [-68.9374, 6.1982], [-69.427, 6.1239], [-70.1293, 6.9537], [-70.737, 7.09], [-71.1287, 6.9867], [-72.0067, 7.0327], [-72.2076, 7.3703], [-72.3945, 7.4151], [-72.4719, 7.5242], [-72.4459, 7.9661], [-72.3577, 8.0873], [-72.3905, 8.2871], [-72.6655, 8.6276], [-72.7962, 9.1089], [-72.96, 9.1351], [-73.0583, 9.2595], [-73.3661, 9.1941], [-73.0065, 9.7891], [-72.8693, 10.4913], [-72.69, 10.8359], [-72.4459, 11.1144], [-72.2487, 11.1965], [-71.9581, 11.6664], [-71.3199, 11.8618], [-71.4883, 11.7188], [-71.9571, 11.5699], [-71.835, 11.1904], [-71.6417, 11.0134], [-71.731, 10.9947], [-71.5942, 10.6574], [-71.6647, 10.4438], [-72.1129, 9.8156], [-71.7609, 9.3357], [-71.74, 9.1339], [-71.6194, 9.048], [-71.2414, 9.1604], [-71.0859, 9.3482], [-71.0527, 9.7058], [-71.4941, 10.5332], [-71.5445, 10.7787], [-71.461, 10.8357], [-71.4696, 10.9641], [-70.2327, 11.373], [-70.0973, 11.5197], [-69.8046, 11.4742], [-69.8172, 11.6721], [-70.1927, 11.6245], [-70.2867, 11.8859], [-70.2028, 12.0985], [-70.0041, 12.1778], [-69.86, 12.0543], [-69.6314, 11.4799], [-69.2326, 11.5185], [-68.8279, 11.4317], [-68.3988, 11.1611], [-68.2721, 10.8799], [-68.2962, 10.6894], [-68.14, 10.4927], [-66.2471, 10.6323], [-66.106, 10.5746], [-66.0905, 10.4729], [-65.8518, 10.2579], [-65.1289, 10.0701], [-64.8506, 10.098], [-64.1882, 10.4578], [-63.7318, 10.5035], [-64.2476, 10.5425], [-64.298, 10.6352], [-61.8796, 10.7411], [-62.38, 10.5469], [-62.9135, 10.5316], [-62.686, 10.2898], [-62.7407, 10.056], [-62.5502, 10.2004], [-62.3206, 9.783], [-62.2212, 9.8826], [-62.1535, 9.8217], [-62.1553, 9.9791], [-62.0772, 9.975], [-61.7359, 9.6313], [-61.7658, 9.8137], [-61.6254, 9.8165], [-61.589, 9.8944], [-61.3093, 9.6331], [-61.0134, 9.5565], [-60.7924, 9.3607], [-61.0231, 9.1545], [-61.2474, 8.6003], [-61.6186, 8.5976], [-61.3039, 8.4103], [-60.801, 8.5922], [-60.4813, 8.5474], [-60.3402, 8.6288], [-60.0176, 8.5493]]], [[[-60.8212, 9.1384], [-60.9414, 9.1056], [-60.9072, 9.1787], [-60.7358, 9.2033], [-60.8212, 9.1384]]], [[[-60.9979, 8.8673], [-61.0598, 8.847], [-61.0692, 8.9473], [-60.9158, 9.0704], [-60.8615, 8.9496], [-60.9979, 8.8673]]], [[[-63.8495, 11.1311], [-63.8174, 11.0002], [-63.9175, 10.8876], [-64.4024, 10.9815], [-64.2138, 11.0861], [-64.0284, 11.0018], [-63.893, 11.1674], [-63.8495, 11.1311]]], [[[-65.2124, 10.9063], [-65.2664, 10.8839], [-65.4148, 10.9379], [-65.3024, 10.9738], [-65.2124, 10.9063]]]]}}, {"type": "Feature", "properties": {"SOVEREIGNT": "Vatican", "SOV_A3": "VAT", "mean": 2.532, "GERMAN_NAME": "Vatikanstadt", "NOTE_DE": null}, "geometry": {"type": "Polygon", "coordinates": [[[12.4393, 41.8984], [12.4306, 41.8976], [12.4274, 41.9007], [12.4386, 41.9062], [12.4393, 41.8984]]]}}, {"type": "Feature", "properties": {"SOVEREIGNT": "Vanuatu", "SOV_A3": "VUT", "mean": 0.947, "GERMAN_NAME": "Vanuatu", "NOTE_DE": null}, "geometry": {"type": "MultiPolygon", "coordinates": [[[[169.8962, -20.1866], [169.8613, -20.2418], [169.7375, -20.2023], [169.8296, -20.1448], [169.8962, -20.1866]]], [[[169.4912, -19.5401], [169.4383, -19.6488], [169.3472, -19.6236], [169.2176, -19.4764], [169.2475, -19.3448], [169.3368, -19.3294], [169.3598, -19.4578], [169.4912, -19.5401]]], [[[169.3343, -18.9403], [169.2479, -18.9833], [168.9869, -18.8714], [169.0157, -18.6438], [169.1438, -18.6311], [169.3343, -18.9403]]], [[[168.4458, -17.5422], [168.5851, -17.696], [168.5246, -17.798], [168.1581, -17.7106], [168.273, -17.5523], [168.4458, -17.5422]]], [[[168.4469, -16.7789], [168.4602, -16.8351], [168.1815, -16.804], [168.1355, -16.6369], [168.1992, -16.5939], [168.4469, -16.7789]]], [[[168.2967, -16.3365], [168.0217, -16.3156], [167.9288, -16.2287], [168.1639, -16.0817], [168.2967, -16.3365]]], [[[168.2129, -15.9704], [168.1229, -15.6807], [168.1599, -15.4619], [168.2679, -15.8923], [168.2129, -15.9704]]], [[[168.1891, -15.3287], [168.1718, -15.3905], [168.1149, -14.9887], [168.1869, -15.1968], [168.1891, -15.3287]]], [[[167.9112, -15.436], [167.8442, -15.4818], [167.6743, -15.4516], [167.8262, -15.3121], [168.0026, -15.2833], [167.9112, -15.436]]], [[[167.4126, -16.0959], [167.6815, -16.2606], [167.8367, -16.4496], [167.4493, -16.555], [167.3492, -16.1546], [167.1516, -16.0805], [167.1995, -15.8852], [167.3359, -15.9168], [167.4126, -16.0959]]], [[[167.585, -14.261], [167.4302, -14.295], [167.4108, -14.1975], [167.5065, -14.1423], [167.5991, -14.1839], [167.585, -14.261]]], [[[167.4889, -13.9073], [167.3917, -13.7884], [167.481, -13.7094], [167.5533, -13.8139], [167.4889, -13.9073]]], [[[167.2189, -15.7241], [167.0947, -15.6852], [167.1192, -15.6226], [167.2344, -15.645], [167.2189, -15.7241]]], [[[166.7459, -14.8268], [166.8103, -15.1574], [166.9233, -15.1392], [166.9874, -14.9401], [167.0756, -14.9358], [167.2009, -15.4431], [167.094, -15.5808], [166.7585, -15.6311], [166.631, -15.406], [166.6479, -15.2116], [166.5273, -14.8501], [166.5673, -14.6418], [166.7459, -14.8268]]]]}}, {"type": "Feature", "properties": {"SOVEREIGNT": "Uzbekistan", "SOV_A3": "UZB", "mean": 2.834, "GERMAN_NAME": "Usbekistan", "NOTE_DE": null}, "geometry": {"type": "MultiPolygon", "coordinates": [[[[70.9469, 42.2487], [71.0362, 42.2846], [71.2284, 42.1628], [70.8565, 42.0309], [70.8033, 41.9227], [70.1808, 41.5714], [70.201, 41.5145], [70.4713, 41.4126], [70.6888, 41.4498], [70.8605, 41.2248], [71.3929, 41.1233], [71.421, 41.3418], [71.5855, 41.3331], [71.6651, 41.5412], [71.8786, 41.195], [72.1644, 41.1736], [72.1875, 41.0259], [72.3642, 41.0434], [72.6583, 40.8699], [73.1368, 40.8107], [72.604, 40.5254], [72.402, 40.5779], [72.3577, 40.4016], [72.1313, 40.4386], [71.9556, 40.2586], [71.6925, 40.1524], [71.3047, 40.2869], [70.9581, 40.2388], [70.6531, 40.2011], [70.3716, 40.3841], [70.7511, 40.7218], [70.4019, 41.0351], [70.2921, 40.8918], [69.7128, 40.6571], [69.3571, 40.7675], [69.2063, 40.5665], [69.3042, 40.3273], [69.2196, 40.2881], [69.275, 40.198], [68.6306, 40.1671], [68.9719, 40.0899], [68.8045, 40.0503], [68.8686, 39.9075], [68.6389, 39.8389], [68.586, 39.635], [68.4632, 39.5367], [67.7191, 39.6213], [67.4261, 39.4656], [67.3577, 39.2167], [67.6482, 39.1311], [67.6943, 38.9947], [68.1324, 38.9277], [68.0478, 38.6693], [68.087, 38.4735], [68.3502, 38.2111], [68.294, 38.033], [67.8145, 37.4869], [67.7591, 37.1723], [67.5172, 37.2667], [67.1957, 37.2353], [66.8278, 37.3714], [66.5221, 37.3484], [66.5257, 37.7857], [66.6294, 37.932], [66.5747, 38.0109], [65.9713, 38.2442], [65.6128, 38.2387], [64.3099, 38.9773], [64.1627, 38.9537], [63.7638, 39.1606], [62.4833, 39.9757], [62.3749, 40.332], [62.0948, 40.6833], [61.903, 41.0936], [61.4969, 41.276], [61.2424, 41.1892], [60.455, 41.2215], [60.0896, 41.3994], [60.1379, 41.5942], [60.0756, 41.7597], [60.2009, 41.8031], [59.9417, 41.9736], [59.9852, 42.2117], [59.8582, 42.295], [59.3542, 42.3231], [59.1594, 42.5115], [58.8768, 42.5614], [58.5892, 42.7784], [58.4772, 42.6628], [58.1514, 42.6281], [58.4743, 42.2994], [58.029, 42.4877], [57.8144, 42.1898], [57.2906, 42.1237], [56.9641, 41.8566], [57.0181, 41.4505], [57.1189, 41.3503], [57.0181, 41.2634], [55.9774, 41.3222], [55.9756, 44.995], [58.5553, 45.5554], [61.008, 44.3938], [61.1606, 44.1686], [61.9901, 43.4921], [63.2069, 43.628], [64.4431, 43.5513], [64.9054, 43.7146], [65.4961, 43.3105], [65.8032, 42.877], [66.1002, 42.9908], [66.0095, 42.0048], [66.4987, 41.9949], [66.7097, 41.1792], [67.9358, 41.1965], [68.113, 41.0287], [68.0478, 40.8093], [68.415, 40.6196], [68.5727, 40.6227], [68.5842, 40.8763], [69.1537, 41.4251], [70.0955, 41.8205], [70.4159, 42.0786], [70.5844, 42.0361], [70.9469, 42.2487]], [[70.6524, 40.9367], [70.6182, 41.0016], [70.5502, 41.015], [70.6229, 40.9344], [70.6524, 40.9367]]], [[[71.7796, 39.9503], [71.7529, 39.9071], [71.6691, 39.9462], [71.79, 39.9953], [71.7796, 39.9503]]], [[[71.2061, 39.8927], [71.0117, 39.8951], [70.9764, 40.1333], [71.2288, 40.0482], [71.2061, 39.8927]]]]}}, {"type": "Feature", "properties": {"SOVEREIGNT": "Uruguay", "SOV_A3": "URY", "mean": 0.348, "GERMAN_NAME": "Uruguay", "NOTE_DE": null}, "geometry": {"type": "Polygon", "coordinates": [[[-53.3706, -33.7422], [-53.7853, -34.3803], [-54.1687, -34.6707], [-54.9024, -34.933], [-55.6732, -34.7756], [-56.2499, -34.9014], [-56.855, -34.6766], [-57.1708, -34.4524], [-57.8292, -34.4774], [-58.4002, -33.9124], [-58.3634, -33.1824], [-58.1536, -33.0646], [-58.0823, -32.8936], [-58.2011, -32.4717], [-58.1197, -32.2488], [-58.1888, -31.9242], [-58.007, -31.6851], [-58.0538, -31.495], [-57.8105, -30.8586], [-57.8724, -30.5911], [-57.6089, -30.1877], [-57.5524, -30.2612], [-57.2143, -30.2834], [-57.1204, -30.1443], [-56.8327, -30.1072], [-56.0447, -30.7777], [-56.0047, -31.0792], [-55.8078, -31.0366], [-55.603, -30.8507], [-55.1735, -31.2795], [-54.5878, -31.4853], [-54.2206, -31.8552], [-53.7616, -32.0568], [-53.6017, -32.4031], [-53.1254, -32.7367], [-53.5315, -33.171], [-53.5315, -33.6555], [-53.3706, -33.7422]]]}}, {"type": "Feature", "properties": {"SOVEREIGNT": "Federated States of Micronesia", "SOV_A3": "FSM", "mean": 0.692, "GERMAN_NAME": "Föderierte Staaten von Mikronesien", "NOTE_DE": null}, "geometry": {"type": "MultiPolygon", "coordinates": [[[[162.9831, 5.3257], [162.9936, 5.2773], [162.9212, 5.3179], [162.9583, 5.3351], [162.9831, 5.3257]]], [[[158.315, 6.8137], [158.1833, 6.8014], [158.1347, 6.9449], [158.2945, 6.9511], [158.315, 6.8137]]], [[[151.8815, 7.4319], [151.8653, 7.4661], [151.9106, 7.46], [151.9128, 7.4538], [151.8815, 7.4319]]], [[[151.6478, 7.3462], [151.6395, 7.333], [151.5697, 7.3455], [151.6295, 7.3904], [151.6478, 7.3462]]], [[[138.1428, 9.5008], [138.0672, 9.419], [138.186, 9.5933], [138.1428, 9.5008]]]]}}, {"type": "Feature", "properties": {"SOVEREIGNT": "Marshall Islands", "SOV_A3": "MHL", "mean": 0.545, "GERMAN_NAME": "Marshallinseln", "NOTE_DE": null}, "geometry": {"type": "MultiPolygon", "coordinates": [[[[171.5774, 7.0483], [171.6883, 7.0284], [171.7567, 6.9732], [171.6142, 7.0072], [171.5774, 7.0483]]], [[[171.1019, 7.1382], [171.2268, 7.087], [171.3938, 7.111], [171.2354, 7.0688], [171.0356, 7.1561], [171.1019, 7.1382]]], [[[169.6352, 5.8299], [169.5906, 5.8018], [169.6511, 5.9452], [169.7346, 6.0142], [169.6352, 5.8299]]], [[[168.8303, 7.309], [168.8155, 7.2936], [168.6751, 7.3219], [168.6794, 7.3363], [168.8303, 7.309]]], [[[166.8902, 11.1531], [166.8643, 11.1464], [166.8449, 11.1535], [166.8881, 11.1687], [166.8902, 11.1531]]]]}}, {"type": "Feature", "properties": {"SOVEREIGNT": "Northern Mariana Islands", "SOV_A3": "MNP", "mean": 0.847, "GERMAN_NAME": "Nördliche Marianen", "NOTE_DE": null}, "geometry": {"type": "MultiPolygon", "coordinates": [[[[145.7776, 18.079], [145.729, 18.057], [145.8075, 18.1727], [145.8356, 18.1368], [145.7776, 18.079]]], [[[145.7521, 15.1331], [145.6844, 15.1251], [145.7132, 15.2152], [145.8219, 15.2654], [145.7521, 15.1331]]], [[[145.7121, 16.3392], [145.6581, 16.3359], [145.6311, 16.3781], [145.6956, 16.3797], [145.7121, 16.3392]]], [[[145.7085, 18.7625], [145.6783, 18.7252], [145.6455, 18.8068], [145.7067, 18.7905], [145.7085, 18.7625]]], [[[145.6624, 14.9705], [145.621, 14.9195], [145.6246, 15.0602], [145.6473, 15.0595], [145.6624, 14.9705]]], [[[145.265, 14.158], [145.2153, 14.1113], [145.1523, 14.1636], [145.2322, 14.1895], [145.265, 14.158]]]]}}, {"type": "Feature", "properties": {"SOVEREIGNT": "United States Virgin Islands", "SOV_A3": "VIR", "mean": 0.871, "GERMAN_NAME": "Amerikanische Jungferninseln", "NOTE_DE": null}, "geometry": {"type": "MultiPolygon", "coordinates": [[[[-64.7657, 17.7944], [-64.6818, 17.7501], [-64.5806, 17.7501], [-64.8892, 17.7017], [-64.8848, 17.7722], [-64.7657, 17.7944]]], [[[-64.6598, 18.3543], [-64.7261, 18.3279], [-64.7876, 18.3411], [-64.7524, 18.372], [-64.6598, 18.3543]]], [[[-64.8449, 18.3302], [-64.9201, 18.3213], [-65.0238, 18.3677], [-64.8892, 18.3743], [-64.8449, 18.3302]]]]}}, {"type": "Feature", "properties": {"SOVEREIGNT": "Guam", "SOV_A3": "GUM", "mean": 0.798, "GERMAN_NAME": "Guam", "NOTE_DE": null}, "geometry": {"type": "Polygon", "coordinates": [[[144.7419, 13.2593], [144.6501, 13.3135], [144.6494, 13.4287], [144.8755, 13.6146], [144.9406, 13.5702], [144.7419, 13.2593]]]}}, {"type": "Feature", "properties": {"SOVEREIGNT": "American Samoa", "SOV_A3": "ASM", "mean": 0.55, "GERMAN_NAME": "Amerikanisch-Samoa", "NOTE_DE": null}, "geometry": {"type": "Polygon", "coordinates": [[[-170.7264, -14.3512], [-170.8204, -14.3122], [-170.568, -14.2669], [-170.6404, -14.2823], [-170.7264, -14.3512]]]}}, {"type": "Feature", "properties": {"SOVEREIGNT": "Puerto Rico", "SOV_A3": "PRI", "mean": 0.889, "GERMAN_NAME": "Puerto Rico", "NOTE_DE": null}, "geometry": {"type": "MultiPolygon", "coordinates": [[[[-65.4256, 18.1058], [-65.5552, 18.1077], [-65.5721, 18.1373], [-65.2949, 18.1333], [-65.4256, 18.1058]]], [[[-66.1294, 18.4449], [-65.629, 18.3814], [-65.6207, 18.2423], [-65.971, 17.9744], [-67.1968, 17.9941], [-67.1723, 18.2243], [-67.2641, 18.3647], [-67.1586, 18.4992], [-66.1294, 18.4449]]], [[[-67.8725, 18.0599], [-67.9304, 18.087], [-67.9304, 18.1151], [-67.8437, 18.1111], [-67.8725, 18.0599]]]]}}, {"type": "Feature", "properties": {"SOVEREIGNT": "United States of America", "SOV_A3": "USA", "mean": 1.684, "GERMAN_NAME": "Vereinigte Staaten", "NOTE_DE": null}, "geometry": {"type": "MultiPolygon", "coordinates": [[[[179.7278, 51.9054], [179.5496, 51.8941], [179.5039, 51.9797], [179.627, 52.0304], [179.78, 51.9669], [179.7278, 51.9054]]], [[[179.4517, 51.3726], [179.2782, 51.3722], [178.6478, 51.6439], [178.9081, 51.6156], [179.4517, 51.3726]]], [[[178.5755, 51.9164], [178.5118, 51.8992], [178.475, 51.9677], [178.5704, 51.9776], [178.5755, 51.9164]]], [[[177.4156, 51.8827], [177.3284, 51.841], [177.2503, 51.903], [177.5207, 52.0182], [177.5639, 52.1106], [177.6697, 52.1031], [177.5941, 51.9476], [177.4156, 51.8827]]], [[[173.7227, 52.3596], [173.6161, 52.3912], [173.4023, 52.4048], [173.776, 52.495], [173.7227, 52.3596]]], [[[172.8119, 53.0129], [173.102, 52.9956], [173.4361, 52.852], [172.935, 52.7521], [172.4947, 52.938], [172.8119, 53.0129]]], [[[-74.7089, 45.004], [-71.5175, 45.0076], [-71.3274, 45.29], [-71.1348, 45.2628], [-70.9998, 45.3372], [-70.8652, 45.2708], [-70.7993, 45.4048], [-70.6899, 45.4284], [-70.7021, 45.5513], [-70.2964, 45.9062], [-70.2481, 46.2509], [-70.0671, 46.4409], [-70.0077, 46.7091], [-69.243, 47.4629], [-69.05, 47.4266], [-69.0486, 47.2735], [-68.9374, 47.2112], [-68.2354, 47.3459], [-67.8066, 47.0828], [-67.8023, 45.7274], [-67.4326, 45.6031], [-67.4725, 45.276], [-67.367, 45.1737], [-67.1248, 45.1694], [-67.1068, 44.8849], [-66.9869, 44.8277], [-67.1914, 44.6756], [-67.839, 44.5763], [-68.0568, 44.3844], [-68.1522, 44.5021], [-68.3736, 44.4451], [-68.4506, 44.5076], [-68.5324, 44.2587], [-68.8121, 44.3394], [-68.7102, 44.4425], [-68.7948, 44.4545], [-68.7628, 44.5708], [-68.9615, 44.4338], [-69.1372, 44.0378], [-69.5209, 43.8974], [-69.5566, 43.9828], [-69.6239, 43.8805], [-69.653, 43.9939], [-69.7297, 43.8519], [-69.7952, 43.9106], [-69.8082, 43.7722], [-70.0624, 43.8345], [-70.2694, 43.6719], [-70.2024, 43.6261], [-70.5207, 43.3489], [-70.8292, 42.8253], [-70.7356, 42.6694], [-70.6128, 42.6232], [-70.8313, 42.5526], [-71.0463, 42.3309], [-70.7385, 42.2287], [-70.6179, 42.0404], [-70.656, 41.9871], [-70.4267, 41.7573], [-70.0015, 41.8262], [-70.1103, 42.0302], [-70.2409, 42.0913], [-70.1088, 42.0782], [-69.9778, 41.9613], [-69.9486, 41.6771], [-70.6571, 41.5343], [-70.701, 41.715], [-71.1687, 41.4895], [-71.1489, 41.7457], [-71.2713, 41.6813], [-71.3901, 41.7953], [-71.3638, 41.7028], [-71.5229, 41.3789], [-72.9247, 41.285], [-73.5832, 41.0219], [-73.9871, 40.7513], [-73.8719, 41.0552], [-73.9698, 41.2496], [-73.9273, 40.9143], [-74.2643, 40.5285], [-74.2416, 40.4561], [-73.9723, 40.4002], [-74.08, 39.7882], [-74.0645, 39.9932], [-74.2564, 39.6138], [-74.4069, 39.5487], [-74.4288, 39.3871], [-74.6031, 39.2925], [-74.7946, 39.002], [-74.9544, 38.9501], [-74.8972, 39.1455], [-75.1362, 39.2078], [-75.5243, 39.4902], [-75.4217, 39.7898], [-75.1539, 39.8705], [-75.0743, 39.9835], [-75.4005, 39.8316], [-75.5877, 39.6407], [-75.3922, 39.0928], [-75.0887, 38.7774], [-75.187, 38.5912], [-75.0729, 38.5787], [-75.0387, 38.4264], [-75.3537, 38.0651], [-75.5869, 37.5586], [-75.8119, 37.4252], [-75.9343, 37.152], [-75.975, 37.3984], [-75.6593, 37.9538], [-75.8508, 37.9715], [-75.7954, 38.0868], [-75.9282, 38.1692], [-75.8587, 38.3621], [-76.0513, 38.2796], [-76.2648, 38.4363], [-76.2641, 38.5998], [-76.0168, 38.625], [-76.213, 38.7583], [-76.3411, 38.7095], [-76.3005, 38.8182], [-76.1683, 38.8527], [-76.2407, 38.9431], [-76.3307, 38.9086], [-76.3127, 39.0095], [-76.1856, 38.9907], [-76.1352, 39.0822], [-76.2169, 39.0636], [-76.2357, 39.1917], [-76.0744, 39.3689], [-75.876, 39.376], [-76.0031, 39.4109], [-75.8728, 39.5109], [-76.0629, 39.561], [-76.0974, 39.4331], [-76.2159, 39.3798], [-76.2475, 39.4387], [-76.2763, 39.3227], [-76.3307, 39.404], [-76.4211, 39.225], [-76.5705, 39.2693], [-76.4275, 39.1261], [-76.4733, 39.0306], [-76.5586, 39.0653], [-76.4938, 38.9452], [-76.5013, 38.5322], [-76.3941, 38.369], [-76.5723, 38.4358], [-76.6774, 38.612], [-76.6684, 38.5375], [-76.6421, 38.4544], [-76.4088, 38.2683], [-76.3411, 38.0871], [-76.7692, 38.263], [-76.8682, 38.3903], [-76.8898, 38.2921], [-77.001, 38.4452], [-77.2325, 38.4077], [-77.221, 38.541], [-77.0183, 38.7777], [-77.0305, 38.8893], [-77.0457, 38.7757], [-77.2606, 38.6], [-77.2732, 38.3518], [-77.0467, 38.3567], [-76.9063, 38.1972], [-76.5496, 38.0946], [-76.2641, 37.8934], [-76.344, 37.6756], [-76.4923, 37.6822], [-76.9398, 38.0955], [-77.1112, 38.1658], [-76.5496, 37.6692], [-76.3055, 37.5715], [-76.3678, 37.5303], [-76.2684, 37.4951], [-76.2634, 37.3571], [-76.4009, 37.3861], [-76.4538, 37.2736], [-76.7577, 37.5055], [-76.2832, 37.0527], [-76.4009, 36.9912], [-76.6309, 37.2217], [-77.2509, 37.3292], [-76.672, 37.173], [-76.488, 36.897], [-75.9995, 36.9126], [-75.534, 35.8192], [-75.9466, 36.659], [-75.9927, 36.4739], [-75.8202, 36.1128], [-76.1478, 36.2795], [-76.15, 36.1456], [-76.2706, 36.1899], [-76.2274, 36.116], [-76.3836, 36.1335], [-76.5593, 36.0153], [-76.6788, 36.0752], [-76.7335, 36.2291], [-76.7263, 35.9577], [-76.0697, 35.9703], [-76.0837, 35.6906], [-76.0013, 35.7221], [-75.979, 35.8959], [-75.8541, 35.9601], [-75.759, 35.8433], [-75.7738, 35.647], [-76.1737, 35.354], [-76.4895, 35.3969], [-76.5773, 35.5324], [-76.7415, 35.4316], [-77.0399, 35.5274], [-76.5129, 35.2704], [-76.6281, 35.0734], [-76.7793, 34.9904], [-77.0701, 35.1546], [-76.9751, 35.0251], [-76.7451, 34.9409], [-76.4567, 34.9894], [-76.3624, 34.9366], [-76.4398, 34.8429], [-76.7332, 34.707], [-77.1339, 34.708], [-77.2962, 34.603], [-77.4121, 34.7309], [-77.3797, 34.5265], [-77.7509, 34.2849], [-77.9277, 33.9398], [-77.9532, 34.1689], [-78.0133, 33.9119], [-78.4057, 33.9176], [-78.8413, 33.7241], [-79.1383, 33.4059], [-79.1938, 33.2442], [-79.2265, 33.4049], [-79.2759, 33.1354], [-79.5873, 33.0008], [-79.8051, 32.7874], [-79.9332, 32.8101], [-79.9408, 32.6671], [-80.3627, 32.5006], [-80.6341, 32.5117], [-80.4743, 32.4227], [-80.5794, 32.2873], [-80.8026, 32.448], [-80.6943, 32.2158], [-80.8491, 32.1139], [-80.9236, 31.945], [-81.1133, 31.8786], [-81.0661, 31.788], [-81.1979, 31.7041], [-81.1698, 31.6102], [-81.2595, 31.5389], [-81.1756, 31.5313], [-81.3808, 31.3534], [-81.2886, 31.264], [-81.4603, 31.127], [-81.5161, 30.8018], [-81.2494, 29.7937], [-80.8998, 29.0498], [-80.524, 28.4861], [-80.5848, 28.2716], [-80.457, 27.9007], [-80.61, 28.1775], [-80.6068, 28.5229], [-80.6935, 28.345], [-80.6885, 28.5786], [-80.8383, 28.7577], [-80.7486, 28.3809], [-80.0502, 26.8077], [-80.1265, 25.8333], [-80.1589, 25.8785], [-80.367, 25.3312], [-80.4847, 25.2299], [-81.1104, 25.138], [-81.136, 25.3097], [-80.9405, 25.2642], [-81.1133, 25.3673], [-81.3649, 25.8309], [-81.7156, 25.9833], [-81.8664, 26.4349], [-81.9589, 26.4899], [-81.8286, 26.6869], [-82.0396, 26.5521], [-82.0133, 26.9617], [-82.1811, 26.9369], [-82.1807, 26.8402], [-82.2901, 26.8709], [-82.7146, 27.4996], [-82.4057, 27.863], [-82.6753, 27.9638], [-82.6109, 27.7773], [-82.743, 27.7094], [-82.8435, 27.846], [-82.6606, 28.4859], [-82.6516, 28.8875], [-83.2906, 29.452], [-83.6945, 29.926], [-84.0441, 30.1037], [-84.3097, 30.0647], [-84.3828, 29.9074], [-85.3188, 29.6802], [-85.4139, 29.7675], [-85.4139, 29.8425], [-85.3149, 29.7581], [-85.3537, 29.8756], [-85.6759, 30.1219], [-85.6234, 30.1171], [-85.6036, 30.2868], [-85.7407, 30.2445], [-85.7559, 30.1669], [-86.4543, 30.3991], [-86.1238, 30.4059], [-86.2573, 30.493], [-87.2013, 30.3392], [-86.9856, 30.4309], [-86.9975, 30.5702], [-87.072, 30.5005], [-87.1707, 30.5388], [-87.2812, 30.3392], [-87.4759, 30.2943], [-87.4482, 30.3943], [-87.6221, 30.2648], [-88.0059, 30.2309], [-87.7902, 30.2919], [-88.0113, 30.6942], [-88.1355, 30.3667], [-88.9051, 30.4153], [-89.3206, 30.3453], [-89.5884, 30.1658], [-90.1259, 30.3691], [-90.3318, 30.2776], [-90.4132, 30.1403], [-90.1752, 30.0291], [-89.7375, 30.1719], [-89.6651, 30.1169], [-89.8152, 30.0072], [-89.6316, 29.9038], [-89.4945, 30.0581], [-89.4009, 30.0459], [-89.3544, 29.8203], [-89.7209, 29.6193], [-89.5135, 29.4202], [-89.1809, 29.3359], [-89.0157, 29.2027], [-89.1553, 29.0165], [-89.236, 29.0811], [-89.376, 28.9813], [-89.443, 29.1941], [-89.7925, 29.3333], [-89.8771, 29.4581], [-90.159, 29.5372], [-90.0528, 29.3369], [-90.2127, 29.1048], [-90.3794, 29.2951], [-90.5864, 29.2715], [-90.7509, 29.1309], [-91.2902, 29.2888], [-91.1508, 29.3178], [-91.2488, 29.5643], [-91.5141, 29.5554], [-91.6725, 29.7462], [-91.8244, 29.7507], [-91.8932, 29.8361], [-92.1354, 29.6995], [-92.084, 29.5929], [-92.2607, 29.5568], [-92.6711, 29.5971], [-93.1758, 29.779], [-93.8264, 29.7252], [-93.884, 29.81], [-93.7691, 29.9522], [-93.8415, 29.9796], [-93.9462, 29.8149], [-93.8904, 29.6894], [-94.0996, 29.6705], [-94.7595, 29.3843], [-94.5262, 29.548], [-94.7782, 29.548], [-94.7418, 29.75], [-95.023, 29.7024], [-94.8884, 29.3706], [-95.2736, 28.9639], [-96.2344, 28.489], [-96.0112, 28.6321], [-96.3734, 28.6571], [-96.4486, 28.5946], [-96.6401, 28.7088], [-96.5246, 28.4889], [-96.4212, 28.4573], [-96.6765, 28.3412], [-96.7737, 28.4215], [-96.8396, 28.1943], [-97.1564, 28.1443], [-97.1412, 28.0607], [-97.0343, 28.0938], [-97.0732, 27.9861], [-97.1715, 27.8797], [-97.4314, 27.8373], [-97.2888, 27.6707], [-97.439, 27.3282], [-97.7684, 27.4574], [-97.6924, 27.2871], [-97.485, 27.2373], [-97.5545, 26.9674], [-97.435, 26.4858], [-97.1463, 25.9616], [-97.3756, 25.8719], [-97.8015, 26.0421], [-98.2749, 26.1112], [-99.1079, 26.4469], [-99.23, 26.7619], [-99.4564, 27.0566], [-99.5054, 27.5483], [-100.2959, 28.3276], [-100.3316, 28.5026], [-100.7546, 29.1824], [-101.3802, 29.7425], [-102.3432, 29.8649], [-102.7342, 29.6439], [-102.8919, 29.2163], [-103.2576, 29.0011], [-104.4006, 29.5738], [-104.622, 29.8543], [-104.6814, 30.1343], [-104.918, 30.5834], [-106.1481, 31.4509], [-106.4454, 31.7684], [-108.212, 31.7793], [-108.2145, 31.3294], [-111.0419, 31.3242], [-114.836, 32.5083], [-114.7247, 32.7153], [-117.1281, 32.5333], [-117.1375, 32.6492], [-117.2433, 32.664], [-117.3189, 33.1001], [-117.4676, 33.2956], [-118.0807, 33.7222], [-118.4104, 33.744], [-118.3931, 33.8584], [-118.5062, 34.0174], [-119.1437, 34.112], [-119.2676, 34.2574], [-119.606, 34.418], [-120.4811, 34.4716], [-120.6446, 34.5801], [-120.659, 35.1223], [-120.8573, 35.2096], [-120.8995, 35.4252], [-121.2839, 35.6763], [-121.8772, 36.3312], [-121.9186, 36.5724], [-121.7901, 36.7323], [-121.8074, 36.8512], [-121.8808, 36.9388], [-122.1641, 36.9909], [-122.3949, 37.2075], [-122.4993, 37.5427], [-122.5141, 37.7719], [-122.4457, 37.798], [-122.2977, 37.5918], [-122.0705, 37.4783], [-122.3855, 37.9606], [-122.3143, 38.0075], [-121.5255, 38.0561], [-122.0317, 38.1236], [-122.1537, 38.0656], [-122.3935, 38.1449], [-122.4838, 38.1088], [-122.4669, 37.8381], [-122.5213, 37.8264], [-122.932, 38.0555], [-122.9986, 37.9885], [-122.9777, 38.2274], [-122.8769, 38.1234], [-122.9083, 38.1967], [-123.701, 38.9074], [-123.8327, 39.7756], [-124.3241, 40.252], [-124.3717, 40.4912], [-124.1902, 40.7718], [-124.0718, 41.4595], [-124.2446, 41.788], [-124.2118, 41.9847], [-124.3551, 42.1228], [-124.4062, 42.5837], [-124.5398, 42.8129], [-124.3465, 43.3418], [-124.1971, 43.4234], [-124.2881, 43.4098], [-124.1488, 43.6917], [-123.9292, 45.5769], [-123.9893, 46.2195], [-123.2207, 46.1537], [-123.4648, 46.271], [-124.0729, 46.2794], [-124.0444, 46.605], [-123.9461, 46.4326], [-123.8893, 46.66], [-124.0718, 46.7449], [-124.1125, 46.8627], [-123.8428, 46.9632], [-124.1117, 47.0352], [-124.1391, 46.9547], [-124.376, 47.6587], [-124.6633, 47.9742], [-124.7101, 48.3803], [-123.9757, 48.1684], [-123.1617, 48.1545], [-122.9738, 48.0733], [-122.7787, 48.1375], [-122.6566, 47.8812], [-122.7783, 47.7385], [-122.8215, 47.7932], [-123.139, 47.386], [-122.9223, 47.4077], [-123.0667, 47.3995], [-123.0602, 47.4535], [-122.5328, 47.9197], [-122.5238, 47.7694], [-122.6753, 47.6125], [-122.5573, 47.4631], [-122.5778, 47.2931], [-122.7077, 47.3164], [-122.7679, 47.2183], [-122.8283, 47.3365], [-123.0274, 47.1388], [-122.702, 47.1109], [-122.3539, 47.3716], [-122.4017, 47.7843], [-122.2419, 48.0107], [-122.4158, 48.1839], [-122.3949, 48.0841], [-122.5169, 48.1596], [-122.4086, 48.2939], [-122.6689, 48.4654], [-122.4968, 48.5057], [-122.5126, 48.6695], [-122.5619, 48.778], [-122.6858, 48.7943], [-122.7887, 48.993], [-95.162, 48.9916], [-95.1551, 49.3698], [-94.8545, 49.3047], [-94.8034, 49.0029], [-94.6209, 48.7426], [-93.7076, 48.5254], [-93.3778, 48.6166], [-92.9962, 48.6119], [-92.5005, 48.4354], [-92.4144, 48.2766], [-92.0051, 48.3017], [-91.5184, 48.0582], [-90.9161, 48.209], [-90.7444, 48.1046], [-90.0917, 48.1181], [-89.9009, 47.9954], [-89.4556, 47.9962], [-88.3781, 48.3029], [-84.876, 46.9], [-84.7795, 46.6372], [-84.5617, 46.4573], [-84.1495, 46.5426], [-84.0883, 46.2266], [-83.9778, 46.085], [-83.616, 46.1169], [-83.4695, 45.9947], [-83.5926, 45.8172], [-82.5511, 45.3473], [-82.1379, 43.5709], [-82.4082, 43.0726], [-82.5454, 42.6248], [-83.0731, 42.3002], [-83.1498, 42.1419], [-83.1419, 41.9758], [-83.0299, 41.833], [-82.6901, 41.6752], [-82.4392, 41.6749], [-81.2775, 42.2091], [-80.2475, 42.3662], [-79.0368, 42.8023], [-78.9151, 42.9091], [-79.026, 43.0172], [-79.1718, 43.4666], [-78.8457, 43.5834], [-76.8199, 43.6289], [-76.1511, 44.304], [-75.1794, 44.8993], [-74.7089, 45.004]]], [[[-68.1871, 44.3325], [-68.3092, 44.3216], [-68.3149, 44.2497], [-68.4118, 44.2943], [-68.2994, 44.4566], [-68.1871, 44.3325]]], [[[-68.6231, 44.1961], [-68.7016, 44.1827], [-68.703, 44.232], [-68.6767, 44.2563], [-68.6231, 44.1961]]], [[[-69.9778, 41.2656], [-70.0552, 41.2495], [-70.233, 41.2863], [-70.0411, 41.3973], [-69.9778, 41.2656]]], [[[-70.5099, 41.3762], [-70.7853, 41.3274], [-70.8292, 41.359], [-70.6161, 41.4572], [-70.5099, 41.3762]]], [[[-71.2414, 41.4921], [-71.3461, 41.4694], [-71.232, 41.6544], [-71.2414, 41.4921]]], [[[-71.3652, 41.4853], [-71.3929, 41.4666], [-71.3839, 41.5706], [-71.3544, 41.5424], [-71.3652, 41.4853]]], [[[-72.5097, 40.986], [-72.5809, 40.9214], [-71.9031, 41.0606], [-73.1944, 40.6543], [-73.8996, 40.5705], [-73.7992, 40.6411], [-74.0148, 40.5811], [-74.0321, 40.6387], [-73.8791, 40.7918], [-73.5738, 40.9197], [-72.6252, 40.9919], [-72.2742, 41.153], [-72.5097, 40.986]]], [[[-74.188, 40.5228], [-74.1883, 40.6147], [-74.0688, 40.6495], [-74.0796, 40.5865], [-74.188, 40.5228]]], [[[-74.1333, 39.6806], [-74.2506, 39.5293], [-74.1066, 39.7466], [-74.1333, 39.6806]]], [[[-75.3331, 37.8882], [-75.3785, 37.8721], [-75.0981, 38.2982], [-75.1362, 38.1805], [-75.3331, 37.8882]]], [[[-75.5441, 35.24], [-75.6903, 35.2216], [-75.5365, 35.2785], [-75.5034, 35.7692], [-75.4649, 35.4488], [-75.5441, 35.24]]], [[[-75.6355, 35.856], [-75.6507, 35.8357], [-75.7173, 35.946], [-75.6489, 35.9105], [-75.6355, 35.856]]], [[[-75.7821, 35.1902], [-75.9635, 35.1188], [-75.984, 35.123], [-75.8649, 35.174], [-75.7821, 35.1902]]], [[[-76.5035, 34.6431], [-76.4369, 34.7564], [-76.2072, 34.9389], [-76.3577, 34.8036], [-76.5035, 34.6431]]], [[[-76.5463, 34.6549], [-76.6079, 34.6636], [-76.6738, 34.7002], [-76.6223, 34.6947], [-76.5463, 34.6549]]], [[[-80.1867, 27.2784], [-80.1705, 27.2048], [-80.4369, 27.8505], [-80.3958, 27.7946], [-80.1867, 27.2784]]], [[[-80.3818, 25.1424], [-80.5805, 24.9542], [-80.2572, 25.3475], [-80.3818, 25.1424]]], [[[-80.6385, 24.903], [-80.6651, 24.8984], [-80.6147, 24.9379], [-80.6385, 24.903]]], [[[-80.8293, 24.8036], [-80.8483, 24.8036], [-80.7853, 24.8352], [-80.7868, 24.8209], [-80.8293, 24.8036]]], [[[-81.0442, 24.7168], [-81.1374, 24.7104], [-80.9304, 24.7595], [-80.9887, 24.7279], [-81.0442, 24.7168]]], [[[-81.3347, 24.6505], [-81.379, 24.6363], [-81.42, 24.75], [-81.3225, 24.685], [-81.3347, 24.6505]]], [[[-81.4189, 30.9714], [-81.4636, 30.7278], [-81.4845, 30.8978], [-81.4189, 30.9714]]], [[[-81.5665, 24.5998], [-81.6313, 24.5901], [-81.5622, 24.6892], [-81.5323, 24.6142], [-81.5665, 24.5998]]], [[[-81.784, 24.5446], [-81.8113, 24.5578], [-81.7386, 24.5753], [-81.7397, 24.5545], [-81.784, 24.5446]]], [[[-82.0371, 26.4537], [-82.1451, 26.4467], [-82.2012, 26.5481], [-82.1159, 26.4609], [-82.0371, 26.4537]]], [[[-82.0839, 26.5522], [-82.0853, 26.4936], [-82.1692, 26.7006], [-82.1213, 26.6654], [-82.0839, 26.5522]]], [[[-84.9081, 29.6427], [-85.0081, 29.6066], [-85.1169, 29.6328], [-84.7371, 29.7325], [-84.9081, 29.6427]]], [[[-88.0714, 30.2525], [-88.1592, 30.2309], [-88.3162, 30.2405], [-88.1095, 30.2738], [-88.0714, 30.2525]]], [[[-88.5581, 30.216], [-88.6593, 30.2257], [-88.723, 30.2643], [-88.5739, 30.2292], [-88.5581, 30.216]]], [[[-88.8274, 29.8078], [-88.8558, 29.7758], [-88.867, 30.0567], [-88.8126, 29.9333], [-88.8274, 29.8078]]], [[[-88.8893, 29.7127], [-88.9437, 29.6603], [-88.8727, 29.7529], [-88.8893, 29.7127]]], [[[-89.2241, 30.0841], [-89.2205, 30.0376], [-89.3418, 30.0627], [-89.1845, 30.1686], [-89.2241, 30.0841]]], [[[-91.7938, 29.5007], [-91.8309, 29.4865], [-92.0066, 29.6103], [-91.8752, 29.641], [-91.7542, 29.5669], [-91.7938, 29.5007]]], [[[-95.0396, 29.1458], [-95.0896, 29.1363], [-94.7678, 29.3392], [-94.865, 29.2527], [-95.0396, 29.1458]]], [[[-96.7643, 28.1525], [-96.7557, 28.2025], [-96.4036, 28.3814], [-96.4133, 28.3377], [-96.7643, 28.1525]]], [[[-97.0145, 27.9017], [-96.9785, 28.0138], [-96.8576, 28.1329], [-96.8399, 28.0888], [-97.0145, 27.9017]]], [[[-97.3536, 27.3], [-97.385, 27.2425], [-97.295, 27.523], [-97.0606, 27.822], [-97.3536, 27.3]]], [[[-97.1708, 26.1595], [-97.4022, 26.8206], [-97.386, 27.1965], [-97.3511, 26.8015], [-97.1708, 26.1595]]], [[[-118.3478, 33.3856], [-118.2974, 33.312], [-118.4464, 33.3171], [-118.5695, 33.4641], [-118.3478, 33.3856]]], [[[-118.3503, 32.8276], [-118.4731, 32.8391], [-118.5901, 33.0113], [-118.5569, 33.0328], [-118.3503, 32.8276]]], [[[-119.4379, 33.2173], [-119.5437, 33.2246], [-119.575, 33.2784], [-119.4789, 33.2745], [-119.4379, 33.2173]]], [[[-119.8825, 34.0797], [-119.5693, 34.053], [-119.5491, 34.0282], [-119.8097, 33.9678], [-119.8825, 34.0797]]], [[[-120.0434, 33.9188], [-120.1672, 33.9181], [-120.2518, 34.0139], [-120.0718, 34.0266], [-119.984, 33.9733], [-120.0434, 33.9188]]], [[[-120.3065, 34.0249], [-120.3598, 34.0223], [-120.4415, 34.0329], [-120.3677, 34.0733], [-120.3065, 34.0249]]], [[[-122.5727, 48.1566], [-122.5238, 48.0254], [-122.5029, 48.0801], [-122.3668, 47.9855], [-122.383, 47.9232], [-122.5576, 47.9924], [-122.7416, 48.2252], [-122.6285, 48.3842], [-122.5425, 48.2939], [-122.6969, 48.2286], [-122.5727, 48.1566]]], [[[-122.3942, 47.3952], [-122.5097, 47.3579], [-122.4863, 47.4887], [-122.4687, 47.49], [-122.3942, 47.3952]]], [[[-122.4971, 47.5946], [-122.576, 47.6196], [-122.5497, 47.704], [-122.5079, 47.6828], [-122.4971, 47.5946]]], [[[-122.7823, 48.6728], [-122.9029, 48.6648], [-122.8924, 48.5945], [-123.0029, 48.6523], [-122.8978, 48.7105], [-122.7823, 48.6728]]], [[[-122.8208, 48.4314], [-122.9216, 48.4571], [-122.9122, 48.5381], [-122.869, 48.5487], [-122.8208, 48.4314]]], [[[-122.8532, 47.2048], [-122.9079, 47.2261], [-122.8852, 47.2747], [-122.8492, 47.2163], [-122.8532, 47.2048]]], [[[-123.013, 48.501], [-123.1401, 48.5081], [-123.1621, 48.6065], [-123.1142, 48.6133], [-123.013, 48.501]]], [[[-130.0251, 55.8882], [-130.1464, 55.6546], [-130.0366, 55.2979], [-130.2141, 55.0259], [-130.5752, 54.7698], [-130.8495, 54.8076], [-131.0479, 55.1577], [-130.7484, 55.3179], [-130.856, 55.355], [-130.9186, 55.736], [-131.1278, 55.9601], [-131.0328, 56.088], [-131.7841, 55.8766], [-131.945, 55.5543], [-132.1189, 55.5699], [-132.2074, 55.7533], [-131.8438, 56.16], [-131.5515, 56.2067], [-131.8878, 56.2418], [-132.1819, 56.4207], [-132.3576, 56.6258], [-132.476, 56.6496], [-132.4872, 56.7664], [-132.8022, 56.895], [-132.8245, 57.0558], [-133.466, 57.1722], [-133.4368, 57.3369], [-133.6489, 57.6422], [-133.5542, 57.695], [-133.1172, 57.5662], [-133.5351, 57.8328], [-133.1942, 57.8776], [-133.5592, 57.9245], [-133.7223, 57.8441], [-134.0312, 58.0722], [-134.0452, 58.2893], [-133.8768, 58.5182], [-134.2087, 58.2331], [-134.776, 58.4538], [-134.9647, 58.7421], [-135.1317, 58.843], [-135.3636, 59.4194], [-135.4842, 59.3086], [-135.4003, 59.208], [-135.5025, 59.2022], [-135.3862, 59.0875], [-135.0619, 58.3408], [-135.0903, 58.2459], [-135.3027, 58.256], [-135.5716, 58.412], [-135.8974, 58.4002], [-135.8618, 58.5771], [-136.0432, 58.8216], [-135.8265, 58.898], [-136.0166, 58.874], [-136.1502, 59.0481], [-136.1242, 58.8195], [-136.2258, 58.7654], [-136.5663, 58.941], [-136.989, 59.0346], [-136.9479, 58.9349], [-137.0592, 58.8738], [-136.6138, 58.8091], [-136.4101, 58.7006], [-136.4839, 58.6177], [-136.2247, 58.6022], [-136.0616, 58.4528], [-136.0814, 58.3643], [-136.6074, 58.244], [-137.5441, 58.5812], [-138.0268, 58.9415], [-138.5604, 59.1292], [-138.515, 59.166], [-139.7991, 59.5462], [-139.5129, 59.6979], [-139.582, 59.8484], [-139.5122, 59.9536], [-139.3311, 59.877], [-139.2868, 59.6108], [-139.221, 59.8199], [-138.988, 59.835], [-139.4316, 60.0123], [-139.9168, 59.8057], [-140.4198, 59.7108], [-141.4083, 59.9029], [-141.2899, 60.0041], [-141.4087, 60.1176], [-141.4472, 60.0194], [-141.67, 59.9699], [-142.9455, 60.097], [-144.1472, 60.0164], [-144.0885, 60.0843], [-144.1854, 60.1508], [-144.9014, 60.3351], [-144.6912, 60.6692], [-145.2484, 60.38], [-145.899, 60.4781], [-145.675, 60.6511], [-146.5704, 60.7292], [-146.3922, 60.8108], [-146.6384, 60.8973], [-146.5992, 61.0535], [-146.2849, 61.1127], [-146.5826, 61.1278], [-147.3613, 60.9144], [-147.5672, 60.995], [-147.8077, 60.8855], [-147.9909, 60.9483], [-147.7519, 61.2189], [-148.0492, 61.0826], [-148.3419, 61.0604], [-148.4107, 61.0115], [-148.2087, 61.0299], [-148.3444, 60.8535], [-148.5561, 60.827], [-148.2566, 60.6754], [-148.3048, 60.5835], [-148.64, 60.4894], [-148.1191, 60.5753], [-147.9643, 60.4849], [-148.1817, 60.3931], [-148.1976, 60.1678], [-148.4308, 59.9892], [-149.2668, 59.9984], [-149.3953, 60.1058], [-149.598, 59.7705], [-149.7139, 59.9196], [-149.7949, 59.8559], [-149.7826, 59.7503], [-150.0055, 59.7845], [-149.9666, 59.6899], [-150.1981, 59.5665], [-150.6074, 59.5632], [-150.9347, 59.2491], [-151.1827, 59.3008], [-151.1708, 59.2369], [-151.7382, 59.1885], [-151.9495, 59.2651], [-151.8498, 59.4063], [-151.3998, 59.5162], [-151.0466, 59.7719], [-151.4502, 59.6504], [-151.7637, 59.7], [-151.8534, 59.7821], [-151.7346, 59.9883], [-151.3962, 60.2745], [-151.3127, 60.4665], [-151.3217, 60.743], [-150.4411, 61.0236], [-150.1131, 60.9328], [-149.0752, 60.8764], [-150.0534, 61.1711], [-149.329, 61.4974], [-149.4334, 61.5009], [-149.6952, 61.4707], [-149.9756, 61.2793], [-150.5671, 61.3067], [-150.9455, 61.1982], [-151.7339, 60.9108], [-151.7504, 60.7549], [-152.2706, 60.5281], [-152.2602, 60.4094], [-152.3689, 60.3363], [-152.654, 60.2384], [-153.0252, 60.2957], [-152.6648, 60.1252], [-152.6601, 59.9973], [-153.2113, 59.8429], [-153.0245, 59.7941], [-153.0936, 59.7092], [-153.3639, 59.6597], [-153.4143, 59.7403], [-153.6527, 59.6469], [-153.6095, 59.615], [-153.7527, 59.5098], [-154.0883, 59.3633], [-154.1783, 59.1555], [-153.4183, 58.9599], [-153.3272, 58.8844], [-153.4377, 58.7548], [-153.8618, 58.5878], [-154.0857, 58.3658], [-154.2891, 58.3044], [-154.2081, 58.2888], [-154.247, 58.1595], [-155.007, 58.0161], [-155.7781, 57.5681], [-156.4358, 57.36], [-156.4005, 57.2049], [-156.6291, 57.0099], [-157.4406, 56.7904], [-157.5785, 56.6345], [-157.869, 56.6453], [-158.0785, 56.5521], [-157.9298, 56.5205], [-158.4144, 56.436], [-158.5523, 56.3127], [-158.3863, 56.3016], [-158.2758, 56.1961], [-158.4763, 56.0755], [-158.5911, 56.1845], [-158.7899, 55.987], [-159.5232, 55.8099], [-159.6596, 55.6259], [-159.6783, 55.8247], [-159.7712, 55.8412], [-160.4991, 55.5374], [-160.8966, 55.5137], [-161.1781, 55.389], [-161.4639, 55.3826], [-161.4132, 55.5362], [-161.2022, 55.5437], [-161.5169, 55.6185], [-162.0741, 55.1393], [-162.3863, 55.0523], [-162.4953, 55.2084], [-162.6303, 55.2465], [-162.6743, 54.9966], [-162.8651, 54.9546], [-163.1196, 55.0646], [-163.1311, 54.9166], [-163.3352, 54.8392], [-163.2787, 55.1217], [-162.9065, 55.1955], [-162.1573, 55.7195], [-161.6972, 55.9071], [-161.2155, 56.0213], [-161.1925, 55.9543], [-160.8987, 55.9936], [-161.0053, 55.8872], [-160.803, 55.7544], [-160.7065, 55.8705], [-160.2918, 55.8051], [-160.5391, 56.0062], [-160.3022, 56.3141], [-158.918, 56.8822], [-158.895, 56.8164], [-158.675, 56.7949], [-158.6606, 57.0393], [-158.3208, 57.2979], [-157.8456, 57.528], [-157.4618, 57.5062], [-157.6973, 57.6794], [-157.6109, 58.051], [-157.5551, 58.14], [-157.1936, 58.1942], [-157.4885, 58.2537], [-157.5237, 58.4214], [-156.9747, 58.7362], [-157.0406, 58.7725], [-156.8088, 59.1344], [-157.1421, 58.8777], [-158.1908, 58.6142], [-158.5033, 58.8504], [-158.4255, 58.9993], [-158.0807, 58.9775], [-158.4227, 59.0899], [-158.6783, 58.9294], [-158.8093, 58.974], [-158.8615, 58.7187], [-158.7888, 58.441], [-158.9508, 58.4045], [-159.6704, 58.9112], [-159.9203, 58.8199], [-160.3631, 59.0512], [-161.2469, 58.7994], [-161.3613, 58.6694], [-162.1451, 58.6442], [-161.7242, 58.7942], [-161.7887, 59.0165], [-161.6443, 59.1097], [-161.8909, 59.0761], [-161.9809, 59.1462], [-162.0234, 59.284], [-161.8286, 59.5886], [-162.2426, 60.1784], [-162.4212, 60.2839], [-162.1389, 60.6143], [-161.9467, 60.6848], [-162.1379, 60.6857], [-162.6851, 60.269], [-162.527, 60.1992], [-162.5706, 59.9897], [-163.2193, 59.8456], [-163.9069, 59.8069], [-164.1427, 59.8968], [-164.1315, 59.9942], [-164.6622, 60.3038], [-165.0611, 60.4125], [-165.0265, 60.5005], [-165.3537, 60.5411], [-164.8051, 60.8921], [-164.3184, 60.7713], [-164.2658, 60.7247], [-164.3724, 60.592], [-163.9994, 60.766], [-163.7301, 60.5901], [-163.4209, 60.7575], [-163.9065, 60.8539], [-163.5869, 60.903], [-163.7489, 60.9698], [-163.9947, 60.8648], [-165.1147, 60.9328], [-165.1755, 60.9656], [-164.8688, 61.1118], [-165.0773, 61.0943], [-165.1277, 61.1923], [-165.3447, 61.1977], [-165.2735, 61.2748], [-165.3919, 61.2123], [-165.3807, 61.1062], [-165.5658, 61.1022], [-165.6914, 61.2999], [-165.8639, 61.3357], [-165.9063, 61.4037], [-165.7973, 61.4912], [-165.8451, 61.5363], [-166.0939, 61.5068], [-166.1681, 61.6509], [-165.8088, 61.6962], [-166.0788, 61.8031], [-165.6129, 61.8692], [-165.7253, 61.9593], [-165.7073, 62.1004], [-165.1946, 62.4736], [-164.7579, 62.4968], [-164.8443, 62.581], [-164.5895, 62.7094], [-164.7925, 62.6232], [-164.7997, 62.9181], [-164.6773, 63.0205], [-164.3843, 63.0304], [-164.525, 63.1276], [-164.4091, 63.215], [-163.9429, 63.2473], [-163.6164, 63.1251], [-163.7377, 63.0163], [-163.5044, 63.1059], [-163.2877, 63.0463], [-162.6213, 63.2659], [-162.2829, 63.5292], [-161.9741, 63.453], [-161.5053, 63.4683], [-160.9268, 63.6606], [-160.7785, 63.8189], [-160.9877, 64.2514], [-161.2202, 64.3967], [-161.4906, 64.4338], [-161.4146, 64.5263], [-160.9319, 64.5791], [-160.8361, 64.6818], [-160.8869, 64.7955], [-161.1302, 64.9255], [-161.4665, 64.7948], [-161.7595, 64.8162], [-162.3348, 64.6127], [-162.711, 64.3776], [-163.2038, 64.652], [-163.3028, 64.6058], [-163.0519, 64.5197], [-163.1444, 64.4239], [-163.7132, 64.5883], [-164.304, 64.5839], [-164.9786, 64.4536], [-166.1429, 64.5827], [-166.4813, 64.728], [-166.4154, 64.9265], [-166.9284, 65.157], [-166.5309, 65.1548], [-166.4517, 65.2473], [-166.1569, 65.2858], [-167.4039, 65.4221], [-167.9871, 65.5677], [-168.0883, 65.6578], [-167.9306, 65.748], [-167.9144, 65.6812], [-167.4054, 65.8595], [-167.0742, 65.8772], [-166.3988, 66.1444], [-165.6299, 66.1313], [-165.56, 66.1672], [-165.8401, 66.2451], [-165.812, 66.2885], [-164.4606, 66.5884], [-163.7276, 66.6164], [-163.6383, 66.5745], [-163.8939, 66.5758], [-163.7755, 66.531], [-163.8939, 66.2869], [-164.0336, 66.2156], [-163.6952, 66.0839], [-161.9337, 66.0429], [-161.4553, 66.2814], [-161.0341, 66.1889], [-161.1201, 66.3343], [-161.5446, 66.407], [-161.8283, 66.3708], [-161.9168, 66.4117], [-161.8877, 66.493], [-162.1911, 66.6933], [-162.4673, 66.7358], [-162.6073, 66.8944], [-162.3618, 66.9474], [-162.0176, 66.7842], [-162.0507, 66.6674], [-161.9096, 66.5596], [-161.591, 66.4595], [-161.1558, 66.4952], [-160.6507, 66.373], [-160.2317, 66.4202], [-160.2626, 66.5725], [-160.3609, 66.6124], [-160.8642, 66.6709], [-161.3981, 66.5518], [-161.8567, 66.7004], [-161.8787, 66.804], [-161.6223, 66.9793], [-161.7199, 67.0206], [-162.3917, 67.0199], [-162.4093, 67.1039], [-162.5832, 67.0185], [-163.5318, 67.1025], [-163.7204, 67.1955], [-164.1251, 67.6067], [-165.3861, 68.0457], [-166.7862, 68.3595], [-166.3805, 68.4252], [-166.1821, 68.7972], [-166.2091, 68.8854], [-164.3022, 68.9364], [-163.5357, 69.17], [-163.1613, 69.388], [-163.0937, 69.6107], [-162.9522, 69.758], [-161.8808, 70.3319], [-161.7609, 70.2577], [-162.0738, 70.1621], [-160.9963, 70.3046], [-160.1172, 70.5912], [-159.9631, 70.5682], [-160.1064, 70.4726], [-160.0056, 70.4476], [-160.0952, 70.3334], [-159.8655, 70.2789], [-159.8151, 70.4971], [-159.3867, 70.5245], [-159.746, 70.5304], [-160.0815, 70.6349], [-159.6809, 70.7868], [-159.3144, 70.8784], [-159.1916, 70.8597], [-159.3399, 70.7812], [-159.251, 70.7484], [-157.9093, 70.86], [-156.4704, 71.4076], [-156.3951, 71.3967], [-156.5672, 71.3416], [-155.5794, 71.1212], [-156.1467, 70.9277], [-155.9736, 70.842], [-155.5794, 70.8942], [-155.1668, 71.0994], [-154.944, 71.0832], [-154.6736, 70.9872], [-154.7852, 70.8942], [-154.1952, 70.801], [-153.2329, 70.9326], [-152.3005, 70.8466], [-152.2328, 70.8104], [-152.4708, 70.6536], [-152.1731, 70.5566], [-151.7691, 70.5601], [-151.9448, 70.4521], [-149.2693, 70.5007], [-148.4791, 70.318], [-148.1428, 70.3555], [-147.7054, 70.2173], [-145.823, 70.1602], [-145.1973, 70.0087], [-144.6192, 69.9821], [-143.2184, 70.1163], [-141.408, 69.6534], [-141.0022, 69.6508], [-141.0022, 60.3002], [-140.5256, 60.2183], [-140.4529, 60.2997], [-139.9734, 60.1832], [-139.6764, 60.3283], [-139.0791, 60.3436], [-139.1853, 60.0836], [-138.7054, 59.9013], [-138.6324, 59.7783], [-137.5934, 59.2264], [-137.4843, 58.9914], [-137.521, 58.9155], [-137.4386, 58.9032], [-136.8133, 59.15], [-136.5789, 59.1522], [-136.4666, 59.28], [-136.4662, 59.4591], [-136.247, 59.5329], [-136.3219, 59.6047], [-135.4759, 59.7934], [-135.0511, 59.5785], [-135.0712, 59.4414], [-134.9438, 59.2883], [-134.4409, 59.0854], [-134.2969, 58.8985], [-133.8206, 58.705], [-133.4012, 58.411], [-133.4224, 58.337], [-132.2323, 57.1986], [-132.3381, 57.0794], [-132.0314, 57.0264], [-132.1045, 56.8567], [-131.8662, 56.7928], [-131.8244, 56.5899], [-131.5753, 56.5988], [-130.7419, 56.3409], [-130.4773, 56.2306], [-130.4132, 56.1225], [-130.0978, 56.1091], [-130.0251, 55.8882]]], [[[-130.9791, 55.4892], [-131.1879, 55.2063], [-131.4208, 55.2759], [-131.4475, 55.4088], [-131.7625, 55.1658], [-131.8111, 55.2231], [-131.846, 55.4163], [-131.6476, 55.5855], [-131.625, 55.8316], [-131.2693, 55.9554], [-130.9978, 55.7277], [-130.9791, 55.4892]]], [[[-131.3398, 55.0797], [-131.2322, 54.9037], [-131.4061, 54.8944], [-131.4817, 55.0353], [-131.5922, 55.0256], [-131.5785, 55.2488], [-131.4046, 55.2132], [-131.3398, 55.0797]]], [[[-133.5661, 56.3393], [-133.2028, 56.3199], [-133.0819, 56.1942], [-133.0966, 56.0901], [-132.5977, 55.895], [-132.1729, 55.4807], [-132.5113, 55.594], [-132.6312, 55.4732], [-132.418, 55.4829], [-132.1603, 55.3229], [-132.2067, 55.2243], [-131.9763, 55.2085], [-132.0217, 54.7264], [-132.1894, 54.7349], [-132.3414, 54.9072], [-132.5494, 54.9525], [-132.6222, 55.136], [-132.7017, 55.1304], [-132.7042, 55.0301], [-132.7824, 55.0485], [-133.1186, 55.3276], [-132.9588, 55.3956], [-133.0826, 55.5041], [-133.0333, 55.5897], [-133.2982, 55.6069], [-133.6802, 55.7851], [-133.4116, 55.7983], [-133.2414, 55.9208], [-133.3713, 56.0359], [-133.7425, 55.9647], [-133.5308, 56.1456], [-133.5945, 56.2162], [-133.5661, 56.3393]]], [[[-132.1124, 56.1093], [-132.1329, 55.9432], [-132.3687, 55.9398], [-132.4512, 56.0562], [-132.66, 56.0781], [-132.6992, 56.1982], [-132.3799, 56.4988], [-132.067, 56.2444], [-132.1124, 56.1093]]], [[[-132.7467, 56.5257], [-132.948, 56.5672], [-132.8425, 56.7947], [-132.5678, 56.5759], [-132.7467, 56.5257]]], [[[-132.8623, 54.8944], [-132.6171, 54.8925], [-132.7057, 54.6842], [-133.0088, 54.8548], [-133.2511, 55.175], [-133.4181, 55.2106], [-133.4289, 55.3038], [-133.2964, 55.3257], [-133.0974, 55.2137], [-132.8623, 54.8944]]], [[[-132.7798, 56.2473], [-132.8914, 56.2595], [-133.0376, 56.365], [-132.9019, 56.4538], [-132.6434, 56.4353], [-132.6466, 56.3133], [-132.7798, 56.2473]]], [[[-133.3663, 57.0035], [-133.0707, 56.9742], [-132.9541, 56.8803], [-133.0041, 56.6238], [-133.3288, 56.83], [-133.1568, 56.6111], [-133.1809, 56.474], [-133.6028, 56.4641], [-133.6809, 56.7975], [-133.9794, 57.0094], [-133.866, 57.0686], [-133.3663, 57.0035]]], [[[-133.3051, 55.5439], [-133.2817, 55.4979], [-133.6503, 55.2693], [-133.6348, 55.4133], [-133.7371, 55.497], [-133.3051, 55.5439]]], [[[-133.9894, 56.8449], [-133.7385, 56.6505], [-133.8552, 56.5821], [-133.9498, 56.1277], [-134.1896, 56.0769], [-134.245, 56.2032], [-134.1954, 56.4136], [-134.0845, 56.4565], [-134.2904, 56.58], [-134.3736, 56.8386], [-134.1432, 56.9322], [-133.9894, 56.8449]]], [[[-134.6803, 58.1617], [-134.24, 58.144], [-133.8228, 57.6287], [-134.1802, 58.0112], [-134.307, 58.0345], [-134.267, 57.8845], [-133.9369, 57.5817], [-133.9736, 57.4513], [-133.9088, 57.3687], [-134.4355, 57.057], [-134.613, 57.138], [-134.4866, 57.482], [-134.6598, 57.6381], [-134.9236, 58.3547], [-134.6803, 58.1617]]], [[[-134.3127, 58.2289], [-134.4564, 58.2065], [-134.6616, 58.291], [-134.5201, 58.3325], [-134.3127, 58.2289]]], [[[-134.9697, 57.3515], [-134.6209, 56.7184], [-134.6817, 56.2161], [-134.9805, 56.5189], [-134.8833, 56.6791], [-135.018, 56.6602], [-135.1591, 56.7253], [-135.163, 56.8241], [-135.3304, 56.8218], [-135.1998, 57.0273], [-135.3412, 57.0815], [-135.455, 57.2495], [-135.662, 57.0337], [-135.8125, 57.0094], [-135.8229, 57.2805], [-135.6246, 57.3545], [-135.4485, 57.5345], [-134.9697, 57.3515]]], [[[-135.7304, 58.2443], [-135.5875, 58.1468], [-135.693, 58.0387], [-135.6134, 57.992], [-135.3466, 58.1242], [-134.9546, 58.0154], [-134.9708, 57.8172], [-135.3384, 57.7686], [-134.9787, 57.7243], [-134.8732, 57.5891], [-134.9316, 57.4812], [-135.5641, 57.6664], [-135.6919, 57.4199], [-135.9108, 57.4466], [-136.0767, 57.6745], [-136.5685, 57.9722], [-136.3219, 58.219], [-136.1437, 58.0985], [-136.0944, 58.1982], [-135.7304, 58.2443]]], [[[-144.5655, 59.8184], [-144.4449, 59.9506], [-144.2358, 60.0152], [-144.2491, 59.9822], [-144.5655, 59.8184]]], [[[-145.1185, 60.337], [-145.1505, 60.3127], [-145.2844, 60.3368], [-145.1282, 60.401], [-145.1185, 60.337]]], [[[-146.394, 60.4496], [-146.1024, 60.4111], [-146.5952, 60.2684], [-146.7028, 60.3955], [-146.5603, 60.4805], [-146.394, 60.4496]]], [[[-147.736, 59.8134], [-147.8725, 59.8285], [-147.1809, 60.3582], [-146.9577, 60.2889], [-147.4992, 59.8902], [-147.736, 59.8134]]], [[[-147.6583, 60.4505], [-147.7321, 60.2221], [-147.816, 60.1851], [-147.8916, 60.2993], [-147.7944, 60.4599], [-147.6583, 60.4505]]], [[[-148.0219, 60.0654], [-148.0741, 60.0348], [-148.2717, 60.0532], [-148.0795, 60.1516], [-147.9142, 60.0923], [-148.0219, 60.0654]]], [[[-147.9308, 60.8263], [-148.0575, 60.8179], [-148.1238, 60.8443], [-148.0377, 60.9242], [-147.9308, 60.8263]]], [[[-152.0208, 60.3616], [-151.9596, 60.5036], [-151.8995, 60.4903], [-151.8872, 60.4727], [-152.0208, 60.3616]]], [[[-152.4168, 58.3603], [-152.1252, 58.3743], [-151.9743, 58.3099], [-151.9826, 58.2443], [-152.109, 58.1612], [-152.2685, 58.2518], [-152.3091, 58.1339], [-152.5377, 58.101], [-152.5982, 58.1626], [-152.9283, 57.9937], [-153.3812, 58.0873], [-152.9762, 58.2971], [-152.7717, 58.2785], [-152.8412, 58.4163], [-152.6123, 58.4457], [-152.4168, 58.3603]]], [[[-153.292, 57.1748], [-153.7326, 57.0523], [-153.6433, 56.9607], [-153.9727, 56.7742], [-154.071, 56.8206], [-153.7931, 56.9895], [-154.103, 57.0212], [-154.035, 57.1219], [-154.2438, 57.1431], [-154.3809, 57.0966], [-154.2391, 57.0868], [-154.1844, 57.0053], [-154.3388, 56.9209], [-154.706, 57.3354], [-154.5354, 57.5594], [-154.1163, 57.6513], [-153.6876, 57.3052], [-153.8381, 57.6358], [-153.6933, 57.6634], [-153.9061, 57.7906], [-153.8417, 57.8628], [-153.6955, 57.8712], [-153.4878, 57.7309], [-153.2174, 57.7957], [-153.1688, 57.9106], [-153.2261, 57.9576], [-153.1605, 57.972], [-152.8502, 57.8967], [-152.8981, 57.8238], [-152.8909, 57.7689], [-152.4287, 57.8257], [-152.4827, 57.7033], [-152.2163, 57.577], [-152.4121, 57.4548], [-152.9409, 57.4982], [-152.9975, 57.469], [-152.7815, 57.4534], [-152.6792, 57.3451], [-153.2621, 57.1831], [-152.9085, 57.1524], [-153.0072, 57.125], [-153.2955, 57.0004], [-153.3747, 57.0518], [-153.292, 57.1748]]], [[[-152.4863, 58.4851], [-152.6367, 58.5416], [-152.3678, 58.6111], [-152.3624, 58.5708], [-152.4863, 58.4851]]], [[[-153.2405, 57.85], [-153.2948, 57.8295], [-153.5202, 57.9557], [-153.347, 57.9328], [-153.2405, 57.85]]], [[[-154.2085, 56.5149], [-154.3223, 56.5707], [-154.1106, 56.6029], [-154.116, 56.5439], [-154.2085, 56.5149]]], [[[-154.683, 56.4358], [-154.7773, 56.44], [-154.6236, 56.5613], [-154.445, 56.5733], [-154.683, 56.4358]]], [[[-155.5812, 19.0121], [-155.6809, 18.9677], [-155.8814, 19.0706], [-155.8908, 19.3825], [-156.0488, 19.7499], [-155.8202, 20.0143], [-155.8929, 20.1673], [-155.8317, 20.2758], [-155.1989, 19.9945], [-155.066, 19.7482], [-154.8043, 19.5245], [-155.0534, 19.3191], [-155.3097, 19.2601], [-155.5812, 19.0121]]], [[[-155.5661, 55.8212], [-155.6805, 55.7919], [-155.7374, 55.8297], [-155.5938, 55.9243], [-155.5661, 55.8212]]], [[[-156.4869, 20.9326], [-156.2774, 20.9513], [-155.9898, 20.7571], [-156.1071, 20.6446], [-156.4088, 20.6051], [-156.4801, 20.8012], [-156.6155, 20.8219], [-156.6979, 20.9491], [-156.5856, 21.0343], [-156.4869, 20.9326]]], [[[-157.2138, 21.2153], [-156.9524, 21.1997], [-156.7123, 21.1551], [-156.8599, 21.0563], [-157.2905, 21.1126], [-157.2138, 21.2153]]], [[[-156.8495, 20.7727], [-156.9733, 20.7576], [-157.0507, 20.9125], [-156.8804, 20.9048], [-156.8095, 20.8312], [-156.8495, 20.7727]]], [[[-157.7995, 21.4566], [-157.721, 21.4576], [-157.6353, 21.3075], [-157.7988, 21.2686], [-157.9784, 21.3785], [-157.9809, 21.316], [-158.1102, 21.3186], [-158.2733, 21.5854], [-157.9626, 21.7015], [-157.7995, 21.4566]]], [[[-159.3727, 21.9323], [-159.6089, 21.9096], [-159.7892, 22.0418], [-159.5793, 22.223], [-159.3522, 22.2196], [-159.3007, 22.1052], [-159.3727, 21.9323]]], [[[-159.3619, 54.9725], [-159.4213, 54.978], [-159.462, 55.0587], [-159.3903, 55.0409], [-159.3619, 54.9725]]], [[[-159.5153, 55.1518], [-159.5351, 55.0596], [-159.6485, 55.0745], [-159.5747, 55.2177], [-159.5153, 55.1518]]], [[[-159.8731, 55.1287], [-160.1697, 54.9418], [-160.227, 54.9227], [-160.1719, 55.123], [-159.9206, 55.2675], [-159.8731, 55.1287]]], [[[-160.1802, 21.841], [-160.2345, 21.8037], [-160.2209, 21.8973], [-160.0488, 22.0047], [-160.1802, 21.841]]], [[[-160.3292, 55.3377], [-160.3433, 55.2587], [-160.5175, 55.3338], [-160.3623, 55.3569], [-160.3292, 55.3377]]], [[[-160.6849, 55.3147], [-160.5528, 55.3809], [-160.583, 55.3075], [-160.4876, 55.1847], [-160.7951, 55.1452], [-160.8397, 55.3354], [-160.7238, 55.4047], [-160.6849, 55.3147]]], [[[-160.9189, 58.5771], [-161.0701, 58.5691], [-161.1317, 58.6682], [-160.7151, 58.7951], [-160.9189, 58.5771]]], [[[-162.2981, 54.847], [-162.3909, 54.873], [-162.4338, 54.9315], [-162.2646, 54.9834], [-162.2981, 54.847]]], [[[-162.5544, 54.4013], [-162.7329, 54.4021], [-162.8204, 54.4947], [-162.6455, 54.462], [-162.5544, 54.4013]]], [[[-163.476, 54.9806], [-163.3788, 54.8156], [-163.0832, 54.6691], [-163.3583, 54.7357], [-163.5829, 54.6257], [-164.0732, 54.621], [-164.5909, 54.4042], [-164.8235, 54.419], [-164.9041, 54.5448], [-164.4786, 54.9069], [-163.8072, 55.049], [-163.476, 54.9806]]], [[[-165.5611, 54.1368], [-165.654, 54.2532], [-165.5507, 54.2845], [-165.4077, 54.1968], [-165.5611, 54.1368]]], [[[-166.1353, 60.3835], [-165.7296, 60.3143], [-165.7123, 60.0694], [-165.5917, 59.9132], [-166.1, 59.8496], [-166.1486, 59.7642], [-167.139, 60.0086], [-167.4363, 60.2066], [-166.8362, 60.2171], [-166.7844, 60.2964], [-166.4755, 60.3826], [-166.1353, 60.3835]]], [[[-165.8415, 54.0706], [-166.0363, 54.0472], [-166.1058, 54.1448], [-165.893, 54.2069], [-165.6929, 54.1], [-165.8415, 54.0706]]], [[[-166.1097, 66.2274], [-166.1486, 66.2219], [-165.8221, 66.3281], [-165.83, 66.3171], [-166.1097, 66.2274]]], [[[-166.2098, 53.7233], [-166.2509, 53.7678], [-166.1137, 53.8431], [-166.1385, 53.7874], [-166.2098, 53.7233]]], [[[-166.6152, 53.9009], [-166.4975, 53.8835], [-166.3722, 53.999], [-166.2307, 53.9327], [-166.5493, 53.7011], [-166.3095, 53.6977], [-166.7703, 53.476], [-167.6286, 53.2594], [-167.8089, 53.3238], [-167.1361, 53.5263], [-167.0159, 53.6985], [-166.8186, 53.6414], [-166.7412, 53.7129], [-167.0713, 53.7834], [-167.1181, 53.8726], [-167.0382, 53.9422], [-166.6731, 54.0059], [-166.6152, 53.9009]]], [[[-167.9645, 53.3451], [-168.2708, 53.2381], [-168.5055, 53.0431], [-169.0887, 52.8321], [-168.7957, 53.0449], [-168.6899, 53.2273], [-168.3803, 53.2834], [-168.3965, 53.4087], [-168.2877, 53.5001], [-168.0732, 53.5569], [-167.828, 53.5079], [-167.9645, 53.3451]]], [[[-171.463, 63.6401], [-170.8747, 63.5939], [-170.4305, 63.6988], [-170.122, 63.6175], [-170.0176, 63.4917], [-169.5546, 63.3735], [-168.7161, 63.3107], [-168.8522, 63.1713], [-169.3649, 63.1713], [-169.6763, 62.9561], [-169.8185, 63.1223], [-170.1896, 63.1965], [-170.527, 63.3794], [-170.9539, 63.453], [-171.5191, 63.332], [-171.7909, 63.4247], [-171.7463, 63.7031], [-171.463, 63.6401]]], [[[-169.7551, 56.635], [-169.5506, 56.6281], [-169.4743, 56.5941], [-169.6327, 56.5457], [-169.7551, 56.635]]], [[[-169.6921, 52.8474], [-169.7227, 52.7923], [-169.992, 52.8298], [-169.8206, 52.8835], [-169.6921, 52.8474]]], [[[-170.1605, 57.184], [-170.2642, 57.1368], [-170.3866, 57.2031], [-170.1162, 57.2418], [-170.1605, 57.184]]], [[[-170.7332, 52.5815], [-170.8272, 52.6007], [-170.6821, 52.6974], [-170.5846, 52.6675], [-170.7332, 52.5815]]], [[[-172.7424, 60.4573], [-172.3874, 60.3984], [-172.2319, 60.2992], [-172.6358, 60.3288], [-173.074, 60.4932], [-172.9238, 60.6069], [-172.7424, 60.4573]]], [[[-172.4648, 52.2723], [-172.62, 52.2729], [-172.4702, 52.3881], [-172.3136, 52.3296], [-172.4648, 52.2723]]], [[[-173.5535, 52.1363], [-173.3573, 52.0957], [-173.0228, 52.0792], [-173.8357, 52.0483], [-173.9923, 52.1234], [-173.5535, 52.1363]]], [[[-174.6774, 52.0351], [-175.2955, 52.0222], [-174.3062, 52.2161], [-174.2587, 52.269], [-174.4355, 52.3173], [-174.1691, 52.4202], [-174.0182, 52.3317], [-174.1795, 52.2003], [-174.1205, 52.1352], [-174.6774, 52.0351]]], [[[-176.0216, 52.0025], [-176.143, 52.0044], [-176.1844, 52.0561], [-176.0774, 52.1], [-175.9752, 52.029], [-176.0216, 52.0025]]], [[[-176.009, 51.8122], [-176.2045, 51.8348], [-176.1937, 51.8862], [-176.0717, 51.8433], [-176.009, 51.8122]]], [[[-176.2866, 51.7919], [-176.3496, 51.7333], [-176.4137, 51.8405], [-176.3784, 51.861], [-176.2866, 51.7919]]], [[[-176.5933, 51.8666], [-176.4374, 51.82], [-176.4522, 51.7357], [-176.9616, 51.6036], [-176.8745, 51.7904], [-176.7366, 51.8398], [-176.6984, 51.9861], [-176.5498, 51.9441], [-176.5933, 51.8666]]], [[[-177.1481, 51.7168], [-177.655, 51.6765], [-177.6701, 51.701], [-177.2572, 51.8049], [-177.1099, 51.9289], [-177.0631, 51.902], [-177.1481, 51.7168]]], [[[-177.8789, 51.6496], [-178.0589, 51.6725], [-177.9865, 51.7641], [-178.1946, 51.8822], [-177.9538, 51.9186], [-177.6445, 51.8261], [-177.8789, 51.6496]]]]}}, {"type": "Feature", "properties": {"SOVEREIGNT": "South Georgia and the Islands", "SOV_A3": "SGS", "mean": 0.865, "GERMAN_NAME": "Südgeorgien und die Südlichen Sandwichinseln", "NOTE_DE": null}, "geometry": {"type": "MultiPolygon", "coordinates": [[[[-26.264, -58.4353], [-26.2597, -58.4924], [-26.4508, -58.4155], [-26.3036, -58.3823], [-26.264, -58.4353]]], [[[-37.1033, -54.0656], [-36.7037, -54.1081], [-36.6068, -54.1899], [-36.6475, -54.2623], [-36.4488, -54.3084], [-36.3264, -54.2512], [-36.0733, -54.554], [-35.8955, -54.5547], [-35.9135, -54.7108], [-35.7986, -54.7634], [-36.0855, -54.8668], [-36.5064, -54.5112], [-36.735, -54.4666], [-36.8858, -54.3395], [-37.631, -54.1675], [-37.689, -54.0769], [-37.6188, -54.0422], [-38.0173, -54.0082], [-37.3823, -53.9841], [-37.1033, -54.0656]]]]}}, {"type": "Feature", "properties": {"SOVEREIGNT": "British Indian Ocean Territory", "SOV_A3": "IOT", "mean": 0.714, "GERMAN_NAME": "Britisches Territorium im Indischen Ozean", "NOTE_DE": null}, "geometry": {"type": "Polygon", "coordinates": [[[72.492, -7.3774], [72.429, -7.4354], [72.3498, -7.2634], [72.4474, -7.3957], [72.4456, -7.2205], [72.492, -7.3774]]]}}, {"type": "Feature", "properties": {"SOVEREIGNT": "Saint Helena", "SOV_A3": "SHN", "mean": 0.34, "GERMAN_NAME": "St. Helena", "NOTE_DE": null}, "geometry": {"type": "MultiPolygon", "coordinates": [[[[-5.6921, -15.9978], [-5.7825, -16.0041], [-5.708, -15.9062], [-5.6626, -15.9128], [-5.6921, -15.9978]]], [[[-14.3642, -7.9741], [-14.415, -7.9436], [-14.3836, -7.8825], [-14.3026, -7.9354], [-14.3642, -7.9741]]]]}}, {"type": "Feature", "properties": {"SOVEREIGNT": "Pitcairn Islands", "SOV_A3": "PCN", "mean": 0.596, "GERMAN_NAME": "Pitcairninseln", "NOTE_DE": null}, "geometry": {"type": "Polygon", "coordinates": [[[-128.2899, -24.3973], [-128.3421, -24.3706], [-128.3302, -24.3232], [-128.3036, -24.3336], [-128.2899, -24.3973]]]}}, {"type": "Feature", "properties": {"SOVEREIGNT": "Anguilla", "SOV_A3": "AIA", "mean": 0.873, "GERMAN_NAME": "Anguilla", "NOTE_DE": null}, "geometry": {"type": "Polygon", "coordinates": [[[-63.0013, 18.2219], [-63.1601, 18.1715], [-63.0262, 18.2698], [-63.0013, 18.2219]]]}}, {"type": "Feature", "properties": {"SOVEREIGNT": "Falkland Islands", "SOV_A3": "FLK", "mean": 0.612, "GERMAN_NAME": "Falklandinseln", "NOTE_DE": null}, "geometry": {"type": "MultiPolygon", "coordinates": [[[[-58.8502, -51.2699], [-58.4257, -51.3242], [-58.3786, -51.373], [-58.5193, -51.424], [-58.5089, -51.4837], [-58.2716, -51.5748], [-58.2594, -51.4172], [-57.9764, -51.3844], [-57.8083, -51.5181], [-57.9606, -51.5833], [-57.7918, -51.6363], [-57.8382, -51.7091], [-58.6835, -51.9362], [-58.6529, -52.0991], [-59.1958, -52.0176], [-59.068, -52.1729], [-59.3416, -52.196], [-59.3956, -52.3081], [-59.5324, -52.2363], [-59.6486, -52.1344], [-59.5709, -51.9254], [-59.0597, -51.6855], [-59.0968, -51.4915], [-58.8502, -51.2699]]], [[[-58.4387, -52.011], [-58.4326, -52.099], [-58.5413, -52.0283], [-58.497, -51.9993], [-58.4387, -52.011]]], [[[-60.2862, -51.462], [-59.3876, -51.3599], [-59.2681, -51.4276], [-59.9215, -51.9695], [-60.2462, -51.9863], [-60.3841, -52.154], [-60.6865, -52.1884], [-60.9616, -52.0573], [-60.2383, -51.772], [-60.5825, -51.7128], [-60.2452, -51.6389], [-60.5058, -51.4856], [-60.5684, -51.3577], [-60.2862, -51.462]]], [[[-59.6828, -52.2316], [-59.7646, -52.2422], [-59.7934, -52.134], [-59.681, -52.18], [-59.6828, -52.2316]]], [[[-60.1116, -51.396], [-60.2488, -51.396], [-60.2754, -51.2804], [-60.0698, -51.3079], [-60.1116, -51.396]]], [[[-61.0188, -51.7857], [-60.8759, -51.7942], [-60.9475, -51.9462], [-61.1452, -51.8395], [-61.0188, -51.7857]]]]}}, {"type": "Feature", "properties": {"SOVEREIGNT": "Cayman Islands", "SOV_A3": "CYM", "mean": 1.162, "GERMAN_NAME": "Cayman Islands", "NOTE_DE": null}, "geometry": {"type": "MultiPolygon", "coordinates": [[[[-79.8234, 19.7119], [-79.9062, 19.7025], [-79.7424, 19.757], [-79.7424, 19.7508], [-79.8234, 19.7119]]], [[[-79.9789, 19.7081], [-80.0941, 19.6659], [-80.1258, 19.6683], [-80.0837, 19.706], [-79.9789, 19.7081]]], [[[-81.3696, 19.3488], [-81.1306, 19.3467], [-81.1072, 19.3053], [-81.4049, 19.2783], [-81.4189, 19.3747], [-81.3696, 19.3488]]]]}}, {"type": "Feature", "properties": {"SOVEREIGNT": "Bermuda", "SOV_A3": "BMU", "mean": 0.923, "GERMAN_NAME": "Bermuda", "NOTE_DE": null}, "geometry": {"type": "Polygon", "coordinates": [[[-64.7304, 32.2934], [-64.82, 32.2597], [-64.8629, 32.274], [-64.6685, 32.3819], [-64.7304, 32.2934]]]}}, {"type": "Feature", "properties": {"SOVEREIGNT": "British Virgin Islands", "SOV_A3": "VGB", "mean": 0.868, "GERMAN_NAME": "Britische Jungferninseln", "NOTE_DE": null}, "geometry": {"type": "MultiPolygon", "coordinates": [[[[-64.288, 18.7405], [-64.2736, 18.7072], [-64.4114, 18.7511], [-64.3232, 18.7526], [-64.288, 18.7405]]], [[[-64.3952, 18.4647], [-64.4262, 18.5131], [-64.3247, 18.5174], [-64.3952, 18.4647]]], [[[-64.5936, 18.4029], [-64.6717, 18.3991], [-64.6951, 18.4117], [-64.545, 18.4381], [-64.5936, 18.4029]]]]}}, {"type": "Feature", "properties": {"SOVEREIGNT": "Turks and Caicos Islands", "SOV_A3": "TCA", "mean": 0.822, "GERMAN_NAME": "Turks- und Caicosinseln", "NOTE_DE": null}, "geometry": {"type": "MultiPolygon", "coordinates": [[[[-71.6615, 21.7653], [-71.8303, 21.7907], [-71.8476, 21.8435], [-71.6683, 21.8334], [-71.6615, 21.7653]]], [[[-71.88, 21.8405], [-71.9556, 21.8645], [-72.0107, 21.9504], [-71.9315, 21.9519], [-71.88, 21.8405]]], [[[-72.3329, 21.8514], [-72.2188, 21.7962], [-72.1443, 21.7928], [-72.3354, 21.7581], [-72.3329, 21.8514]]]]}}, {"type": "Feature", "properties": {"SOVEREIGNT": "Montserrat", "SOV_A3": "MSR", "mean": 0.839, "GERMAN_NAME": "Montserrat", "NOTE_DE": null}, "geometry": {"type": "Polygon", "coordinates": [[[-62.1485, 16.7403], [-62.1542, 16.6811], [-62.2216, 16.6995], [-62.1913, 16.8044], [-62.1485, 16.7403]]]}}, {"type": "Feature", "properties": {"SOVEREIGNT": "Jersey", "SOV_A3": "JEY", "mean": 1.461, "GERMAN_NAME": "Jersey", "NOTE_DE": null}, "geometry": {"type": "Polygon", "coordinates": [[[-2.0187, 49.2312], [-2.0536, 49.1697], [-2.2358, 49.1763], [-2.2207, 49.2662], [-2.0187, 49.2312]]]}}, {"type": "Feature", "properties": {"SOVEREIGNT": "Guernsey", "SOV_A3": "GGY", "mean": 1.469, "GERMAN_NAME": "Guernsey", "NOTE_DE": null}, "geometry": {"type": "Polygon", "coordinates": [[[-2.5123, 49.4946], [-2.5475, 49.4288], [-2.6462, 49.4682], [-2.5421, 49.5066], [-2.5123, 49.4946]]]}}, {"type": "Feature", "properties": {"SOVEREIGNT": "Isle of Man", "SOV_A3": "IMN", "mean": 1.537, "GERMAN_NAME": "Isle of Man", "NOTE_DE": null}, "geometry": {"type": "Polygon", "coordinates": [[[-4.412, 54.1854], [-4.6143, 54.0587], [-4.7853, 54.0731], [-4.6989, 54.2249], [-4.4246, 54.4072], [-4.3378, 54.269], [-4.412, 54.1854]]]}}, {"type": "Feature", "properties": {"SOVEREIGNT": "United Kingdom", "SOV_A3": "GBR", "mean": 1.739, "GERMAN_NAME": "Vereinigtes Königreich", "NOTE_DE": null}, "geometry": {"type": "MultiPolygon", "coordinates": [[[[-2.6678, 51.623], [-3.2589, 51.3984], [-3.5624, 51.4139], [-3.8907, 51.5916], [-4.2345, 51.5691], [-4.0909, 51.6598], [-4.3864, 51.7411], [-4.9023, 51.6262], [-5.1248, 51.7058], [-5.2623, 51.8801], [-4.1495, 52.3263], [-3.9803, 52.5417], [-4.079, 52.6078], [-4.1013, 52.9156], [-4.6831, 52.8062], [-4.2687, 53.1445], [-3.7643, 53.3077], [-3.3262, 53.3471], [-3.0976, 53.2603], [-3.1657, 53.3946], [-3.0649, 53.4269], [-2.9187, 53.3054], [-2.7495, 53.3103], [-2.9129, 53.3502], [-3.0645, 53.5128], [-2.9252, 53.7329], [-3.0454, 53.844], [-2.9, 53.9608], [-2.8676, 54.1772], [-3.166, 54.1279], [-3.5692, 54.4676], [-3.5919, 54.5644], [-3.4645, 54.7731], [-3.0361, 54.953], [-3.5505, 54.9475], [-3.958, 54.781], [-4.2536, 54.8468], [-4.5175, 54.7583], [-4.8181, 54.8461], [-4.9113, 54.6896], [-5.1356, 54.8576], [-5.1727, 54.9858], [-5.056, 54.9881], [-4.6766, 55.5013], [-4.8919, 55.6992], [-4.826, 55.9295], [-4.5841, 55.9387], [-4.844, 56.0512], [-4.8004, 56.1583], [-5.2144, 55.8889], [-5.2231, 56.0658], [-4.997, 56.2334], [-5.3836, 56.0192], [-5.3858, 55.7702], [-5.5564, 55.3897], [-5.6464, 55.3267], [-5.7681, 55.3627], [-5.6813, 55.624], [-5.5046, 55.8025], [-5.623, 55.813], [-5.5348, 56.251], [-5.1885, 56.7581], [-5.6525, 56.532], [-6.1328, 56.718], [-5.7307, 56.853], [-5.8613, 56.9027], [-5.5913, 57.1025], [-5.5618, 57.2328], [-5.7947, 57.3788], [-5.8019, 57.468], [-5.5816, 57.5468], [-5.7451, 57.6683], [-5.6083, 57.8812], [-5.1572, 57.8812], [-5.4131, 58.0697], [-5.3383, 58.2388], [-5.0081, 58.2627], [-5.0902, 58.3846], [-4.9757, 58.5804], [-4.4332, 58.5128], [-3.053, 58.6349], [-3.2125, 58.3212], [-3.9901, 57.959], [-4.0354, 57.8519], [-3.8572, 57.8186], [-4.1344, 57.5777], [-3.2945, 57.7101], [-2.0741, 57.7023], [-1.8675, 57.6124], [-1.7807, 57.4741], [-2.5011, 56.6366], [-2.6811, 56.5144], [-3.31, 56.3636], [-2.8852, 56.3976], [-2.6527, 56.3183], [-2.6743, 56.2536], [-3.3622, 56.0276], [-3.7892, 56.0951], [-3.0487, 55.9519], [-2.5994, 56.0272], [-2.1472, 55.903], [-1.6555, 55.5704], [-1.2325, 54.7038], [-0.6712, 54.504], [-0.0844, 54.118], [-0.2057, 54.0217], [0.1154, 53.6091], [-0.2702, 53.7369], [-0.6601, 53.724], [-0.2936, 53.6924], [0.2709, 53.3354], [0.3559, 53.1599], [0.0459, 52.9057], [0.2799, 52.8088], [0.5589, 52.9669], [1.2713, 52.9246], [1.6569, 52.7536], [1.7433, 52.5785], [1.5914, 52.1198], [1.2325, 51.9714], [1.2746, 51.8452], [0.7522, 51.7296], [0.898, 51.6893], [0.8908, 51.5715], [0.4246, 51.4656], [0.8894, 51.3596], [1.415, 51.3632], [1.3977, 51.182], [1.0445, 51.0473], [0.9603, 50.9258], [0.205, 50.763], [-0.2039, 50.8142], [-0.7853, 50.7655], [-1.4164, 50.8968], [-1.3343, 50.8208], [-1.6007, 50.7328], [-2.0309, 50.7254], [-1.9622, 50.6278], [-2.036, 50.603], [-2.4334, 50.5992], [-2.9993, 50.7165], [-3.4047, 50.6323], [-3.6797, 50.2401], [-4.1945, 50.3933], [-4.7281, 50.2906], [-5.1187, 50.0382], [-5.6551, 50.0771], [-5.5708, 50.197], [-5.3422, 50.2462], [-4.8937, 50.5338], [-4.583, 50.7764], [-4.5232, 50.9774], [-4.2964, 51.0272], [-4.1881, 51.1886], [-3.1361, 51.2051], [-2.4331, 51.7407], [-2.6678, 51.623]]], [[[-0.7742, 60.812], [-0.8257, 60.6839], [-0.9221, 60.6973], [-0.9157, 60.8105], [-0.7742, 60.812]]], [[[-1.0424, 60.5139], [-1.1655, 60.6039], [-1.0931, 60.7202], [-0.9916, 60.686], [-1.0424, 60.5139]]], [[[-1.3081, 60.5375], [-1.1579, 60.4177], [-1.0525, 60.4444], [-1.2994, 59.8788], [-1.3559, 59.9112], [-1.2908, 60.1535], [-1.6637, 60.2825], [-1.3747, 60.3328], [-1.4495, 60.4686], [-1.5719, 60.4944], [-1.3639, 60.6097], [-1.3081, 60.5375]]], [[[-1.0654, 50.6901], [-1.2515, 50.5888], [-1.5633, 50.6662], [-1.3127, 50.7734], [-1.0654, 50.6901]]], [[[-2.549, 59.2314], [-2.662, 59.2302], [-2.4071, 59.2975], [-2.4298, 59.271], [-2.549, 59.2314]]], [[[-2.7293, 59.1868], [-2.8154, 59.162], [-3.0519, 59.3239], [-2.9756, 59.3472], [-2.7293, 59.1868]]], [[[-3.0573, 59.0297], [-3.0706, 59.0051], [-2.7625, 58.9559], [-2.8262, 58.8933], [-3.1667, 58.9191], [-3.3536, 59.0188], [-3.2485, 59.1439], [-3.0512, 59.0991], [-3.0573, 59.0297]]], [[[-2.9295, 58.7416], [-2.9752, 58.7569], [-3.0353, 58.8226], [-2.8964, 58.8275], [-2.9295, 58.7416]]], [[[-3.1649, 58.7942], [-3.2787, 58.7819], [-3.3946, 58.9096], [-3.2719, 58.9053], [-3.1649, 58.7942]]], [[[-4.1967, 53.3214], [-4.0495, 53.3057], [-4.3731, 53.1343], [-4.5531, 53.2604], [-4.5679, 53.3865], [-4.3151, 53.4172], [-4.1967, 53.3214]]], [[[-5.1053, 55.4489], [-5.3314, 55.4812], [-5.3707, 55.6669], [-5.1856, 55.691], [-5.1053, 55.4489]]], [[[-6.2181, 54.0887], [-6.6497, 54.0587], [-6.6469, 54.1633], [-7.0076, 54.4067], [-7.3553, 54.1211], [-7.855, 54.2152], [-8.1182, 54.4141], [-8.1189, 54.477], [-7.7542, 54.595], [-7.9105, 54.6984], [-7.5505, 54.768], [-7.3769, 55.0277], [-7.2185, 55.0919], [-7.1005, 55.0483], [-6.9471, 55.1825], [-6.4751, 55.241], [-6.1292, 55.2174], [-6.0359, 55.1445], [-5.717, 54.8175], [-5.8786, 54.6413], [-5.5823, 54.6635], [-5.4704, 54.5002], [-5.4841, 54.4415], [-5.6713, 54.5499], [-5.6558, 54.3817], [-5.5579, 54.3709], [-5.6068, 54.2725], [-5.8261, 54.2359], [-6.019, 54.0512], [-6.2181, 54.0887]]], [[[-6.1447, 57.505], [-6.1357, 57.3144], [-5.6687, 57.2269], [-5.9873, 57.0443], [-6.0345, 57.2012], [-6.3229, 57.2026], [-6.4424, 57.3276], [-6.761, 57.4425], [-6.3578, 57.6667], [-6.2469, 57.6513], [-6.1447, 57.505]]], [[[-5.9701, 55.8146], [-6.0719, 55.8931], [-5.9117, 55.9746], [-5.9391, 56.0453], [-5.7253, 56.1185], [-5.9701, 55.8146]]], [[[-5.7778, 56.3443], [-6.3135, 56.2936], [-6.185, 56.357], [-6.1389, 56.4906], [-6.3196, 56.5694], [-6.1029, 56.6456], [-5.7609, 56.4906], [-5.7778, 56.3443]]], [[[-6.1288, 55.9306], [-6.0885, 55.6575], [-6.3052, 55.607], [-6.3016, 55.7806], [-6.4913, 55.6973], [-6.4132, 55.8547], [-6.1288, 55.9306]]], [[[-6.1987, 58.3632], [-6.3257, 58.189], [-6.5547, 58.093], [-6.4035, 58.076], [-6.4251, 58.0213], [-6.9568, 57.75], [-7.0835, 57.8137], [-6.8567, 57.9234], [-7.0569, 58.0033], [-6.9853, 58.0506], [-7.0886, 58.0954], [-7.0285, 58.2223], [-6.7264, 58.1895], [-6.7765, 58.3016], [-6.2375, 58.5028], [-6.1987, 58.3632]]], [[[-6.2789, 56.9646], [-6.3463, 56.9542], [-6.4327, 57.0179], [-6.3225, 57.0504], [-6.2789, 56.9646]]], [[[-6.6076, 56.5851], [-6.6685, 56.5936], [-6.4838, 56.6658], [-6.5302, 56.6265], [-6.6076, 56.5851]]], [[[-7.2056, 57.6829], [-7.0929, 57.6266], [-7.1825, 57.5332], [-7.5148, 57.602], [-7.2056, 57.6829]]], [[[-7.2499, 57.1155], [-7.3816, 57.1307], [-7.4104, 57.3812], [-7.2671, 57.3718], [-7.2499, 57.1155]]], [[[-7.4169, 56.9653], [-7.5047, 56.9516], [-7.5429, 56.9723], [-7.4554, 57.0188], [-7.4169, 56.9653]]]]}}, {"type": "Feature", "properties": {"SOVEREIGNT": "United Arab Emirates", "SOV_A3": "ARE", "mean": 1.892, "GERMAN_NAME": "Vereinigte Arabische Emirate", "NOTE_DE": null}, "geometry": {"type": "MultiPolygon", "coordinates": [[[[56.2978, 25.6506], [56.3636, 25.5694], [56.3881, 24.9791], [56.0638, 24.7387], [55.9702, 24.859], [56.0008, 24.9532], [55.7956, 24.868], [55.761, 24.2428], [55.9288, 24.2152], [55.9853, 24.0633], [55.4683, 23.9411], [55.5317, 23.819], [55.1998, 23.0348], [55.1857, 22.7042], [55.1044, 22.6215], [52.5552, 22.9327], [51.5926, 24.0788], [51.5684, 24.2862], [51.6055, 24.3384], [51.6646, 24.2504], [51.7675, 24.2544], [51.8431, 24.0107], [52.1185, 23.971], [52.6481, 24.1548], [53.8019, 24.0694], [54.1478, 24.1713], [54.397, 24.2782], [54.7469, 24.8104], [55.9414, 25.7939], [56.0803, 26.0626], [56.1674, 26.0475], [56.1448, 25.6905], [56.2978, 25.6506]], [[56.2819, 25.2356], [56.2772, 25.3008], [56.2344, 25.3038], [56.2106, 25.2134], [56.2819, 25.2356]]], [[[54.4654, 24.4427], [54.4283, 24.425], [54.3347, 24.471], [54.3984, 24.5063], [54.4654, 24.4427]]], [[[53.9279, 24.1772], [53.799, 24.1357], [53.6345, 24.1699], [53.8339, 24.2589], [53.9279, 24.1772]]], [[[53.3321, 24.2586], [53.191, 24.2911], [53.4124, 24.411], [53.4455, 24.3712], [53.3321, 24.2586]]], [[[52.6168, 24.2886], [52.5836, 24.3523], [52.6294, 24.3768], [52.6578, 24.3327], [52.6168, 24.2886]]]]}}, {"type": "Feature", "properties": {"SOVEREIGNT": "Ukraine", "SOV_A3": "UKR", "mean": 2.517, "GERMAN_NAME": "Ukraine", "NOTE_DE": null}, "geometry": {"type": "MultiPolygon", "coordinates": [[[[35.0016, 45.7333], [34.7996, 45.7906], [34.6869, 45.977], [34.4501, 45.9657], [34.2243, 46.1011], [33.6599, 46.2196], [33.594, 46.0962], [33.4298, 46.0577], [33.2023, 46.1757], [32.4769, 46.0837], [31.8314, 46.2816], [31.7799, 46.3247], [31.9916, 46.3644], [32.0085, 46.43], [31.5549, 46.5543], [32.3613, 46.475], [32.5781, 46.6155], [32.3541, 46.5649], [32.0442, 46.6424], [31.9448, 46.7844], [31.9394, 46.9819], [31.7591, 47.2128], [31.9128, 46.9262], [31.8728, 46.6497], [31.5323, 46.6647], [31.5632, 46.7773], [31.403, 46.6287], [30.7964, 46.552], [30.6567, 46.2665], [30.219, 45.8668], [29.6286, 45.7224], [29.706, 45.26], [29.4036, 45.4197], [28.7818, 45.3098], [28.7606, 45.2342], [28.4514, 45.2921], [28.2123, 45.4504], [28.4989, 45.5178], [28.4917, 45.6656], [28.9478, 46.0501], [29.0061, 46.1764], [28.9582, 46.4585], [29.1462, 46.5269], [29.2045, 46.3793], [29.3049, 46.4666], [29.6149, 46.3988], [29.7067, 46.4488], [29.8377, 46.3505], [30.0757, 46.3778], [30.1311, 46.4231], [29.9245, 46.5388], [29.9396, 46.6877], [29.9425, 46.7238], [29.8777, 46.829], [29.5976, 46.9389], [29.5771, 46.9592], [29.5717, 46.9658], [29.5688, 46.9967], [29.5634, 47.0475], [29.5364, 47.0718], [29.5141, 47.0984], [29.5411, 47.1841], [29.5425, 47.1913], [29.5411, 47.2668], [29.5393, 47.2709], [29.5105, 47.2907], [29.4824, 47.2918], [29.4558, 47.2926], [29.3834, 47.328], [29.3701, 47.3409], [29.2203, 47.4341], [29.2005, 47.4445], [29.1231, 47.5302], [29.1948, 47.8824], [29.0929, 47.9754], [28.9734, 47.9331], [28.9539, 47.94], [28.9233, 47.9511], [28.8657, 47.9957], [28.8513, 48.0152], [28.6951, 48.1309], [28.6018, 48.1443], [28.5306, 48.1502], [28.4632, 48.0905], [28.2912, 48.2385], [27.5492, 48.4779], [27.2284, 48.3713], [26.8472, 48.3871], [26.619, 48.2599], [26.3058, 48.2037], [26.1628, 47.9926], [25.4641, 47.9109], [24.9792, 47.7241], [24.5788, 47.931], [23.4081, 47.99], [23.2026, 48.0844], [22.8768, 47.9473], [22.7691, 48.1096], [22.5823, 48.1341], [22.3501, 48.2561], [22.2536, 48.4072], [22.1319, 48.4052], [22.1427, 48.5685], [22.5387, 49.0727], [22.8519, 49.0626], [22.7058, 49.1711], [22.6492, 49.5391], [22.7061, 49.6062], [23.7116, 50.3774], [23.9726, 50.4102], [24.09, 50.5305], [23.9784, 50.7856], [24.0957, 50.8727], [23.6644, 51.3101], [23.6054, 51.5179], [23.6086, 51.6105], [23.7069, 51.6413], [23.9784, 51.5913], [24.3618, 51.8674], [25.7856, 51.9238], [27.142, 51.752], [27.2961, 51.5974], [27.6896, 51.5724], [27.7, 51.4779], [27.8584, 51.5923], [28.1839, 51.6078], [28.599, 51.5427], [28.7311, 51.4333], [29.1019, 51.6276], [29.3463, 51.3827], [30.1607, 51.4779], [30.5444, 51.2652], [30.6326, 51.3554], [30.5329, 51.5963], [30.7554, 51.8952], [31.0794, 52.0771], [31.7634, 52.101], [32.1223, 52.0507], [32.2829, 52.1141], [32.4355, 52.3072], [32.8063, 52.2527], [33.1483, 52.3404], [33.7351, 52.3447], [33.9219, 52.2515], [34.1131, 51.9797], [34.3979, 51.7803], [34.3791, 51.7164], [34.121, 51.6791], [34.2751, 51.3401], [34.2139, 51.2554], [34.7604, 51.1693], [35.0642, 51.2035], [35.1582, 51.061], [35.3349, 51.0211], [35.4401, 50.7276], [35.4116, 50.5397], [35.5913, 50.3689], [36.1165, 50.4086], [36.6194, 50.2094], [37.4229, 50.4116], [37.7041, 50.109], [38.0468, 49.92], [38.2585, 50.0523], [38.9184, 49.8247], [39.1747, 49.856], [39.7806, 49.572], [40.0808, 49.5769], [40.1089, 49.2515], [39.8897, 49.064], [39.6866, 49.008], [40.0038, 48.8221], [39.7928, 48.8077], [39.6449, 48.5912], [39.4566, 48.5824], [39.2597, 48.6855], [38.9511, 48.6317], [38.7744, 48.7056], [38.4169, 48.6933], [38.2556, 48.6013], [38.3049, 48.4546], [37.9597, 48.3833], [37.4921, 47.8937], [37.5479, 47.6706], [37.784, 47.3619], [37.761, 47.0908], [37.5435, 47.0746], [37.3398, 46.9169], [37.0475, 46.8762], [36.7947, 46.7145], [36.5589, 46.7627], [36.2796, 46.6586], [35.8271, 46.6242], [35.4001, 46.3814], [35.2043, 46.1691], [35.0145, 46.106], [35.2802, 46.2795], [35.2305, 46.4406], [35.0642, 46.2672], [34.8497, 46.19], [34.8572, 45.9874], [35.0016, 45.7333]]], [[[39.0343, 47.8496], [39.0577, 47.8485], [38.9004, 47.8551], [39.0343, 47.8496]]], [[[31.5639, 46.2578], [31.5089, 46.3731], [31.6385, 46.2726], [32.15, 46.1547], [31.5639, 46.2578]]]]}}, {"type": "Feature", "properties": {"SOVEREIGNT": "Uganda", "SOV_A3": "UGA", "mean": 1.649, "GERMAN_NAME": "Uganda", "NOTE_DE": null}, "geometry": {"type": "Polygon", "coordinates": [[[33.9032, -1.0019], [30.809, -0.9948], [30.5099, -1.0673], [30.3601, -1.0746], [29.9302, -1.47], [29.8255, -1.3355], [29.5771, -1.3879], [29.562, -0.9773], [29.7178, 0.0983], [29.9346, 0.4989], [29.9428, 0.8193], [30.183, 0.9736], [30.3212, 1.1853], [30.4782, 1.239], [31.2529, 2.0445], [31.2741, 2.1462], [31.1762, 2.2699], [30.7287, 2.4555], [30.8508, 2.8936], [30.7539, 3.0418], [30.9066, 3.409], [30.8385, 3.4908], [31.1525, 3.7855], [31.547, 3.6776], [31.7979, 3.8027], [31.9419, 3.6076], [32.136, 3.5198], [32.3358, 3.7062], [32.9971, 3.8801], [33.1541, 3.7747], [33.4892, 3.7551], [33.9759, 4.2203], [34.1649, 3.8129], [34.4378, 3.6506], [34.4479, 3.1635], [34.7424, 2.8181], [34.9058, 2.4798], [34.9782, 1.7737], [34.7834, 1.3811], [34.7985, 1.2445], [34.4817, 1.0422], [33.9432, 0.1738], [33.9032, -1.0019]]]}}, {"type": "Feature", "properties": {"SOVEREIGNT": "Turkmenistan", "SOV_A3": "TKM", "mean": 2.502, "GERMAN_NAME": "Turkmenistan", "NOTE_DE": null}, "geometry": {"type": "MultiPolygon", "coordinates": [[[[55.9774, 41.3222], [57.0181, 41.2634], [57.1189, 41.3503], [57.0181, 41.4505], [56.9641, 41.8566], [57.2906, 42.1237], [57.8144, 42.1898], [58.029, 42.4877], [58.4743, 42.2994], [58.1514, 42.6281], [58.4772, 42.6628], [58.5892, 42.7784], [58.8768, 42.5614], [59.1594, 42.5115], [59.3542, 42.3231], [59.8582, 42.295], [59.9852, 42.2117], [59.9417, 41.9736], [60.2009, 41.8031], [60.0756, 41.7597], [60.1379, 41.5942], [60.0896, 41.3994], [60.455, 41.2215], [61.2424, 41.1892], [61.4969, 41.276], [61.903, 41.0936], [62.0948, 40.6833], [62.3749, 40.332], [62.4833, 39.9757], [63.7638, 39.1606], [64.1627, 38.9537], [64.3099, 38.9773], [65.6128, 38.2387], [65.9713, 38.2442], [66.5747, 38.0109], [66.6294, 37.932], [66.5257, 37.7857], [66.5221, 37.3484], [66.1085, 37.4147], [65.765, 37.5692], [65.5548, 37.2512], [65.0897, 37.2381], [64.8164, 37.132], [64.5112, 36.3407], [64.0097, 36.012], [63.1298, 35.8462], [63.1698, 35.6782], [63.0568, 35.4458], [62.6881, 35.2553], [62.308, 35.1707], [61.984, 35.4438], [61.6211, 35.4325], [61.2622, 35.6196], [61.2521, 35.8676], [61.1531, 35.9768], [61.2121, 36.1904], [61.1196, 36.6426], [60.3413, 36.6377], [60.0626, 36.9628], [59.455, 37.2528], [59.3016, 37.5107], [58.8156, 37.6834], [58.2616, 37.6657], [57.9804, 37.8304], [57.3536, 37.9733], [57.1934, 38.2164], [56.4407, 38.2494], [56.2722, 38.0805], [55.3808, 38.0512], [54.9002, 37.7778], [54.6994, 37.4701], [54.1918, 37.3325], [53.9142, 37.3436], [53.8235, 37.9278], [53.8685, 38.9494], [53.7047, 39.2096], [53.3364, 39.3408], [53.1568, 39.2649], [53.1247, 39.4321], [53.2356, 39.6084], [53.6032, 39.547], [53.4721, 39.6686], [53.4872, 39.9094], [52.9876, 39.9877], [52.9523, 39.8955], [53.0354, 39.7745], [52.8047, 40.054], [52.7338, 40.3987], [52.9436, 41.0381], [53.1452, 40.8249], [53.6154, 40.8185], [53.8699, 40.6488], [54.3775, 40.6934], [54.3196, 40.8347], [54.685, 40.873], [54.7037, 41.0712], [54.0949, 41.5195], [53.8048, 42.1176], [53.1643, 42.0937], [52.9699, 41.9762], [52.8148, 41.7118], [52.8835, 41.6527], [52.8504, 41.2002], [52.494, 41.7804], [53.056, 42.1477], [54.1208, 42.3351], [54.8538, 41.9652], [55.4345, 41.2962], [55.9774, 41.3222]]], [[[53.1096, 38.8031], [53.1002, 38.756], [53.0185, 39.0528], [53.0534, 39.0966], [53.1096, 38.8031]]]]}}, {"type": "Feature", "properties": {"SOVEREIGNT": "Turkey", "SOV_A3": "TUR", "mean": 2.052, "GERMAN_NAME": "Türkei", "NOTE_DE": null}, "geometry": {"type": "MultiPolygon", "coordinates": [[[[41.51, 41.5176], [41.8236, 41.4322], [41.9258, 41.4958], [42.4665, 41.4397], [42.6069, 41.5789], [42.7542, 41.5789], [43.2056, 41.1991], [43.4022, 41.1766], [43.4396, 41.1071], [43.7226, 40.7196], [43.5692, 40.4823], [43.71, 40.1664], [43.6661, 40.1263], [44.0055, 40.0142], [44.2892, 40.0404], [44.7684, 39.7034], [44.8173, 39.6504], [44.5869, 39.7686], [44.4559, 39.6667], [44.3893, 39.422], [44.0232, 39.3774], [44.178, 39.1448], [44.1708, 38.9345], [44.2716, 38.8359], [44.2986, 38.3864], [44.4498, 38.3343], [44.2115, 37.908], [44.5898, 37.7103], [44.574, 37.4354], [44.7943, 37.2905], [44.7651, 37.1426], [44.606, 37.1761], [44.2817, 36.9781], [44.1146, 37.3019], [43.6758, 37.2273], [42.7747, 37.3719], [42.3589, 37.1086], [42.2027, 37.2972], [41.5154, 37.0891], [40.7058, 37.0976], [40.0164, 36.826], [39.3565, 36.6816], [38.7665, 36.6931], [38.1915, 36.9015], [37.4363, 36.6433], [37.0662, 36.6526], [36.942, 36.7583], [36.6587, 36.8026], [36.5373, 36.4575], [36.6367, 36.234], [36.3753, 36.1712], [36.3476, 36.0035], [36.1536, 35.8339], [35.8926, 35.9165], [35.957, 35.9981], [35.8109, 36.31], [36.1885, 36.659], [36.1802, 36.8073], [36.0488, 36.9105], [35.3933, 36.5752], [34.7035, 36.8168], [33.6948, 36.1819], [32.7948, 36.0358], [32.3779, 36.1837], [32.0219, 36.5353], [31.2407, 36.8217], [30.6441, 36.8656], [30.4461, 36.2699], [30.2316, 36.3074], [29.689, 36.1566], [29.2236, 36.3246], [28.9698, 36.7153], [28.8168, 36.6754], [28.3038, 36.812], [28.0194, 36.6344], [28.0838, 36.7514], [27.4538, 36.7122], [28.0053, 36.8319], [28.2422, 37.0289], [27.263, 36.9765], [27.3001, 37.1268], [27.5352, 37.1639], [27.52, 37.2492], [27.2191, 37.3892], [27.0679, 37.6579], [27.2245, 37.7254], [27.2324, 37.9787], [26.2906, 38.2772], [26.4163, 38.368], [26.3778, 38.6241], [26.4415, 38.6411], [26.5866, 38.557], [26.674, 38.3357], [26.7273, 38.4186], [26.8612, 38.373], [27.1442, 38.452], [26.907, 38.4816], [26.7637, 38.7095], [27.0135, 38.8869], [26.8148, 38.961], [26.8537, 39.1157], [26.682, 39.2922], [26.899, 39.5496], [26.1132, 39.4673], [26.1812, 39.9901], [26.3133, 40.025], [26.7381, 40.4002], [27.2846, 40.4556], [27.4754, 40.3199], [27.7281, 40.3287], [27.8484, 40.3816], [27.7317, 40.4814], [27.875, 40.5129], [27.9895, 40.4894], [27.9625, 40.3698], [29.0072, 40.3896], [29.0551, 40.4242], [28.788, 40.534], [28.9579, 40.6307], [29.8492, 40.7602], [29.3647, 40.8093], [29.1138, 40.9379], [29.0454, 41.0075], [29.148, 41.221], [31.2551, 41.1077], [31.4581, 41.3199], [32.3066, 41.7295], [33.3812, 42.0175], [34.7507, 41.9567], [35.0066, 42.0633], [35.1549, 42.0276], [35.1222, 41.8911], [35.2979, 41.7285], [35.5581, 41.6341], [36.0517, 41.6827], [36.1791, 41.4265], [36.4052, 41.2746], [36.7778, 41.3633], [37.0662, 41.1844], [38.3809, 40.9246], [39.4263, 41.1065], [39.8079, 40.9825], [40.2651, 40.9614], [41.0834, 41.2611], [41.51, 41.5176]]], [[[28.0143, 41.9691], [27.9873, 41.8549], [28.1979, 41.5546], [29.0572, 41.2297], [28.9561, 41.0082], [28.7804, 40.9742], [28.172, 41.0808], [27.925, 40.9905], [27.4995, 40.9732], [27.258, 40.6875], [26.772, 40.4979], [26.2028, 40.0755], [26.2539, 40.3147], [26.7921, 40.6267], [26.1056, 40.6114], [26.039, 40.7269], [26.331, 40.9546], [26.3306, 41.2387], [26.6247, 41.4017], [26.5815, 41.6013], [26.3209, 41.7165], [26.5797, 41.9479], [27.0117, 42.0586], [27.2443, 42.0932], [27.5348, 41.9208], [28.0143, 41.9691]]], [[[25.9699, 40.1364], [25.7402, 40.1055], [25.6689, 40.1359], [25.9184, 40.2379], [25.9699, 40.1364]]]]}}, {"type": "Feature", "properties": {"SOVEREIGNT": "Tunisia", "SOV_A3": "TUN", "mean": 2.097, "GERMAN_NAME": "Tunesien", "NOTE_DE": null}, "geometry": {"type": "MultiPolygon", "coordinates": [[[[11.5047, 33.1819], [11.454, 32.6426], [11.5339, 32.5249], [11.5051, 32.4137], [10.8265, 32.0808], [10.4758, 31.7359], [10.2746, 31.6849], [10.1151, 31.4638], [10.257, 30.9408], [10.2163, 30.7832], [9.8951, 30.3873], [9.5186, 30.2295], [9.0441, 32.0724], [8.3335, 32.5435], [8.1124, 33.0553], [7.7312, 33.2685], [7.5001, 33.8326], [7.5137, 34.0806], [8.2456, 34.734], [8.3943, 35.2039], [8.2471, 35.8018], [8.3486, 36.368], [8.2075, 36.519], [8.6013, 36.8338], [8.5765, 36.9371], [9.6881, 37.3405], [9.8386, 37.309], [9.7839, 37.2115], [9.8303, 37.1353], [9.8757, 37.2542], [10.1965, 37.2059], [10.1889, 37.0338], [10.334, 36.8654], [10.2933, 36.7814], [10.4125, 36.7318], [10.5712, 36.8795], [11.054, 37.0725], [11.1267, 36.8741], [10.798, 36.4931], [10.5255, 36.3234], [10.4766, 36.1752], [10.5907, 35.8872], [11.0043, 35.6338], [11.1202, 35.2402], [10.6908, 34.6785], [10.1184, 34.28], [10.0489, 34.0563], [10.3052, 33.7284], [10.4542, 33.6625], [10.7131, 33.689], [10.7228, 33.5144], [10.8985, 33.5337], [10.9579, 33.6262], [11.2574, 33.3087], [11.2027, 33.2492], [11.5047, 33.1819]]], [[[11.2779, 34.7538], [11.1235, 34.6818], [11.2549, 34.8203], [11.2779, 34.7538]]], [[[10.9575, 33.7222], [10.7221, 33.739], [10.7451, 33.8888], [11.018, 33.8234], [10.9575, 33.7222]]]]}}, {"type": "Feature", "properties": {"SOVEREIGNT": "Trinidad and Tobago", "SOV_A3": "TTO", "mean": 0.898, "GERMAN_NAME": "Trinidad und Tobago", "NOTE_DE": null}, "geometry": {"type": "MultiPolygon", "coordinates": [[[[-60.7564, 11.1786], [-60.8042, 11.2085], [-60.7088, 11.2772], [-60.5256, 11.3255], [-60.7564, 11.1786]]], [[[-61.012, 10.1343], [-61.1743, 10.0779], [-61.9062, 10.069], [-61.4994, 10.2686], [-61.4782, 10.6034], [-61.6513, 10.718], [-60.9176, 10.8402], [-61.0336, 10.6699], [-60.9684, 10.3235], [-61.012, 10.1343]]]]}}, {"type": "Feature", "properties": {"SOVEREIGNT": "Tonga", "SOV_A3": "TON", "mean": 0.685, "GERMAN_NAME": "Tonga", "NOTE_DE": null}, "geometry": {"type": "MultiPolygon", "coordinates": [[[[-173.9534, -18.6395], [-173.9912, -18.6987], [-174.069, -18.6403], [-173.9682, -18.5654], [-173.9534, -18.6395]]], [[[-174.9132, -21.3006], [-174.9186, -21.4505], [-174.973, -21.3499], [-174.9132, -21.3006]]], [[[-175.162, -21.1693], [-175.0781, -21.1291], [-175.1566, -21.2638], [-175.3625, -21.1069], [-175.162, -21.1693]]]]}}, {"type": "Feature", "properties": {"SOVEREIGNT": "Togo", "SOV_A3": "TGO", "mean": 1.213, "GERMAN_NAME": "Togo", "NOTE_DE": null}, "geometry": {"type": "Polygon", "coordinates": [[[0.9005, 10.9933], [0.7634, 10.3867], [1.33, 9.997], [1.3858, 9.3616], [1.6, 9.0501], [1.6249, 6.9973], [1.5309, 6.9924], [1.5986, 6.6101], [1.7779, 6.2947], [1.6227, 6.2168], [1.1871, 6.0894], [0.9851, 6.3202], [0.7367, 6.4525], [0.5254, 6.851], [0.6349, 7.3536], [0.5096, 7.435], [0.4999, 7.5468], [0.6053, 7.7284], [0.5837, 8.1458], [0.6863, 8.3548], [0.3724, 8.7593], [0.4887, 8.8515], [0.5258, 9.3986], [0.4052, 9.4916], [0.2335, 9.4637], [0.3425, 9.6042], [0.2644, 9.6447], [0.3238, 9.6876], [0.3807, 10.2919], [-0.0862, 10.673], [0.0095, 11.0209], [-0.0686, 11.1156], [0.4927, 10.9549], [0.9005, 10.9933]]]}}, {"type": "Feature", "properties": {"SOVEREIGNT": "East Timor", "SOV_A3": "TLS", "mean": 0.808, "GERMAN_NAME": "Osttimor", "NOTE_DE": null}, "geometry": {"type": "MultiPolygon", "coordinates": [[[[125.0683, -9.5119], [124.9603, -9.2137], [125.1007, -9.1898], [125.1489, -9.0426], [124.9369, -9.0535], [124.9221, -8.9426], [125.1781, -8.6477], [125.3818, -8.5754], [126.6199, -8.4594], [126.9665, -8.3157], [127.2959, -8.4245], [126.9151, -8.7151], [125.4081, -9.2757], [125.0683, -9.5119]]], [[[125.6461, -8.1401], [125.5795, -8.3119], [125.5071, -8.2751], [125.5841, -8.1786], [125.6461, -8.1401]]], [[[124.0365, -9.3417], [124.4444, -9.1903], [124.2824, -9.4279], [124.0901, -9.4165], [124.0365, -9.3417]]]]}}, {"type": "Feature", "properties": {"SOVEREIGNT": "Thailand", "SOV_A3": "THA", "mean": 0.638, "GERMAN_NAME": "Thailand", "NOTE_DE": null}, "geometry": {"type": "MultiPolygon", "coordinates": [[[[100.1224, 20.3166], [100.1397, 20.2454], [100.3179, 20.3859], [100.5195, 20.1779], [100.3978, 19.756], [100.5137, 19.5534], [100.7441, 19.5147], [100.9666, 19.6107], [101.2118, 19.5482], [101.2863, 18.9772], [101.0469, 18.4419], [101.1441, 18.1427], [100.9086, 17.5838], [100.9558, 17.5411], [101.1675, 17.499], [101.6873, 17.8893], [101.7748, 18.0334], [102.1013, 18.2108], [102.6802, 17.8241], [103.0514, 18.0285], [103.2796, 18.305], [103.2519, 18.3736], [103.3671, 18.4234], [103.9496, 18.3191], [104.428, 17.6989], [104.7398, 17.4617], [104.8161, 17.3004], [104.7437, 16.8844], [104.8193, 16.4661], [105.0472, 16.1603], [105.4061, 15.9874], [105.3989, 15.8298], [105.6408, 15.6566], [105.4904, 15.2565], [105.5465, 14.9325], [105.4972, 14.5907], [105.1833, 14.3462], [105.0742, 14.2275], [104.9698, 14.3661], [104.779, 14.4278], [103.982, 14.3578], [103.6004, 14.421], [103.1993, 14.3326], [102.9092, 14.1367], [102.547, 13.5856], [102.3364, 13.5603], [102.3306, 13.2883], [102.4617, 13.0151], [102.4995, 12.6699], [102.7558, 12.4262], [102.7367, 12.0899], [102.934, 11.7066], [102.5942, 12.203], [102.5402, 12.1093], [102.259, 12.3943], [102.2295, 12.3316], [101.8356, 12.6404], [100.8978, 12.6538], [100.9626, 13.432], [100.603, 13.5681], [100.2358, 13.4844], [100.0176, 13.3532], [99.9906, 13.2435], [100.09, 13.0457], [99.964, 12.69], [99.9892, 12.1709], [99.6274, 11.4629], [99.487, 10.8895], [99.1652, 10.3198], [99.1608, 9.7341], [99.2883, 9.4147], [99.2541, 9.2651], [99.3938, 9.2137], [99.8355, 9.2884], [99.9896, 8.5892], [100.1292, 8.428], [100.1634, 8.5085], [100.2794, 8.2685], [100.545, 7.2269], [100.4392, 7.2807], [100.3805, 7.5414], [100.2837, 7.5515], [100.3175, 7.716], [100.2567, 7.7749], [100.158, 7.7282], [100.1609, 7.5992], [100.4234, 7.1879], [100.5861, 7.1759], [101.0177, 6.8611], [101.498, 6.8654], [101.7993, 6.4745], [102.101, 6.2423], [101.8738, 5.8252], [101.6783, 5.7787], [101.5559, 5.9078], [101.2571, 5.7893], [101.1138, 5.6367], [100.9817, 5.7709], [101.0757, 5.9566], [101.0534, 6.2427], [100.8741, 6.2454], [100.7546, 6.46], [100.3452, 6.5499], [100.2614, 6.6826], [100.1768, 6.6717], [100.1192, 6.4419], [99.6962, 6.8767], [99.7203, 7.1061], [99.5529, 7.2188], [99.5968, 7.3555], [99.3585, 7.3722], [99.2638, 7.619], [99.0777, 7.7181], [99.051, 7.8879], [98.7886, 8.0599], [98.7036, 8.2567], [98.5791, 8.3442], [98.421, 8.1782], [98.3055, 8.2261], [98.2418, 8.7678], [98.7026, 10.1904], [98.7573, 10.6609], [99.19, 11.1054], [99.6148, 11.7811], [99.4049, 12.5479], [99.2199, 12.7397], [99.1238, 13.0307], [99.1367, 13.7168], [98.9337, 14.0499], [98.5701, 14.3599], [98.2022, 14.9759], [98.191, 15.2041], [98.5568, 15.3676], [98.5924, 16.0506], [98.8181, 16.1808], [98.8883, 16.3521], [98.8354, 16.4177], [98.6608, 16.3305], [98.439, 16.9757], [97.7064, 17.7972], [97.7399, 17.9353], [97.6323, 18.2904], [97.4508, 18.3597], [97.3738, 18.518], [97.746, 18.5881], [97.7061, 18.9319], [97.804, 19.1305], [97.817, 19.4599], [98.015, 19.7494], [98.3714, 19.6892], [98.9168, 19.7728], [99.0741, 20.0993], [99.338, 20.079], [99.4859, 20.1498], [99.4589, 20.363], [99.7203, 20.3255], [99.8902, 20.4244], [100.1224, 20.3166]]], [[[102.6064, 11.6764], [102.5898, 11.5721], [102.533, 11.615], [102.6064, 11.6764]]], [[[102.4268, 11.9888], [102.3018, 11.9809], [102.2774, 12.152], [102.3188, 12.1417], [102.4268, 11.9888]]], [[[100.0742, 9.6967], [100.0256, 9.7117], [99.9834, 9.7936], [100.0436, 9.7917], [100.0742, 9.6967]]], [[[100.0706, 9.586], [100.0536, 9.4616], [99.9626, 9.4217], [99.9395, 9.56], [100.0706, 9.586]]], [[[99.663, 6.5219], [99.6065, 6.5967], [99.654, 6.7141], [99.7012, 6.5705], [99.663, 6.5219]]], [[[99.0784, 7.5918], [99.1043, 7.4713], [99.0453, 7.6365], [99.0784, 7.5918]]], [[[98.592, 7.934], [98.5802, 7.917], [98.5294, 8.1085], [98.6043, 8.0573], [98.592, 7.934]]], [[[98.4092, 7.9021], [98.2961, 7.7761], [98.322, 8.1663], [98.4351, 8.0856], [98.4092, 7.9021]]], [[[98.3076, 9.0514], [98.2508, 9.0409], [98.3012, 9.1391], [98.3127, 9.0804], [98.3076, 9.0514]]]]}}, {"type": "Feature", "properties": {"SOVEREIGNT": "United Republic of Tanzania", "SOV_A3": "TZA", "mean": 1.191, "GERMAN_NAME": "Tansania", "NOTE_DE": null}, "geometry": {"type": "MultiPolygon", "coordinates": [[[[32.9201, -9.4074], [32.4333, -9.1563], [31.9427, -9.0541], [31.9185, -8.9423], [31.6737, -8.9088], [31.3505, -8.607], [31.0333, -8.5976], [30.7511, -8.1937], [30.2129, -7.0378], [29.7096, -6.6169], [29.5407, -6.314], [29.4802, -6.025], [29.607, -5.7227], [29.3233, -4.8988], [29.4032, -4.4492], [29.7178, -4.4558], [29.9472, -4.3073], [30.4249, -3.5889], [30.6319, -3.4186], [30.6261, -3.3473], [30.7903, -3.2746], [30.7802, -2.9849], [30.4335, -2.8747], [30.4242, -2.6416], [30.5538, -2.4001], [30.8288, -2.3385], [30.8767, -2.1434], [30.8126, -1.563], [30.5081, -1.2083], [30.5099, -1.0673], [30.809, -0.9948], [33.9032, -1.0019], [37.644, -3.0455], [37.6879, -3.2463], [37.622, -3.5115], [39.2219, -4.6924], [38.8046, -6.0702], [38.8741, -6.3314], [39.5462, -7.0239], [39.2885, -7.5178], [39.287, -7.7876], [39.4285, -7.8127], [39.4411, -8.0116], [39.3039, -8.4438], [39.4883, -8.8619], [39.4512, -8.943], [39.6413, -9.1926], [39.6254, -9.4095], [39.7838, -9.9146], [39.7251, -10.0005], [40.0837, -10.1567], [40.4635, -10.4643], [39.9887, -10.8208], [39.3216, -11.1226], [38.7949, -11.2288], [38.4918, -11.4131], [38.1764, -11.2786], [37.9201, -11.2946], [37.725, -11.5808], [37.3729, -11.7105], [36.9791, -11.5671], [36.6738, -11.6843], [36.3055, -11.7065], [35.9113, -11.4546], [35.7853, -11.4529], [35.5643, -11.6023], [34.9595, -11.5782], [34.8907, -11.3935], [34.7737, -11.3416], [34.6077, -11.0804], [34.6671, -10.7925], [34.5699, -10.2411], [34.5242, -10.0302], [34.3208, -9.7317], [33.9957, -9.4954], [33.8888, -9.67], [33.4208, -9.6079], [32.9201, -9.4074]]], [[[39.7115, -7.9773], [39.6031, -7.9361], [39.9073, -7.6492], [39.8245, -7.9006], [39.7115, -7.9773]]], [[[39.8652, -4.9062], [39.8529, -5.2554], [39.7493, -5.4439], [39.6467, -5.3684], [39.6733, -4.9271], [39.8652, -4.9062]]], [[[39.4965, -6.1745], [39.5732, -6.3874], [39.4811, -6.4537], [39.1823, -6.1726], [39.1923, -5.931], [39.309, -5.722], [39.4965, -6.1745]]]]}}, {"type": "Feature", "properties": {"SOVEREIGNT": "Tajikistan", "SOV_A3": "TJK", "mean": 3.252, "GERMAN_NAME": "Tadschikistan", "NOTE_DE": null}, "geometry": {"type": "MultiPolygon", "coordinates": [[[[67.7591, 37.1723], [67.8145, 37.4869], [68.294, 38.033], [68.3502, 38.2111], [68.087, 38.4735], [68.0478, 38.6693], [68.1324, 38.9277], [67.6943, 38.9947], [67.6482, 39.1311], [67.3577, 39.2167], [67.4261, 39.4656], [67.7191, 39.6213], [68.4632, 39.5367], [68.586, 39.635], [68.6389, 39.8389], [68.8686, 39.9075], [68.8045, 40.0503], [68.9719, 40.0899], [68.6306, 40.1671], [69.275, 40.198], [69.2196, 40.2881], [69.3042, 40.3273], [69.2063, 40.5665], [69.3571, 40.7675], [69.7128, 40.6571], [70.2921, 40.8918], [70.4019, 41.0351], [70.7511, 40.7218], [70.3716, 40.3841], [70.6531, 40.2011], [70.9581, 40.2388], [70.5153, 39.95], [70.4515, 40.0493], [69.967, 40.2022], [69.5303, 40.0974], [69.4763, 39.9198], [69.3071, 39.9686], [69.2786, 39.9179], [69.229, 39.7612], [69.2977, 39.5248], [70.5012, 39.5872], [70.7993, 39.3948], [71.4703, 39.6036], [71.5035, 39.4788], [71.7321, 39.4231], [71.7785, 39.278], [72.0427, 39.3521], [72.2299, 39.2075], [72.3577, 39.3368], [72.5633, 39.3772], [73.1094, 39.362], [73.6318, 39.4489], [73.6073, 39.2292], [73.8053, 38.9687], [73.6962, 38.8543], [73.8017, 38.6068], [74.0256, 38.5398], [74.1315, 38.6611], [74.2776, 38.6597], [74.8122, 38.4603], [74.7751, 38.192], [74.9382, 37.7725], [74.8943, 37.6013], [75.1186, 37.3858], [74.8914, 37.2316], [74.6592, 37.3944], [74.3489, 37.4187], [73.6534, 37.2394], [73.7207, 37.4187], [73.383, 37.4623], [72.8956, 37.2676], [72.6573, 37.0289], [72.3588, 36.9829], [71.8019, 36.6943], [71.6655, 36.6969], [71.4329, 37.1275], [71.5823, 37.9101], [71.2785, 37.9183], [71.3328, 38.1703], [71.2558, 38.307], [70.8789, 38.4565], [70.6157, 38.3345], [70.2147, 37.9243], [70.2514, 37.6642], [70.1887, 37.5824], [69.4921, 37.5531], [69.3992, 37.3993], [69.4144, 37.2079], [69.3038, 37.1169], [68.9118, 37.334], [68.0676, 36.9498], [67.7591, 37.1723]]], [[[70.7017, 39.8254], [70.5595, 39.791], [70.4829, 39.8828], [70.6643, 39.8556], [70.7017, 39.8254]]], [[[70.6524, 40.9367], [70.6229, 40.9344], [70.5502, 41.015], [70.6182, 41.0016], [70.6524, 40.9367]]]]}}, {"type": "Feature", "properties": {"SOVEREIGNT": "Taiwan", "SOV_A3": "TWN", "mean": 1.171, "GERMAN_NAME": "Republik China", "NOTE_DE": null}, "geometry": {"type": "MultiPolygon", "coordinates": [[[[121.0089, 22.6203], [120.8973, 22.3791], [120.8397, 21.925], [120.7429, 21.9559], [120.5812, 22.3563], [120.3163, 22.5476], [120.0833, 23.0936], [120.1323, 23.6529], [121.0406, 25.0329], [121.5935, 25.2753], [121.9291, 24.9737], [121.82, 24.8244], [121.8279, 24.5344], [121.613, 24.0526], [121.3973, 23.1724], [121.0089, 22.6203]]], [[[118.4075, 24.5221], [118.4327, 24.4145], [118.2952, 24.4363], [118.2873, 24.4766], [118.4075, 24.5221]]]]}}, {"type": "Feature", "properties": {"SOVEREIGNT": "Syria", "SOV_A3": "SYR", "mean": 2.417, "GERMAN_NAME": "Syrien", "NOTE_DE": null}, "geometry": {"type": "Polygon", "coordinates": [[[42.3589, 37.1086], [41.7887, 36.5973], [41.4168, 36.5146], [41.2958, 36.3834], [41.2458, 36.0733], [41.3541, 35.6404], [41.2163, 35.2881], [41.1947, 34.7691], [40.9869, 34.4289], [38.7737, 33.3723], [36.8185, 32.3173], [36.3721, 32.3869], [35.7875, 32.7348], [35.8332, 32.8202], [35.8879, 32.9444], [35.8335, 33.1612], [35.8332, 33.1631], [35.8267, 33.1951], [35.8407, 33.4157], [36.0344, 33.5851], [35.9423, 33.6677], [35.9862, 33.7527], [36.092, 33.8317], [36.3649, 33.8393], [36.2778, 33.9252], [36.5849, 34.2212], [36.5042, 34.4322], [36.33, 34.4996], [36.4329, 34.6136], [36.384, 34.658], [35.9761, 34.6292], [35.8879, 34.9486], [35.9023, 35.4208], [35.7644, 35.5717], [35.8926, 35.9165], [36.1536, 35.8339], [36.3476, 36.0035], [36.3753, 36.1712], [36.6367, 36.234], [36.5373, 36.4575], [36.6587, 36.8026], [36.942, 36.7583], [37.0662, 36.6526], [37.4363, 36.6433], [38.1915, 36.9015], [38.7665, 36.6931], [39.3565, 36.6816], [40.0164, 36.826], [40.7058, 37.0976], [41.5154, 37.0891], [42.2027, 37.2972], [42.3589, 37.1086]]]}}, {"type": "Feature", "properties": {"SOVEREIGNT": "Switzerland", "SOV_A3": "CHE", "mean": 2.47, "GERMAN_NAME": "Schweiz", "NOTE_DE": null}, "geometry": {"type": "Polygon", "coordinates": [[[9.524, 47.5242], [9.6259, 47.4671], [9.5276, 47.2707], [9.4876, 47.0623], [9.5801, 47.0574], [10.1335, 46.8516], [10.3495, 46.9847], [10.4528, 46.865], [10.4308, 46.5499], [10.087, 46.5998], [10.0384, 46.4831], [10.1284, 46.2382], [9.9394, 46.3618], [9.5287, 46.3063], [9.4275, 46.4822], [9.2601, 46.4751], [9.2511, 46.2868], [9.0031, 46.015], [9.0236, 45.8458], [8.7781, 45.9963], [8.8184, 46.0772], [8.4584, 46.2459], [8.4224, 46.446], [8.0959, 46.271], [8.125, 46.161], [7.7881, 45.9218], [7.5386, 45.9782], [7.1289, 45.8805], [7.0213, 45.9258], [6.7721, 46.1651], [6.8168, 46.2752], [6.7581, 46.4158], [6.4291, 46.4305], [6.2347, 46.3326], [6.2728, 46.2523], [6.1994, 46.1931], [6.0068, 46.1424], [5.9701, 46.2148], [6.0961, 46.2794], [6.068, 46.4585], [6.1609, 46.611], [6.41, 46.7554], [6.4564, 46.9484], [6.667, 47.0265], [7.0007, 47.3225], [6.9003, 47.3942], [6.9683, 47.4532], [7.3431, 47.433], [7.6156, 47.5929], [8.4541, 47.5962], [8.5671, 47.6519], [8.4033, 47.6878], [8.5725, 47.7756], [8.881, 47.6564], [9.1827, 47.6708], [9.524, 47.5242]]]}}, {"type": "Feature", "properties": {"SOVEREIGNT": "Sweden", "SOV_A3": "SWE", "mean": 2.566, "GERMAN_NAME": "Schweden", "NOTE_DE": null}, "geometry": {"type": "MultiPolygon", "coordinates": [[[[11.3884, 59.0367], [11.4709, 58.9096], [11.643, 58.9261], [11.7981, 59.2899], [11.6808, 59.5922], [11.932, 59.8637], [12.1693, 59.913], [12.4861, 60.1068], [12.5887, 60.4507], [12.2942, 61.0026], [12.706, 61.0599], [12.8806, 61.3522], [12.1552, 61.7208], [12.3036, 62.2856], [12.1146, 62.5919], [12.1084, 62.9195], [12.2182, 63.0005], [12.0001, 63.2917], [12.2121, 63.4922], [12.175, 63.596], [12.7928, 63.9999], [13.2036, 64.0752], [13.9606, 64.0139], [14.0632, 64.0955], [14.1482, 64.2604], [14.0776, 64.464], [13.6503, 64.5815], [14.4798, 65.3014], [14.6346, 65.7933], [14.5431, 66.1293], [15.0399, 66.1675], [15.4838, 66.3059], [15.423, 66.4898], [16.4036, 67.055], [16.4342, 67.1551], [16.1275, 67.4257], [16.5742, 67.6196], [16.7838, 67.895], [17.3245, 68.1038], [17.9167, 67.965], [18.1766, 68.2007], [18.1626, 68.5285], [18.303, 68.5554], [19.9698, 68.3563], [20.2401, 68.4777], [19.9687, 68.5421], [20.2401, 68.6731], [20.3481, 68.8487], [20.1166, 69.0209], [20.6221, 69.0369], [21.9973, 68.5207], [22.8541, 68.3673], [23.0978, 68.2576], [23.1824, 68.1366], [23.6389, 67.9544], [23.5017, 67.8752], [23.5413, 67.6144], [23.4549, 67.4602], [23.7336, 67.4227], [23.775, 67.3285], [23.6259, 67.2339], [23.6414, 67.1294], [23.9884, 66.8106], [23.8657, 66.5766], [23.7012, 66.4806], [23.7004, 66.2526], [23.9074, 66.1483], [24.1555, 65.8053], [23.6914, 65.8286], [23.1025, 65.7354], [22.7464, 65.8711], [22.5387, 65.7944], [22.4008, 65.8622], [22.254, 65.5975], [22.0862, 65.6109], [22.1474, 65.5528], [21.9202, 65.5323], [21.8796, 65.424], [21.5656, 65.408], [21.5235, 65.3585], [21.6092, 65.2614], [21.4105, 65.3174], [21.5739, 65.1258], [21.1383, 64.8087], [21.5196, 64.4631], [21.0184, 64.178], [20.7628, 63.8678], [19.9136, 63.6106], [19.7221, 63.4634], [19.3542, 63.4775], [19.0345, 63.2378], [18.6064, 63.1784], [18.5308, 63.0635], [18.313, 62.9963], [18.502, 62.9889], [18.4632, 62.8958], [18.1701, 62.7893], [17.8796, 62.8731], [17.9743, 62.7211], [17.903, 62.6595], [18.0373, 62.6006], [17.6463, 62.451], [17.4102, 62.5085], [17.4289, 62.3347], [17.6337, 62.233], [17.5102, 62.1662], [17.3745, 61.8663], [17.4656, 61.6845], [17.1963, 61.7246], [17.1308, 61.5757], [17.251, 60.7008], [17.593, 60.6277], [17.6611, 60.535], [17.9559, 60.5899], [18.1626, 60.4078], [18.5575, 60.2535], [18.5355, 60.1528], [18.7872, 60.0794], [18.9906, 59.8278], [18.578, 59.5657], [17.9642, 59.3593], [18.1327, 59.3163], [18.5089, 59.4079], [18.6176, 59.327], [18.4142, 59.2904], [18.2853, 59.1094], [16.9782, 58.6541], [16.2142, 58.6366], [16.7884, 58.5852], [16.9238, 58.4925], [16.652, 58.4344], [16.7701, 58.2143], [16.7002, 58.1608], [16.6948, 57.9175], [16.5969, 57.9128], [16.5555, 57.8122], [16.6524, 57.5006], [16.476, 57.2653], [16.5278, 57.0681], [16.3489, 56.7093], [15.9205, 56.1673], [14.7141, 56.1341], [14.7548, 56.0331], [14.5586, 56.0486], [14.2152, 55.8327], [14.2029, 55.7292], [14.3419, 55.5277], [14.1738, 55.3967], [13.8062, 55.4286], [13.3213, 55.3463], [12.8857, 55.4114], [12.9739, 55.7481], [12.4713, 56.2905], [12.8018, 56.264], [12.6564, 56.4407], [12.8576, 56.4525], [12.9195, 56.5156], [12.8835, 56.6177], [12.4216, 56.9063], [12.0534, 57.447], [11.9616, 57.4262], [11.8788, 57.6794], [11.7351, 57.7176], [11.7031, 57.9732], [11.549, 58.0013], [11.4493, 58.1185], [11.4316, 58.34], [11.2484, 58.3691], [11.1472, 58.9887], [11.1958, 59.0783], [11.3884, 59.0367]]], [[[19.1565, 57.9225], [19.1385, 57.8602], [19.0392, 57.9109], [19.1349, 57.9814], [19.3315, 57.9628], [19.1565, 57.9225]]], [[[19.0766, 57.8359], [18.8138, 57.7061], [18.7908, 57.4831], [18.9078, 57.3984], [18.4772, 57.163], [18.3404, 56.9782], [18.1464, 56.9204], [18.2853, 57.0832], [18.105, 57.2719], [18.1366, 57.5567], [18.5373, 57.8306], [18.8052, 57.8332], [18.9006, 57.9154], [19.0766, 57.8359]]], [[[18.5953, 59.4704], [18.5722, 59.5258], [18.6986, 59.5346], [18.6979, 59.5245], [18.5953, 59.4704]]], [[[18.4164, 59.0292], [18.3498, 59.0226], [18.4855, 59.1047], [18.4164, 59.0292]]], [[[16.5285, 56.2905], [16.4317, 56.2438], [16.4014, 56.311], [16.4122, 56.5691], [16.9962, 57.3178], [17.1178, 57.3199], [16.5285, 56.2905]]]]}}, {"type": "Feature", "properties": {"SOVEREIGNT": "eSwatini", "SOV_A3": "SWZ", "mean": 0.699, "GERMAN_NAME": "Eswatini", "NOTE_DE": null}, "geometry": {"type": "Polygon", "coordinates": [[[31.9484, -25.9576], [32.0604, -26.0184], [32.1129, -26.8393], [31.9949, -26.8175], [31.9585, -27.3059], [31.4696, -27.2956], [31.0635, -27.1124], [30.8832, -26.7923], [30.7943, -26.7642], [30.8033, -26.4136], [31.2072, -25.8434], [31.4153, -25.7466], [31.8714, -25.9816], [31.9484, -25.9576]]]}}, {"type": "Feature", "properties": {"SOVEREIGNT": "Suriname", "SOV_A3": "SUR", "mean": 0.897, "GERMAN_NAME": "Suriname", "NOTE_DE": null}, "geometry": {"type": "Polygon", "coordinates": [[[-54.0834, 3.325], [-54.0834, 3.3252], [-54.1882, 3.1787], [-54.1885, 3.1772], [-54.1853, 3.0579], [-54.1882, 2.8748], [-54.1892, 2.8661], [-54.1954, 2.8179], [-54.2566, 2.7137], [-54.2893, 2.657], [-54.4409, 2.4406], [-54.4855, 2.4161], [-54.5359, 2.3432], [-54.5514, 2.3428], [-54.5903, 2.3385], [-54.6065, 2.3345], [-54.6162, 2.3267], [-54.7224, 2.4418], [-54.8761, 2.4505], [-54.9787, 2.5976], [-55.3855, 2.4407], [-55.7304, 2.406], [-55.9576, 2.5206], [-56.1376, 2.259], [-55.9154, 2.0396], [-55.9295, 1.8876], [-56.0198, 1.8423], [-56.4828, 1.9421], [-56.5627, 2.0051], [-56.5987, 2.0112], [-56.666, 2.0263], [-56.7042, 2.0365], [-56.7611, 2.115], [-56.8108, 2.2095], [-56.8255, 2.2408], [-56.8406, 2.2771], [-56.8864, 2.3258], [-56.9022, 2.3503], [-56.9378, 2.4242], [-56.9792, 2.5133], [-56.9843, 2.5185], [-57.0185, 2.5945], [-57.025, 2.6171], [-57.0289, 2.6376], [-57.0329, 2.6386], [-57.0419, 2.6412], [-57.0606, 2.6657], [-57.0714, 2.6907], [-57.1027, 2.762], [-57.1052, 2.7682], [-57.1063, 2.7688], [-57.1211, 2.7755], [-57.1636, 2.8333], [-57.1805, 2.8432], [-57.2064, 2.8748], [-57.2096, 2.8828], [-57.2068, 2.9633], [-57.2219, 2.9961], [-57.2266, 3.0236], [-57.2305, 3.0786], [-57.2316, 3.1088], [-57.2431, 3.1308], [-57.2737, 3.1612], [-57.278, 3.1643], [-57.2827, 3.2188], [-57.287, 3.3013], [-57.2996, 3.3705], [-57.3036, 3.3771], [-57.4904, 3.3544], [-57.5279, 3.3535], [-57.6467, 3.3946], [-57.6496, 3.5174], [-57.8328, 3.676], [-58.0546, 4.172], [-57.8461, 4.6681], [-57.881, 4.8805], [-57.7111, 4.9909], [-57.331, 5.0201], [-57.2096, 5.1955], [-57.3187, 5.3354], [-57.1949, 5.5484], [-57.0566, 5.9387], [-56.9699, 5.9929], [-56.2355, 5.8853], [-55.9396, 5.7954], [-55.8974, 5.6992], [-55.91, 5.8926], [-55.8283, 5.9618], [-54.8336, 5.9884], [-54.0542, 5.8079], [-54.046, 5.6088], [-54.1561, 5.359], [-54.452, 5.0135], [-54.4798, 4.8364], [-54.3509, 4.054], [-53.9905, 3.5896], [-54.0834, 3.325]]]}}, {"type": "Feature", "properties": {"SOVEREIGNT": "South Sudan", "SOV_A3": "SDS", "mean": 1.538, "GERMAN_NAME": "Südsudan", "NOTE_DE": null}, "geometry": {"type": "Polygon", "coordinates": [[[28.9795, 9.594], [29.473, 9.7686], [29.6037, 9.9213], [29.6055, 10.0651], [30.003, 10.2775], [30.7554, 9.7313], [31.2248, 9.7993], [31.7922, 10.3832], [31.9329, 10.6625], [32.4207, 11.0891], [32.339, 11.3145], [32.3387, 11.7101], [32.0723, 12.0069], [32.7368, 12.0097], [32.7221, 12.2231], [33.1994, 12.2172], [33.0734, 11.6061], [33.1299, 10.7459], [33.3715, 10.6527], [33.9072, 10.1813], [33.9633, 9.8618], [33.8715, 9.5062], [34.0782, 9.4616], [34.0728, 8.5453], [33.9533, 8.4434], [33.2811, 8.4372], [32.9989, 7.8995], [33.2261, 7.7606], [33.666, 7.6711], [33.9025, 7.5095], [34.0641, 7.2257], [34.7107, 6.6602], [34.9836, 5.8582], [35.2683, 5.4923], [35.0844, 5.3118], [34.9911, 5.2202], [34.8785, 5.1096], [34.3802, 4.6207], [33.9759, 4.2203], [33.4892, 3.7551], [33.1541, 3.7747], [32.9971, 3.8801], [32.3358, 3.7062], [32.136, 3.5198], [31.9419, 3.6076], [31.7979, 3.8027], [31.547, 3.6776], [31.1525, 3.7855], [30.8385, 3.4908], [30.7572, 3.6243], [30.5595, 3.6527], [30.5084, 3.8357], [30.1949, 3.9818], [29.6768, 4.5869], [29.4694, 4.6118], [29.225, 4.3919], [28.7271, 4.5049], [28.4276, 4.3243], [28.1922, 4.3503], [27.7882, 4.6446], [27.4034, 5.1093], [27.2569, 5.2896], [27.1438, 5.7228], [26.5142, 6.0693], [26.3245, 6.3963], [26.3619, 6.6353], [25.8889, 7.065], [25.279, 7.4274], [25.1815, 7.5572], [25.2474, 7.7245], [25.2006, 7.808], [24.8532, 8.1375], [24.2916, 8.2914], [24.1472, 8.6656], [24.2134, 8.7678], [24.532, 8.8869], [24.6735, 9.3894], [24.7826, 9.5274], [24.7851, 9.7747], [25.1041, 10.3119], [25.8583, 10.4066], [25.9191, 10.1692], [26.6586, 9.4841], [27.0744, 9.6138], [27.8858, 9.5997], [27.9963, 9.379], [28.0338, 9.343], [28.0489, 9.3284], [28.1803, 9.3281], [28.8366, 9.359], [28.8294, 9.3888], [28.8394, 9.4591], [28.8405, 9.4604], [28.9795, 9.594]]]}}, {"type": "Feature", "properties": {"SOVEREIGNT": "Sudan", "SOV_A3": "SDN", "mean": 1.537, "GERMAN_NAME": "Sudan", "NOTE_DE": null}, "geometry": {"type": "Polygon", "coordinates": [[[28.9795, 9.594], [28.9795, 9.5942], [28.9795, 10.1591], [27.8235, 10.1591], [27.8858, 9.5997], [27.0744, 9.6138], [26.6586, 9.4841], [25.9191, 10.1692], [25.8583, 10.4066], [25.1041, 10.3119], [24.7851, 9.7747], [24.7826, 9.5274], [24.6735, 9.3894], [24.532, 8.8869], [24.2134, 8.7678], [24.1472, 8.6656], [23.5374, 8.8159], [23.4682, 9.1148], [23.6227, 9.3406], [23.6464, 9.8229], [23.3124, 10.3881], [22.8602, 10.9197], [22.9225, 11.3449], [22.5913, 11.5799], [22.5808, 11.9902], [22.4725, 12.0678], [22.3522, 12.6604], [21.9282, 12.6781], [21.8252, 12.7905], [21.9901, 13.1132], [22.228, 13.3296], [22.1064, 13.7998], [22.5387, 14.1619], [22.3814, 14.5505], [22.6708, 14.7225], [22.7634, 14.9986], [22.9322, 15.1621], [22.934, 15.5332], [23.105, 15.7026], [23.9708, 15.7215], [23.9802, 19.4965], [23.9802, 19.996], [24.9795, 20.0026], [24.9802, 21.9958], [31.2093, 21.9948], [31.4001, 22.2024], [31.4862, 22.1477], [31.4343, 21.9958], [36.8714, 21.9967], [36.9269, 21.5866], [37.2584, 21.1086], [37.2573, 21.0393], [37.1504, 21.1037], [37.1411, 20.9819], [37.2275, 20.5566], [37.1933, 20.1207], [37.2483, 19.5819], [37.4712, 18.82], [38.6095, 18.0051], [38.2535, 17.5847], [37.5475, 17.3242], [37.4111, 17.0616], [37.0089, 17.0588], [36.8876, 16.6247], [36.9139, 16.2962], [36.4268, 15.1321], [36.5244, 14.2568], [36.3905, 13.6261], [36.1601, 13.0934], [36.1251, 12.757], [35.6701, 12.6237], [35.1125, 11.8165], [34.9314, 10.8648], [34.7712, 10.7461], [34.5717, 10.8801], [34.3439, 10.6586], [34.2758, 10.5281], [34.3111, 10.1907], [34.0782, 9.4616], [33.8715, 9.5062], [33.9633, 9.8618], [33.9072, 10.1813], [33.3715, 10.6527], [33.1299, 10.7459], [33.0734, 11.6061], [33.1994, 12.2172], [32.7221, 12.2231], [32.7368, 12.0097], [32.0723, 12.0069], [32.3387, 11.7101], [32.339, 11.3145], [32.4207, 11.0891], [31.9329, 10.6625], [31.7922, 10.3832], [31.2248, 9.7993], [30.7554, 9.7313], [30.003, 10.2775], [29.6055, 10.0651], [29.6037, 9.9213], [29.473, 9.7686], [28.9795, 9.594]]]}}, {"type": "Feature", "properties": {"SOVEREIGNT": "Sri Lanka", "SOV_A3": "LKA", "mean": 0.761, "GERMAN_NAME": "Sri Lanka", "NOTE_DE": null}, "geometry": {"type": "MultiPolygon", "coordinates": [[[[79.9822, 9.8127], [80.2529, 9.7964], [80.7112, 9.3665], [81.1983, 8.662], [81.2271, 8.5056], [81.3729, 8.4313], [81.4222, 8.1479], [81.874, 7.2884], [81.8614, 6.9013], [81.6375, 6.4251], [81.3063, 6.2039], [80.7241, 5.9792], [80.2673, 6.0099], [80.0952, 6.1533], [79.8594, 6.8293], [79.7129, 8.1822], [79.75, 8.2942], [79.7835, 8.0184], [79.9289, 8.8992], [80.0995, 9.2099], [80.0862, 9.5779], [80.4282, 9.481], [80.2576, 9.6114], [80.0459, 9.6499], [79.9541, 9.7424], [79.9822, 9.8127]]], [[[79.9696, 9.6306], [79.9069, 9.6199], [79.8587, 9.7344], [79.8886, 9.7412], [79.9696, 9.6306]]], [[[79.8749, 9.0507], [79.9037, 8.9751], [79.7478, 9.1045], [79.8601, 9.0657], [79.8749, 9.0507]]]]}}, {"type": "Feature", "properties": {"SOVEREIGNT": "Spain", "SOV_A3": "ESP", "mean": 1.931, "GERMAN_NAME": "Spanien", "NOTE_DE": null}, "geometry": {"type": "MultiPolygon", "coordinates": [[[[4.2935, 39.8419], [3.8673, 39.9588], [3.8533, 40.063], [4.2259, 40.0324], [4.2935, 39.8419]]], [[[3.1451, 39.7901], [3.3961, 39.7773], [3.4619, 39.6976], [3.2449, 39.3866], [3.0728, 39.3012], [2.7999, 39.385], [2.7005, 39.5421], [2.4997, 39.4779], [2.3701, 39.572], [2.7848, 39.8549], [3.1588, 39.9705], [3.1451, 39.7901]]], [[[-1.7941, 43.4074], [-1.7534, 43.3248], [-1.4107, 43.2402], [-1.4607, 43.0518], [-1.3001, 43.1009], [-0.7627, 42.9398], [-0.5863, 42.799], [-0.2993, 42.8253], [-0.0412, 42.6892], [0.6316, 42.6897], [0.6968, 42.845], [1.2933, 42.71], [1.4283, 42.596], [1.4488, 42.4375], [1.7062, 42.5033], [2.0327, 42.3537], [2.2005, 42.421], [2.6516, 42.3403], [2.8913, 42.4561], [3.2114, 42.4313], [3.3068, 42.2889], [3.1664, 42.2565], [3.2481, 41.9442], [3.0047, 41.7674], [2.311, 41.4664], [2.0828, 41.2873], [1.033, 41.062], [0.7148, 40.8228], [0.8912, 40.7224], [0.596, 40.6146], [-0.3271, 39.5199], [-0.205, 39.0626], [0.2014, 38.7592], [-0.5207, 38.3173], [-0.8145, 37.7699], [-0.7216, 37.631], [-1.3275, 37.5611], [-1.6411, 37.387], [-2.1116, 36.7767], [-2.4529, 36.831], [-2.7877, 36.7148], [-4.367, 36.7181], [-4.6741, 36.5065], [-5.1716, 36.4239], [-5.3609, 36.1349], [-5.6255, 36.0259], [-6.0406, 36.1883], [-6.2689, 36.5967], [-6.3841, 36.637], [-6.4121, 36.7288], [-6.2167, 36.9135], [-6.3963, 36.8316], [-6.8845, 37.1943], [-6.8639, 37.279], [-6.9748, 37.1985], [-7.4061, 37.1796], [-7.5037, 37.5855], [-7.4439, 37.7282], [-7.1854, 38.0064], [-7.0227, 38.0448], [-6.9575, 38.188], [-7.1062, 38.181], [-7.3431, 38.4573], [-7.2815, 38.7146], [-7.0461, 38.907], [-6.9979, 39.0565], [-7.1725, 39.1353], [-7.3355, 39.4651], [-7.5357, 39.6615], [-7.1177, 39.6817], [-6.9755, 39.7985], [-6.896, 40.0218], [-7.0328, 40.168], [-6.8103, 40.3431], [-6.8359, 40.7775], [-6.9284, 41.0091], [-6.2123, 41.532], [-6.3081, 41.6422], [-6.5421, 41.6726], [-6.6184, 41.9423], [-7.1473, 41.9812], [-7.4036, 41.8337], [-7.9209, 41.8837], [-8.1524, 41.812], [-8.2247, 41.8958], [-8.1301, 42.0182], [-8.2661, 42.1374], [-8.777, 41.9411], [-8.8781, 41.9468], [-8.8871, 42.1053], [-8.6909, 42.274], [-8.8159, 42.2851], [-8.7302, 42.4118], [-8.8123, 42.4701], [-8.8115, 42.6404], [-9.0329, 42.5939], [-8.9271, 42.7985], [-9.2353, 42.977], [-9.178, 43.1739], [-8.8738, 43.3345], [-8.3554, 43.3968], [-8.2489, 43.4395], [-8.2568, 43.5799], [-7.6981, 43.7646], [-7.0609, 43.5541], [-5.8466, 43.645], [-4.5232, 43.4157], [-3.6045, 43.5195], [-3.0458, 43.3716], [-2.8751, 43.4544], [-2.3369, 43.3281], [-1.7941, 43.4074]]], [[[1.4452, 38.9189], [1.4089, 38.8572], [1.2235, 38.9039], [1.3487, 39.0808], [1.6133, 39.0874], [1.4452, 38.9189]]], [[[1.5939, 38.672], [1.4056, 38.671], [1.402, 38.7114], [1.4362, 38.7682], [1.5939, 38.672]]], [[[-13.7158, 28.9112], [-13.8598, 28.8691], [-13.7882, 29.0561], [-13.4635, 29.2371], [-13.4779, 29.0066], [-13.7158, 28.9112]]], [[[-14.1968, 28.1693], [-14.3325, 28.056], [-14.4916, 28.101], [-14.2321, 28.2159], [-14.0035, 28.7067], [-13.8573, 28.7381], [-13.8274, 28.5852], [-13.9279, 28.2533], [-14.1968, 28.1693]]], [[[-15.4006, 28.1473], [-15.4366, 27.8108], [-15.6559, 27.7585], [-15.8074, 27.8876], [-15.6829, 28.1541], [-15.4006, 28.1473]]], [[[-16.3345, 28.3799], [-16.4961, 28.0619], [-16.6581, 28.0072], [-16.9054, 28.3396], [-16.1235, 28.576], [-16.3345, 28.3799]]], [[[-17.1848, 28.022], [-17.3248, 28.1176], [-17.2586, 28.2032], [-17.1038, 28.1112], [-17.1848, 28.022]]], [[[-17.8342, 28.4932], [-18.0009, 28.7582], [-17.9289, 28.8447], [-17.7975, 28.8468], [-17.7266, 28.7246], [-17.8342, 28.4932]]], [[[-17.8879, 27.8095], [-17.9847, 27.6464], [-18.1604, 27.7615], [-17.9246, 27.8502], [-17.8879, 27.8095]]]]}}, {"type": "Feature", "properties": {"SOVEREIGNT": "South Korea", "SOV_A3": "KOR", "mean": 1.75, "GERMAN_NAME": "Südkorea", "NOTE_DE": null}, "geometry": {"type": "MultiPolygon", "coordinates": [[[[130.9161, 37.4784], [130.8708, 37.4488], [130.8103, 37.5099], [130.9039, 37.5538], [130.9161, 37.4784]]], [[[126.6339, 37.7818], [126.6667, 37.917], [127.0904, 38.284], [128.039, 38.3086], [128.1686, 38.3593], [128.3745, 38.6234], [128.6189, 38.1762], [129.335, 37.2747], [129.4181, 37.0589], [129.4736, 36.7418], [129.4034, 36.0521], [129.5729, 36.0505], [129.4192, 35.4979], [129.214, 35.1818], [129.0769, 35.1227], [128.5109, 35.101], [128.4188, 35.0157], [128.444, 34.8703], [128.0944, 34.9336], [128.0361, 35.022], [127.715, 34.9546], [127.6394, 34.8897], [127.7153, 34.721], [127.6325, 34.6903], [127.5235, 34.8401], [127.4043, 34.8231], [127.4792, 34.6254], [127.3247, 34.4633], [127.1735, 34.5463], [127.247, 34.7552], [126.8974, 34.4388], [126.7549, 34.5117], [126.5313, 34.3142], [126.4816, 34.4938], [126.2645, 34.6733], [126.5245, 34.6979], [126.473, 34.7564], [126.5932, 34.8245], [126.4208, 34.8234], [126.2912, 35.1541], [126.4928, 35.5014], [126.6141, 35.571], [126.4885, 35.6472], [126.7174, 35.7688], [126.7531, 35.8719], [126.6476, 35.9224], [126.6933, 36.0141], [126.5403, 36.1661], [126.4877, 36.6938], [126.181, 36.6917], [126.1605, 36.7719], [126.487, 37.0074], [126.7844, 36.9484], [126.8722, 36.8245], [126.977, 36.9394], [126.869, 36.9756], [126.7462, 37.1936], [126.7905, 37.295], [126.6505, 37.4472], [126.5633, 37.7164], [126.6339, 37.7818]]], [[[128.741, 34.7986], [128.6467, 34.7368], [128.4893, 34.8653], [128.7219, 35.0135], [128.741, 34.7986]]], [[[128.066, 34.8059], [128.0548, 34.7082], [127.8734, 34.7351], [127.8323, 34.8745], [127.9155, 34.921], [128.066, 34.8059]]], [[[127.7989, 34.6152], [127.7373, 34.631], [127.787, 34.6822], [127.7989, 34.6152]]], [[[126.3268, 33.2237], [126.1655, 33.312], [126.3376, 33.4604], [126.6955, 33.5493], [126.901, 33.5151], [126.8729, 33.3412], [126.3268, 33.2237]]], [[[126.7531, 34.3439], [126.689, 34.3053], [126.6519, 34.3902], [126.7001, 34.3958], [126.7531, 34.3439]]], [[[126.5209, 37.7367], [126.5162, 37.6046], [126.4607, 37.6104], [126.3693, 37.7719], [126.4118, 37.8226], [126.5209, 37.7367]]], [[[126.4175, 36.4926], [126.4039, 36.4279], [126.3376, 36.4706], [126.3185, 36.6125], [126.4175, 36.4926]]], [[[126.2336, 34.3704], [126.1227, 34.4439], [126.2476, 34.5634], [126.3437, 34.545], [126.3355, 34.4263], [126.2336, 34.3704]]], [[[126.172, 34.7313], [126.1151, 34.7143], [126.0075, 34.8675], [126.0784, 34.9149], [126.172, 34.7313]]]]}}, {"type": "Feature", "properties": {"SOVEREIGNT": "South Africa", "SOV_A3": "ZAF", "mean": 0.992, "GERMAN_NAME": "Südafrika", "NOTE_DE": null}, "geometry": {"type": "MultiPolygon", "coordinates": [[[[37.8571, -46.9441], [37.6119, -46.9464], [37.59, -46.908], [37.7894, -46.8374], [37.8571, -46.9441]]], [[[29.3647, -22.1939], [29.6631, -22.1463], [30.1905, -22.2911], [30.9163, -22.2907], [31.2878, -22.402], [31.5456, -23.4823], [31.7997, -23.8922], [31.9859, -24.4606], [31.9484, -25.9576], [31.8714, -25.9816], [31.4153, -25.7466], [31.2072, -25.8434], [30.8033, -26.4136], [30.7943, -26.7642], [30.8832, -26.7923], [31.0635, -27.1124], [31.4696, -27.2956], [31.9585, -27.3059], [31.9949, -26.8175], [32.1129, -26.8393], [32.8862, -26.8492], [32.5349, -28.1997], [32.2857, -28.6215], [31.7781, -28.9372], [31.3353, -29.3781], [30.4724, -30.7147], [29.9713, -31.322], [28.4496, -32.6246], [27.3638, -33.3607], [26.4296, -33.7595], [25.8057, -33.7371], [25.6524, -33.8496], [25.5742, -34.0355], [25.0029, -33.9735], [24.8272, -34.1689], [24.5954, -34.1745], [23.6979, -33.9928], [23.2681, -34.0813], [22.5538, -34.01], [22.2457, -34.0691], [21.7888, -34.3727], [20.99, -34.3675], [20.5299, -34.4631], [20.0205, -34.7856], [19.635, -34.7533], [19.2984, -34.615], [19.3308, -34.4923], [19.0982, -34.3501], [18.8314, -34.364], [18.7522, -34.0827], [18.5337, -34.086], [18.4617, -34.3468], [18.4102, -34.2956], [18.3336, -34.0744], [18.3544, -33.939], [18.465, -33.8878], [18.4329, -33.7173], [17.9926, -33.1522], [17.8512, -32.8275], [17.9653, -32.7086], [18.1251, -32.7492], [18.3253, -32.505], [18.2108, -31.7425], [17.3472, -30.4448], [16.9501, -29.4034], [16.4475, -28.6175], [16.7557, -28.4521], [16.8752, -28.1281], [17.0563, -28.0312], [17.3587, -28.2695], [17.3479, -28.5012], [17.448, -28.698], [18.1028, -28.8718], [19.1616, -28.9388], [19.5399, -28.5746], [19.9806, -28.4512], [19.9806, -24.7767], [20.4306, -25.1471], [20.7931, -25.9156], [20.815, -26.1649], [20.6268, -26.444], [20.6851, -26.8225], [21.6949, -26.8409], [22.5978, -26.1326], [22.8789, -25.4579], [23.0575, -25.3121], [23.3894, -25.2913], [23.8938, -25.601], [24.748, -25.8174], [25.4436, -25.7145], [25.584, -25.6063], [25.9123, -24.7475], [26.3972, -24.6136], [26.835, -24.2407], [27.0855, -23.5779], [27.7584, -23.1968], [28.2102, -22.6936], [28.8398, -22.4808], [29.13, -22.2133], [29.3647, -22.1939]], [[28.7368, -30.102], [29.0979, -29.9191], [29.3906, -29.2698], [29.3013, -29.0899], [28.6256, -28.5817], [27.7357, -28.9402], [27.2947, -29.5193], [27.0571, -29.6256], [27.3886, -30.3158], [27.753, -30.6001], [28.0568, -30.6312], [28.392, -30.1475], [28.7368, -30.102]]]]}}, {"type": "Feature", "properties": {"SOVEREIGNT": "Somalia", "SOV_A3": "SOM", "mean": 0.888, "GERMAN_NAME": "Somalia", "NOTE_DE": null}, "geometry": {"type": "Polygon", "coordinates": [[[41.5327, -1.6953], [41.5219, -1.5722], [40.9787, -0.8703], [40.9646, 2.8146], [41.3419, 3.2016], [41.8841, 3.9776], [42.0241, 4.1378], [42.8568, 4.3243], [43.1257, 4.6445], [43.5836, 4.855], [43.989, 4.9505], [44.9405, 4.9119], [46.4229, 6.4973], [47.9781, 7.997], [48.9379, 9.4519], [48.9386, 11.2585], [50.1101, 11.5292], [50.4661, 11.7274], [50.636, 11.9437], [50.7923, 11.9838], [51.2549, 11.8307], [51.0842, 11.3357], [51.1408, 10.6569], [51.0317, 10.4448], [51.1883, 10.4797], [51.193, 10.5547], [51.3902, 10.4226], [50.9302, 10.3356], [50.825, 9.4282], [50.1029, 8.1998], [49.8519, 7.9625], [49.6712, 7.4694], [49.2349, 6.7774], [49.0491, 6.1737], [47.9753, 4.4971], [46.8787, 3.2856], [46.0511, 2.4753], [44.9203, 1.8102], [43.7175, 0.8578], [41.9798, -0.9729], [41.5327, -1.6953]]]}}, {"type": "Feature", "properties": {"SOVEREIGNT": "Somaliland", "SOV_A3": "SOL", "mean": 1.185, "GERMAN_NAME": "Somaliland", "NOTE_DE": null}, "geometry": {"type": "Polygon", "coordinates": [[[48.9386, 11.2585], [48.9379, 9.4519], [47.9781, 7.997], [46.9781, 7.997], [43.9839, 9.0087], [43.4825, 9.3796], [43.1815, 9.88], [42.8417, 10.203], [42.6566, 10.6], [42.9227, 10.9992], [43.2459, 11.4997], [43.8529, 10.7843], [44.3864, 10.4302], [44.943, 10.4368], [45.8167, 10.8359], [46.5651, 10.7459], [47.405, 11.1741], [48.0192, 11.1394], [48.5725, 11.3206], [48.9386, 11.2585]]]}}, {"type": "Feature", "properties": {"SOVEREIGNT": "Solomon Islands", "SOV_A3": "SLB", "mean": 0.914, "GERMAN_NAME": "Salomonen", "NOTE_DE": null}, "geometry": {"type": "MultiPolygon", "coordinates": [[[[166.9291, -11.6652], [166.806, -11.6773], [166.7473, -11.5909], [166.8553, -11.5789], [166.9291, -11.6652]]], [[[166.1331, -10.7579], [165.9038, -10.8515], [165.7911, -10.7848], [166.0237, -10.6613], [166.1619, -10.6932], [166.1331, -10.7579]]], [[[161.7152, -10.3872], [162.1055, -10.4537], [162.3733, -10.8232], [161.7869, -10.717], [161.5377, -10.5663], [161.487, -10.3613], [161.294, -10.3265], [161.3048, -10.2044], [161.7152, -10.3872]]], [[[161.5478, -9.6256], [161.5539, -9.7698], [161.4099, -9.6815], [161.3642, -9.3535], [161.5478, -9.6256]]], [[[160.7493, -8.314], [160.9977, -8.612], [160.9445, -8.7989], [161.1587, -8.9619], [161.3675, -9.6112], [160.8735, -9.1568], [160.772, -8.964], [160.6626, -8.6205], [160.7141, -8.5393], [160.5906, -8.3728], [160.7493, -8.314]]], [[[159.7503, -9.2726], [159.9707, -9.4333], [160.3544, -9.4215], [160.6255, -9.5888], [160.8188, -9.8629], [160.6493, -9.9287], [159.8029, -9.7636], [159.6125, -9.4706], [159.6254, -9.3113], [159.7503, -9.2726]]], [[[160.5762, -11.7979], [160.443, -11.8149], [160.2702, -11.6639], [160.0034, -11.5796], [159.9865, -11.4949], [160.5762, -11.7979]]], [[[160.1683, -8.9956], [160.2536, -9.0074], [160.4073, -9.1403], [160.2759, -9.1686], [160.1053, -9.0808], [160.1683, -8.9956]]], [[[159.8792, -8.5342], [158.9439, -8.0408], [158.5969, -7.7591], [158.4576, -7.5447], [158.7344, -7.6043], [159.1095, -7.9035], [159.4314, -8.0292], [159.8432, -8.327], [159.7939, -8.406], [159.8792, -8.5342]]], [[[159.6877, -8.5079], [159.5693, -8.4848], [159.5531, -8.3992], [159.6416, -8.4145], [159.6877, -8.5079]]], [[[159.1887, -9.1235], [159.071, -9.1098], [159.0365, -9.0751], [159.1297, -8.9931], [159.2283, -9.0301], [159.1887, -9.1235]]], [[[158.2009, -8.8218], [158.1555, -8.7859], [158.2099, -8.6781], [158.2535, -8.7974], [158.2009, -8.8218]]], [[[158.108, -8.6842], [157.9377, -8.7364], [157.9093, -8.5657], [158.1055, -8.5368], [158.108, -8.6842]]], [[[157.7635, -8.2423], [157.8985, -8.5063], [157.8193, -8.612], [157.5878, -8.4454], [157.5579, -8.2699], [157.3023, -8.3333], [157.2177, -8.2628], [157.4906, -7.9656], [157.599, -8.0061], [157.6512, -8.2168], [157.7635, -8.2423]]], [[[157.6454, -8.7588], [157.586, -8.783], [157.4535, -8.7059], [157.5792, -8.7036], [157.6454, -8.7588]]], [[[157.4867, -7.3304], [157.4413, -7.4257], [157.1015, -7.3236], [156.4949, -6.7616], [156.4524, -6.6382], [156.6043, -6.641], [157.0302, -6.892], [157.1933, -7.1605], [157.4867, -7.3304]]], [[[157.3891, -8.7134], [157.2123, -8.565], [157.3794, -8.4209], [157.3322, -8.6507], [157.3891, -8.7134]]], [[[157.172, -8.1081], [157.0413, -8.1175], [156.9582, -8.0144], [157.0241, -7.8678], [157.1861, -7.9412], [157.172, -8.1081]]], [[[156.6878, -7.9229], [156.5111, -7.7077], [156.5611, -7.5741], [156.8091, -7.7228], [156.6878, -7.9229]]], [[[156.6039, -8.1717], [156.5395, -8.0731], [156.5705, -7.9587], [156.6126, -8.0963], [156.6039, -8.1717]]], [[[155.84, -7.0971], [155.7392, -7.1211], [155.6777, -7.089], [155.7389, -6.9729], [155.8645, -7.0431], [155.84, -7.0971]]]]}}, {"type": "Feature", "properties": {"SOVEREIGNT": "Slovakia", "SOV_A3": "SVK", "mean": 1.89, "GERMAN_NAME": "Slowakei", "NOTE_DE": null}, "geometry": {"type": "Polygon", "coordinates": [[[22.5387, 49.0727], [22.1427, 48.5685], [22.1319, 48.4052], [21.7215, 48.3465], [21.4515, 48.5523], [20.49, 48.527], [20.3337, 48.2955], [19.9503, 48.1466], [19.6252, 48.2231], [19.4668, 48.1106], [18.7918, 48.0002], [18.7242, 47.7873], [17.7619, 47.7703], [17.1474, 48.006], [16.8655, 48.3868], [16.953, 48.5989], [17.1355, 48.841], [17.7586, 48.8882], [18.0859, 49.0651], [18.1608, 49.2574], [18.5964, 49.4915], [18.8322, 49.5108], [18.9384, 49.4983], [18.9682, 49.3964], [19.1493, 49.4], [19.4416, 49.5977], [19.6303, 49.4066], [19.7739, 49.3723], [19.7566, 49.2043], [20.0576, 49.1812], [20.1638, 49.3165], [20.3629, 49.3853], [20.8683, 49.3148], [21.0793, 49.4183], [21.6398, 49.412], [21.89, 49.3435], [22.02, 49.2095], [22.5387, 49.0727]]]}}, {"type": "Feature", "properties": {"SOVEREIGNT": "Slovenia", "SOV_A3": "SVN", "mean": 2.018, "GERMAN_NAME": "Slowenien", "NOTE_DE": null}, "geometry": {"type": "Polygon", "coordinates": [[[16.5163, 46.4998], [16.3212, 46.5345], [16.2276, 46.3729], [15.6361, 46.2007], [15.6523, 45.8623], [15.2772, 45.7326], [15.3538, 45.6599], [15.2836, 45.5797], [15.3394, 45.4671], [14.793, 45.4782], [14.5687, 45.6571], [14.37, 45.4815], [13.9927, 45.5094], [13.8786, 45.4284], [13.578, 45.5169], [13.7198, 45.5875], [13.8746, 45.6148], [13.5834, 45.8123], [13.614, 45.9617], [13.4804, 46.0093], [13.6327, 46.1771], [13.3782, 46.2616], [13.7, 46.5203], [14.55, 46.3996], [14.8934, 46.6058], [15.9576, 46.6775], [15.977, 46.8014], [16.0929, 46.8634], [16.2837, 46.8573], [16.5163, 46.4998]]]}}, {"type": "Feature", "properties": {"SOVEREIGNT": "Singapore", "SOV_A3": "SGP", "mean": 0.873, "GERMAN_NAME": "Singapur", "NOTE_DE": null}, "geometry": {"type": "Polygon", "coordinates": [[[103.9697, 1.3315], [103.82, 1.2654], [103.65, 1.3254], [103.8178, 1.4471], [103.9697, 1.3315]]]}}, {"type": "Feature", "properties": {"SOVEREIGNT": "Sierra Leone", "SOV_A3": "SLE", "mean": 0.863, "GERMAN_NAME": "Sierra Leone", "NOTE_DE": null}, "geometry": {"type": "MultiPolygon", "coordinates": [[[[-10.2832, 8.4851], [-10.3599, 8.188], [-10.5709, 8.0711], [-10.6476, 7.7594], [-11.2678, 7.2327], [-11.5076, 6.9065], [-11.7333, 7.0886], [-12.4857, 7.3863], [-12.4328, 7.5449], [-12.4803, 7.7534], [-12.6978, 7.7159], [-12.8508, 7.8188], [-12.957, 8.1453], [-13.1488, 8.2145], [-13.2727, 8.4297], [-13.2612, 8.4875], [-13.0851, 8.4247], [-12.894, 8.6299], [-13.182, 8.5769], [-13.2068, 8.8432], [-13.0596, 8.8812], [-13.2928, 9.0492], [-13.0279, 9.1035], [-12.9588, 9.2632], [-12.7557, 9.3737], [-12.4281, 9.8981], [-12.1423, 9.8753], [-11.9227, 9.9227], [-11.9112, 9.993], [-11.2736, 9.9965], [-10.6904, 9.3142], [-10.7469, 9.0952], [-10.6159, 9.0591], [-10.5007, 8.6876], [-10.712, 8.3351], [-10.5576, 8.3157], [-10.3945, 8.4809], [-10.2832, 8.4851]]], [[[-12.526, 7.4363], [-12.5408, 7.4102], [-12.9516, 7.5708], [-12.6153, 7.6372], [-12.5124, 7.5824], [-12.526, 7.4363]]]]}}, {"type": "Feature", "properties": {"SOVEREIGNT": "Seychelles", "SOV_A3": "SYC", "mean": 0.521, "GERMAN_NAME": "Seychellen", "NOTE_DE": null}, "geometry": {"type": "Polygon", "coordinates": [[[55.5403, -4.6931], [55.5428, -4.7856], [55.3834, -4.6093], [55.4557, -4.5589], [55.5403, -4.6931]]]}}, {"type": "Feature", "properties": {"SOVEREIGNT": "Republic of Serbia", "SOV_A3": "SRB", "mean": 1.983, "GERMAN_NAME": "Serbien", "NOTE_DE": null}, "geometry": {"type": "Polygon", "coordinates": [[[22.705, 44.2379], [22.5974, 44.0753], [22.4206, 44.0074], [22.3695, 43.7812], [22.5546, 43.4546], [22.9768, 43.1878], [22.7061, 42.8839], [22.4667, 42.8424], [22.4361, 42.6291], [22.5236, 42.441], [22.344, 42.3139], [22.2399, 42.3582], [21.5624, 42.2475], [21.5188, 42.3283], [21.7528, 42.6699], [21.3907, 42.7515], [21.4029, 42.8315], [20.8006, 43.2611], [20.6232, 43.1986], [20.6239, 43.0341], [20.3442, 42.8279], [20.2686, 42.9355], [19.6144, 43.1734], [19.1943, 43.5334], [19.4514, 43.562], [19.4953, 43.6429], [19.2451, 43.9651], [19.5838, 44.0433], [19.1184, 44.3599], [19.3488, 44.8808], [19.0071, 44.8691], [19.1, 44.9738], [19.0629, 45.1373], [19.3999, 45.2125], [19.0046, 45.3996], [19.0644, 45.515], [18.9178, 45.6007], [18.839, 45.8359], [18.9052, 45.9319], [19.2782, 46.0029], [19.6134, 46.1691], [20.2419, 46.1086], [20.7751, 45.7498], [20.7942, 45.4678], [21.4904, 45.1479], [21.3529, 45.009], [21.5322, 44.9006], [21.3601, 44.8266], [22.093, 44.542], [22.4977, 44.7062], [22.642, 44.651], [22.7342, 44.5699], [22.5538, 44.5402], [22.4944, 44.4354], [22.705, 44.2379]]]}}, {"type": "Feature", "properties": {"SOVEREIGNT": "Senegal", "SOV_A3": "SEN", "mean": 0.585, "GERMAN_NAME": "Senegal", "NOTE_DE": null}, "geometry": {"type": "Polygon", "coordinates": [[[-12.2805, 14.8091], [-12.1866, 14.6482], [-12.2283, 14.4585], [-12.0192, 14.2065], [-11.9608, 13.8753], [-12.0541, 13.633], [-11.8316, 13.3157], [-11.7582, 13.3945], [-11.635, 13.3699], [-11.3902, 12.942], [-11.4507, 12.5576], [-11.3895, 12.4043], [-12.399, 12.3401], [-12.9307, 12.5323], [-13.0614, 12.4899], [-13.083, 12.6335], [-13.7292, 12.6739], [-15.1962, 12.6798], [-15.5749, 12.4904], [-16.7118, 12.3549], [-16.7604, 12.5258], [-16.4428, 12.6095], [-16.5976, 12.7152], [-16.7438, 12.5854], [-16.7632, 13.0642], [-16.6488, 13.1541], [-15.8344, 13.1564], [-15.8143, 13.3251], [-15.2862, 13.3959], [-15.1512, 13.5565], [-14.2468, 13.2359], [-13.8476, 13.3353], [-13.8267, 13.4077], [-13.9776, 13.5434], [-14.4056, 13.5037], [-15.1083, 13.8121], [-15.4269, 13.7271], [-15.5097, 13.5861], [-16.5624, 13.5872], [-16.7668, 13.905], [-16.6182, 14.0405], [-16.7917, 14.0043], [-17.1682, 14.6407], [-17.3457, 14.7294], [-17.4451, 14.6517], [-17.5358, 14.7551], [-17.147, 14.9221], [-16.5354, 15.8383], [-16.441, 16.2045], [-16.2391, 16.5314], [-15.7682, 16.4852], [-14.9906, 16.677], [-14.5338, 16.656], [-14.0856, 16.4189], [-13.8685, 16.1481], [-13.507, 16.1351], [-13.4098, 16.0591], [-13.2064, 15.617], [-12.931, 15.4532], [-12.8587, 15.2425], [-12.2805, 14.8091]]]}}, {"type": "Feature", "properties": {"SOVEREIGNT": "Saudi Arabia", "SOV_A3": "SAU", "mean": 1.978, "GERMAN_NAME": "Saudi-Arabien", "NOTE_DE": null}, "geometry": {"type": "MultiPolygon", "coordinates": [[[[51.9778, 18.9961], [49.0419, 18.5818], [48.1722, 18.157], [47.5796, 17.4483], [47.4417, 17.1118], [47.1437, 16.9467], [46.9755, 16.9535], [46.7275, 17.2657], [45.5352, 17.3022], [45.1482, 17.4275], [44.156, 17.3987], [43.917, 17.3247], [43.418, 17.5163], [43.1909, 17.3594], [43.2369, 17.2666], [43.1559, 17.2051], [43.1163, 16.942], [43.1649, 16.6895], [42.7992, 16.3718], [42.6987, 16.737], [42.3834, 17.1223], [42.2941, 17.4349], [41.7501, 17.8857], [41.2296, 18.6783], [41.1162, 19.0822], [40.7591, 19.7553], [40.0808, 20.2659], [39.7284, 20.3904], [39.2762, 20.9741], [39.0937, 21.3103], [39.147, 21.5191], [38.9879, 21.8818], [39.0959, 22.3928], [39.062, 22.5922], [38.4641, 23.7119], [37.9197, 24.1855], [37.5432, 24.2917], [37.181, 24.8199], [37.2663, 24.96], [37.149, 25.2911], [36.9207, 25.641], [36.7627, 25.7512], [36.6752, 26.0388], [36.5186, 26.105], [36.2497, 26.5948], [35.1805, 28.0348], [34.7222, 28.1306], [34.625, 28.0645], [34.9508, 29.3536], [36.0686, 29.2005], [36.4761, 29.4952], [36.7551, 29.8659], [37.4694, 29.9951], [37.6497, 30.3311], [37.9802, 30.5], [36.9585, 31.4915], [38.9623, 31.995], [39.1455, 32.1245], [40.3692, 31.939], [42.0745, 31.0805], [44.691, 29.2022], [46.5313, 29.0962], [47.4331, 28.9896], [47.6714, 28.5333], [48.4425, 28.543], [48.809, 27.896], [48.7971, 27.7243], [49.2374, 27.4926], [49.1751, 27.4376], [49.4052, 27.1809], [49.5377, 27.1517], [50.1497, 26.6626], [50.0082, 26.6784], [50.0273, 26.5267], [50.2138, 26.3086], [50.1554, 26.1006], [50.0316, 26.111], [50.0809, 25.9614], [50.239, 25.6228], [50.4553, 25.4248], [50.5579, 25.0867], [50.8045, 24.7892], [50.9662, 24.574], [51.2678, 24.6073], [51.4183, 24.5309], [51.31, 24.3403], [51.5684, 24.2862], [51.5926, 24.0788], [52.5552, 22.9327], [55.1044, 22.6215], [55.1857, 22.7042], [55.6411, 22.0019], [54.9773, 19.996], [51.9778, 18.9961]]], [[[41.9877, 16.7157], [42.0651, 16.7101], [42.0601, 16.8035], [42.1703, 16.7087], [42.1577, 16.5708], [41.8016, 16.7787], [41.8603, 17.0024], [41.9478, 16.9365], [41.9877, 16.7157]]], [[[36.9017, 25.3831], [36.5301, 25.6015], [36.5337, 25.6886], [36.9549, 25.4147], [36.9017, 25.3831]]], [[[36.5957, 25.7127], [36.5438, 25.7342], [36.5827, 25.8556], [36.5798, 25.7953], [36.5957, 25.7127]]]]}}, {"type": "Feature", "properties": {"SOVEREIGNT": "São Tomé and Principe", "SOV_A3": "STP", "mean": 0.674, "GERMAN_NAME": "São Tomé und Príncipe", "NOTE_DE": null}, "geometry": {"type": "MultiPolygon", "coordinates": [[[[7.4237, 1.5679], [7.3305, 1.6035], [7.4144, 1.6991], [7.4504, 1.662], [7.4237, 1.5679]]], [[[6.6598, 0.1207], [6.5198, 0.0664], [6.4683, 0.2273], [6.5245, 0.3403], [6.6868, 0.4043], [6.7498, 0.2434], [6.6598, 0.1207]]]]}}, {"type": "Feature", "properties": {"SOVEREIGNT": "San Marino", "SOV_A3": "SMR", "mean": 1.545, "GERMAN_NAME": "San Marino", "NOTE_DE": null}, "geometry": {"type": "Polygon", "coordinates": [[[12.4854, 43.9014], [12.4263, 43.8941], [12.3968, 43.9345], [12.5037, 43.9897], [12.4854, 43.9014]]]}}, {"type": "Feature", "properties": {"SOVEREIGNT": "Samoa", "SOV_A3": "WSM", "mean": 0.485, "GERMAN_NAME": "Samoa", "NOTE_DE": null}, "geometry": {"type": "MultiPolygon", "coordinates": [[[[-171.454, -14.0465], [-171.9119, -14.0015], [-172.0458, -13.8571], [-171.8582, -13.8071], [-171.6041, -13.8791], [-171.454, -14.0465]]], [[[-172.3334, -13.4652], [-172.1768, -13.6846], [-172.2251, -13.8043], [-172.5358, -13.7917], [-172.7784, -13.5167], [-172.3334, -13.4652]]]]}}, {"type": "Feature", "properties": {"SOVEREIGNT": "Saint Vincent and the Grenadines", "SOV_A3": "VCT", "mean": 0.902, "GERMAN_NAME": "St. Vincent und die Grenadinen", "NOTE_DE": null}, "geometry": {"type": "MultiPolygon", "coordinates": [[[[-61.1747, 13.1581], [-61.2773, 13.2095], [-61.2683, 13.2876], [-61.139, 13.3588], [-61.1747, 13.1581]]], [[[-61.2262, 12.9946], [-61.2769, 12.99], [-61.2013, 13.0526], [-61.1938, 13.0384], [-61.2262, 12.9946]]], [[[-61.3345, 12.6952], [-61.3536, 12.698], [-61.3198, 12.7353], [-61.3147, 12.7225], [-61.3345, 12.6952]]]]}}, {"type": "Feature", "properties": {"SOVEREIGNT": "Saint Lucia", "SOV_A3": "LCA", "mean": 0.905, "GERMAN_NAME": "St. Lucia", "NOTE_DE": null}, "geometry": {"type": "Polygon", "coordinates": [[[-60.8953, 13.822], [-60.9515, 13.7177], [-61.0732, 13.8656], [-60.9083, 14.0933], [-60.8953, 13.822]]]}}, {"type": "Feature", "properties": {"SOVEREIGNT": "Saint Kitts and Nevis", "SOV_A3": "KNA", "mean": 0.877, "GERMAN_NAME": "St. Kitts und Nevis", "NOTE_DE": null}, "geometry": {"type": "MultiPolygon", "coordinates": [[[[-62.5322, 17.1218], [-62.6248, 17.1295], [-62.6154, 17.1992], [-62.534, 17.1701], [-62.5322, 17.1218]]], [[[-62.6305, 17.24], [-62.839, 17.3393], [-62.8271, 17.3865], [-62.7137, 17.3534], [-62.6305, 17.24]]]]}}, {"type": "Feature", "properties": {"SOVEREIGNT": "Rwanda", "SOV_A3": "RWA", "mean": 1.534, "GERMAN_NAME": "Ruanda", "NOTE_DE": null}, "geometry": {"type": "Polygon", "coordinates": [[[29.5771, -1.3879], [29.8255, -1.3355], [29.9302, -1.47], [30.3601, -1.0746], [30.5099, -1.0673], [30.5081, -1.2083], [30.8126, -1.563], [30.8767, -2.1434], [30.8288, -2.3385], [30.5538, -2.4001], [30.4083, -2.313], [30.1175, -2.4166], [29.9302, -2.3396], [29.8683, -2.7164], [29.698, -2.7948], [29.3902, -2.8087], [29.297, -2.673], [29.1019, -2.5956], [29.0144, -2.7202], [28.8938, -2.635], [28.8765, -2.4003], [29.1314, -2.1952], [29.1966, -1.7199], [29.3517, -1.5176], [29.5771, -1.3879]]]}}, {"type": "Feature", "properties": {"SOVEREIGNT": "Russia", "SOV_A3": "RUS", "mean": 2.386, "GERMAN_NAME": "Russland", "NOTE_DE": null}, "geometry": {"type": "MultiPolygon", "coordinates": [[[[178.8912, 71.2311], [179.5475, 71.4477], [180.0, 71.5378], [180.0, 70.9931], [178.7926, 70.822], [178.6284, 71.0475], [178.8912, 71.2311]]], [[[116.6831, 49.8237], [116.2169, 50.0092], [115.7176, 49.8806], [115.4293, 49.8964], [114.7431, 50.2338], [114.2971, 50.2744], [113.5742, 50.007], [113.1641, 49.7971], [113.0554, 49.6163], [112.8063, 49.5236], [111.3368, 49.3559], [110.7097, 49.143], [109.2369, 49.3349], [108.6137, 49.3228], [107.9654, 49.6536], [107.9168, 49.9478], [107.2331, 49.9893], [106.7111, 50.3126], [106.2179, 50.3046], [105.3834, 50.4737], [104.4662, 50.3062], [104.0788, 50.1543], [103.3044, 50.2003], [102.2885, 50.5851], [102.3166, 50.7184], [102.2151, 50.8293], [102.1114, 51.3535], [101.3813, 51.4526], [100.4691, 51.726], [99.9215, 51.7555], [98.893, 52.1174], [98.6406, 51.8011], [98.3526, 51.7176], [98.2198, 51.5055], [98.0376, 51.45], [97.8357, 51.0517], [98.0297, 50.6447], [98.2796, 50.5332], [98.2504, 50.3026], [98.0038, 50.0143], [97.5894, 49.9114], [97.3598, 49.7414], [97.2086, 49.7308], [96.9857, 49.8827], [96.315, 49.9011], [96.0656, 49.9987], [95.7894, 50.0124], [95.5227, 49.9112], [95.1116, 49.9355], [94.9301, 50.0436], [94.6148, 50.0236], [94.3548, 50.2219], [94.2512, 50.5563], [93.1031, 50.6039], [92.9415, 50.7781], [92.6268, 50.6882], [92.3547, 50.864], [92.1923, 50.7005], [91.8042, 50.6936], [91.4151, 50.468], [91.0216, 50.4156], [90.6551, 50.2224], [90.0536, 50.0936], [89.9772, 49.9842], [89.6439, 49.903], [89.6539, 49.7175], [89.2439, 49.6271], [89.1096, 49.5014], [88.1927, 49.4518], [88.1157, 49.2561], [87.8143, 49.1623], [87.3229, 49.0857], [87.2337, 49.2161], [87.0011, 49.2874], [86.6263, 49.5627], [86.7307, 49.6956], [86.6757, 49.7774], [86.181, 49.4993], [85.2328, 49.6158], [85.0009, 49.8942], [84.9894, 50.0613], [84.3231, 50.2392], [83.9451, 50.7747], [83.3572, 50.9946], [82.7607, 50.8934], [82.4939, 50.7276], [81.4657, 50.7398], [81.3883, 50.9564], [81.0715, 50.9687], [81.1273, 51.191], [80.7353, 51.2934], [80.448, 51.1834], [80.4235, 50.9461], [79.9861, 50.7745], [79.4688, 51.493], [77.86, 53.2691], [76.4848, 54.0226], [76.4218, 54.1515], [76.6547, 54.1453], [76.8372, 54.4422], [75.4372, 54.0896], [75.2201, 53.8938], [74.8342, 53.8257], [74.4519, 53.6473], [74.3514, 53.4876], [73.8589, 53.6197], [73.4068, 53.4475], [73.2858, 53.5984], [73.3056, 53.7074], [73.6789, 53.9295], [73.7124, 54.0423], [73.23, 53.9578], [72.9139, 54.1073], [72.6223, 54.1343], [72.586, 53.996], [72.4467, 53.9419], [72.3873, 54.1231], [72.186, 54.3256], [72.0046, 54.2057], [71.3364, 54.1583], [71.0931, 54.2121], [71.0527, 54.2605], [71.1521, 54.364], [71.1856, 54.5993], [70.9102, 55.128], [70.7381, 55.305], [70.1823, 55.1624], [69.4932, 55.3567], [68.9773, 55.3897], [68.2062, 55.161], [68.244, 55.0525], [68.1558, 54.9766], [66.2226, 54.6674], [65.477, 54.6233], [65.2373, 54.5162], [65.0882, 54.3402], [64.4611, 54.3841], [61.9289, 53.9465], [61.2312, 54.0194], [60.9796, 53.6216], [61.535, 53.5232], [61.229, 53.4458], [61.1992, 53.2872], [61.66, 53.2285], [62.0146, 53.1079], [62.0826, 53.0055], [61.9742, 52.9439], [61.0476, 52.9725], [60.7744, 52.6757], [60.9947, 52.3369], [60.0302, 51.9334], [60.3874, 51.773], [60.4648, 51.6512], [61.363, 51.4418], [61.5548, 51.3247], [61.5851, 51.2297], [61.3896, 50.8609], [60.9421, 50.6955], [60.4248, 50.6792], [60.0587, 50.8502], [59.8124, 50.582], [59.523, 50.493], [59.4524, 50.6204], [58.8836, 50.6945], [58.3591, 51.0638], [57.8389, 51.0918], [57.6539, 50.9251], [57.4422, 50.8889], [57.0116, 51.0652], [56.4914, 51.0194], [56.144, 50.8446], [56.0497, 50.7136], [55.6861, 50.5829], [54.6418, 51.0114], [54.546, 50.946], [54.65, 50.6601], [54.5554, 50.5358], [54.4715, 50.5837], [54.4214, 50.7802], [54.1399, 51.0409], [53.3382, 51.4825], [52.571, 51.4816], [52.2193, 51.7093], [51.6091, 51.484], [51.3445, 51.4753], [51.1634, 51.6473], [50.7941, 51.7291], [50.2469, 51.2895], [49.4981, 51.0836], [49.3235, 50.8517], [48.8083, 50.6013], [48.6251, 50.6127], [48.8432, 50.0131], [48.759, 49.9284], [48.3349, 49.8582], [47.7056, 50.3781], [47.5037, 50.4027], [47.3265, 50.2736], [47.2484, 50.0007], [46.9921, 49.8527], [46.8895, 49.697], [46.802, 49.3672], [47.0313, 49.1503], [46.7027, 48.8056], [46.6091, 48.5739], [46.6609, 48.4121], [47.0648, 48.2325], [47.0933, 47.9476], [47.2923, 47.7409], [47.4821, 47.8039], [48.1671, 47.7088], [48.9595, 46.7747], [48.8835, 46.7055], [48.5585, 46.7572], [48.5412, 46.6055], [49.2324, 46.3371], [49.0797, 46.1893], [48.6837, 46.0862], [48.7295, 45.8968], [48.4872, 45.935], [48.1592, 45.737], [47.7009, 45.6861], [47.6333, 45.5841], [47.4633, 45.6797], [47.5296, 45.5303], [47.3514, 45.2178], [47.0839, 44.8169], [47.0029, 44.8761], [46.7552, 44.6565], [46.7073, 44.5033], [47.3071, 44.1032], [47.4626, 43.5551], [47.6466, 43.8845], [47.5091, 43.5098], [47.4633, 43.0349], [48.3839, 41.9534], [48.5729, 41.8444], [48.3914, 41.602], [48.0559, 41.4586], [47.7909, 41.1993], [47.3175, 41.2824], [47.1426, 41.5161], [46.7495, 41.8127], [46.5713, 41.8002], [46.4298, 41.891], [45.6385, 42.2049], [45.7274, 42.4752], [45.6554, 42.5177], [45.3437, 42.5298], [45.1604, 42.6749], [44.871, 42.7564], [44.7713, 42.6168], [44.5765, 42.7485], [44.1996, 42.6536], [44.1027, 42.6165], [44.0534, 42.606], [44.0048, 42.5956], [43.8259, 42.5715], [43.7384, 42.617], [43.7453, 42.6411], [43.7841, 42.6918], [43.7953, 42.7031], [42.8899, 43.1325], [42.419, 43.2243], [42.0878, 43.1991], [42.05, 43.1901], [41.8117, 43.2048], [41.5806, 43.2194], [41.3581, 43.3335], [41.2346, 43.3518], [41.0831, 43.3746], [40.8015, 43.4799], [40.6845, 43.5211], [40.6482, 43.5339], [40.524, 43.5129], [40.5189, 43.512], [40.1503, 43.5698], [40.1157, 43.561], [39.9915, 43.4388], [39.9782, 43.4199], [38.7171, 44.2881], [38.1811, 44.4196], [37.8513, 44.6987], [37.4949, 44.6952], [37.2048, 44.9721], [36.6277, 45.1514], [36.9413, 45.2897], [36.7206, 45.372], [36.866, 45.427], [37.2134, 45.2723], [37.6472, 45.3772], [37.6123, 45.5646], [37.9331, 46.0018], [38.0144, 46.0478], [38.0796, 45.9348], [38.1836, 46.0949], [38.4921, 46.0905], [38.0778, 46.3943], [37.914, 46.4064], [37.7664, 46.636], [38.5011, 46.6636], [38.4385, 46.8131], [39.2708, 47.0441], [39.2935, 47.1057], [39.1956, 47.2688], [39.0239, 47.2721], [38.9285, 47.1756], [38.5526, 47.1503], [38.7618, 47.2616], [38.2142, 47.0915], [38.2873, 47.5592], [38.6405, 47.666], [38.9004, 47.8551], [39.0577, 47.8485], [39.7788, 47.8876], [39.9609, 48.2378], [39.8475, 48.3028], [39.8825, 48.4192], [39.7655, 48.572], [39.6449, 48.5912], [39.7928, 48.8077], [40.0038, 48.8221], [39.6866, 49.008], [39.8897, 49.064], [40.1089, 49.2515], [40.0808, 49.5769], [39.7806, 49.572], [39.1747, 49.856], [38.9184, 49.8247], [38.2585, 50.0523], [38.0468, 49.92], [37.7041, 50.109], [37.4229, 50.4116], [36.6194, 50.2094], [36.1165, 50.4086], [35.5913, 50.3689], [35.4116, 50.5397], [35.4401, 50.7276], [35.3349, 51.0211], [35.1582, 51.061], [35.0642, 51.2035], [34.7604, 51.1693], [34.2139, 51.2554], [34.2751, 51.3401], [34.121, 51.6791], [34.3791, 51.7164], [34.3979, 51.7803], [34.1131, 51.9797], [33.9219, 52.2515], [33.7351, 52.3447], [33.1483, 52.3404], [32.8063, 52.2527], [32.4355, 52.3072], [32.2829, 52.1141], [32.1223, 52.0507], [31.7634, 52.101], [31.5773, 52.3123], [31.565, 52.7594], [31.2587, 53.0168], [31.4178, 53.1961], [32.1421, 53.0912], [32.7044, 53.3363], [32.7066, 53.4194], [32.4697, 53.5468], [32.4503, 53.693], [31.7544, 53.8105], [31.826, 54.0307], [31.4037, 54.196], [31.0747, 54.4917], [31.1521, 54.6254], [30.7989, 54.7833], [30.9779, 55.0504], [30.8105, 55.3069], [30.9005, 55.3975], [30.9069, 55.5701], [30.2337, 55.8452], [29.9371, 55.8453], [29.482, 55.6846], [29.3535, 55.7844], [29.3751, 55.9387], [29.0317, 56.0217], [28.7948, 55.9425], [28.564, 56.092], [28.2843, 56.0559], [28.1479, 56.1428], [28.2019, 56.2605], [28.1032, 56.5457], [27.8487, 56.8534], [27.6396, 56.8456], [27.8286, 57.2934], [27.511, 57.5081], [27.3519, 57.5282], [27.542, 57.7993], [27.7785, 57.8706], [27.5024, 58.2214], [27.5312, 58.4353], [27.434, 58.7872], [27.7576, 59.0521], [27.8977, 59.2776], [28.1511, 59.3744], [28.0125, 59.4843], [28.0579, 59.7816], [28.3347, 59.6924], [28.5183, 59.8496], [28.9471, 59.8288], [29.1472, 59.9998], [30.1225, 59.8736], [30.1725, 59.9572], [29.7211, 60.1954], [29.0691, 60.1914], [28.6432, 60.3752], [28.4917, 60.5401], [28.6224, 60.4915], [28.6504, 60.6111], [28.5129, 60.6774], [27.7976, 60.5361], [29.2516, 61.2878], [31.1867, 62.4814], [31.5341, 62.8854], [31.1809, 63.2084], [29.9914, 63.7352], [30.2103, 63.8032], [30.5261, 64.0773], [30.4879, 64.2366], [30.1081, 64.3661], [29.9868, 64.5242], [30.12, 64.6447], [30.1103, 64.7325], [29.7834, 64.8042], [29.6041, 64.9685], [29.8269, 65.1451], [29.608, 65.2487], [29.8194, 65.5687], [29.716, 65.6244], [30.0955, 65.6816], [30.0876, 65.7866], [29.9032, 66.0912], [29.0662, 66.8918], [29.2434, 67.0966], [29.941, 67.5475], [29.9882, 67.6683], [29.3438, 68.0618], [28.685, 68.1897], [28.5601, 68.3513], [28.4794, 68.5377], [28.7728, 68.8401], [28.4139, 68.9041], [28.9658, 69.022], [29.171, 69.0714], [29.3884, 69.2983], [30.0872, 69.433], [30.1801, 69.6359], [30.8609, 69.5385], [30.9242, 69.6518], [30.8699, 69.7834], [31.547, 69.697], [31.7886, 69.8157], [31.9981, 69.8099], [31.9844, 69.9537], [32.9417, 69.7518], [33.0126, 69.6706], [32.915, 69.6017], [32.0913, 69.6326], [32.3779, 69.4791], [33.0, 69.4701], [32.9787, 69.3674], [33.4543, 69.4283], [33.3276, 69.1518], [33.1411, 69.0687], [33.4356, 69.1303], [33.6843, 69.3103], [35.0095, 69.2212], [35.2899, 69.2755], [35.858, 69.1917], [37.7307, 68.6922], [38.4302, 68.3555], [38.8316, 68.3248], [39.5689, 68.0717], [39.8234, 68.0585], [39.7464, 68.1621], [39.8094, 68.1508], [40.3807, 67.8318], [40.9664, 67.7135], [41.1338, 67.2669], [41.3588, 67.2096], [41.1889, 66.8262], [40.5215, 66.4466], [40.1031, 66.3], [38.6538, 66.0691], [37.9007, 66.0957], [36.9837, 66.2725], [35.5135, 66.3958], [34.8245, 66.611], [34.4825, 66.5502], [34.3961, 66.6131], [34.4515, 66.6513], [33.1501, 66.8439], [32.8477, 67.0215], [32.9305, 67.0869], [31.8955, 67.1614], [32.501, 67.0039], [32.4636, 66.9163], [32.8625, 66.7214], [33.1807, 66.6801], [33.2174, 66.5315], [33.6559, 66.4426], [33.3607, 66.3295], [34.1127, 66.2253], [34.692, 65.952], [34.7769, 65.7682], [34.6157, 65.5099], [34.4065, 65.3957], [34.8036, 64.9861], [34.8327, 64.8002], [34.9523, 64.7559], [34.8583, 64.7066], [34.8695, 64.56], [35.0354, 64.4402], [35.4321, 64.3468], [35.6471, 64.3783], [36.1464, 64.1891], [36.3649, 64.0028], [37.442, 63.8133], [37.968, 63.949], [38.0623, 64.091], [37.9536, 64.3201], [37.7405, 64.397], [37.1835, 64.4085], [36.5787, 64.7908], [36.5345, 64.9387], [36.7861, 64.9873], [36.8829, 65.1723], [37.1407, 65.1944], [37.5281, 65.1083], [38.0094, 64.8786], [39.7579, 64.577], [40.0578, 64.7707], [40.4448, 64.7787], [40.2813, 64.9982], [39.7982, 65.3499], [39.7493, 65.4479], [39.8166, 65.5979], [40.3278, 65.7517], [40.6917, 65.9634], [41.4758, 66.1234], [42.2106, 66.5197], [42.6023, 66.4225], [43.2333, 66.4156], [43.6531, 66.251], [43.5419, 66.1234], [43.8439, 66.1424], [44.1045, 66.0087], [44.0973, 66.235], [44.4887, 66.6719], [44.4293, 66.9378], [44.2917, 67.0996], [43.7823, 67.2544], [44.2255, 67.9957], [44.2046, 68.2538], [44.169, 68.327], [43.3331, 68.6734], [44.048, 68.5488], [45.078, 68.5782], [45.8919, 68.4797], [46.6836, 67.9705], [46.6904, 67.8488], [45.5287, 67.7575], [44.9023, 67.413], [45.5622, 67.1857], [45.8855, 66.8911], [46.4924, 66.8002], [47.6559, 66.976], [47.9083, 67.4547], [47.8748, 67.5843], [48.8331, 67.6815], [48.8778, 67.7313], [48.6956, 67.8742], [48.7543, 67.8959], [49.1553, 67.8704], [50.6994, 68.3176], [51.9947, 68.5388], [52.2852, 68.4594], [52.1837, 68.3742], [52.3968, 68.3517], [52.7226, 68.4841], [52.3439, 68.6082], [53.8019, 68.9959], [54.4913, 68.9923], [53.7976, 68.9074], [53.9707, 68.8442], [53.759, 68.634], [53.9178, 68.537], [53.9308, 68.4357], [53.3425, 68.3432], [53.2604, 68.2675], [53.9678, 68.2272], [54.4762, 68.294], [54.7181, 68.1842], [54.8614, 68.2019], [54.9229, 68.3737], [55.4179, 68.5679], [56.0436, 68.649], [57.1268, 68.554], [58.173, 68.8897], [58.2371, 68.834], [58.3541, 68.9163], [59.0572, 69.006], [59.3704, 68.7384], [59.1122, 68.6163], [59.0989, 68.4443], [59.7257, 68.3515], [59.923, 68.4714], [59.896, 68.7064], [60.4892, 68.729], [60.9335, 68.9867], [60.8586, 69.1454], [60.6646, 69.1101], [60.1706, 69.5909], [60.909, 69.8471], [63.3613, 69.6753], [64.1904, 69.5347], [64.9284, 69.3255], [64.8964, 69.2479], [67.0024, 68.8736], [67.7306, 68.5138], [68.3711, 68.3142], [68.5043, 68.3484], [68.8294, 68.5674], [69.1404, 68.9506], [68.5428, 68.9671], [68.1173, 69.2361], [68.0057, 69.48], [67.6241, 69.5845], [67.0643, 69.6937], [66.8965, 69.5538], [66.8029, 69.7402], [66.9264, 70.0142], [67.2392, 70.108], [67.1464, 70.2199], [67.2846, 70.7387], [67.1435, 70.8374], [66.7021, 70.8185], [66.6661, 70.9004], [66.8472, 71.0638], [66.6395, 71.0815], [66.9174, 71.2825], [67.5416, 71.4119], [68.2692, 71.6827], [68.6072, 72.0128], [69.0389, 72.6699], [69.3913, 72.9556], [69.6944, 72.9777], [69.6451, 72.8976], [69.7384, 72.885], [71.5002, 72.9138], [72.8121, 72.6913], [72.753, 72.3431], [72.5741, 72.0126], [72.2796, 71.6954], [71.9121, 71.5478], [71.8674, 71.4574], [72.0795, 71.3068], [72.5813, 71.1512], [72.7044, 70.9631], [72.7001, 70.4573], [72.4693, 70.2749], [72.5993, 69.7931], [72.6155, 69.484], [72.5269, 69.1542], [72.5766, 68.9687], [72.8121, 68.8152], [73.5479, 68.5745], [73.5918, 68.482], [73.1393, 68.1812], [73.1731, 67.9731], [73.0669, 67.7669], [72.5943, 67.5871], [71.8476, 67.0076], [71.6683, 66.9397], [71.3652, 66.9616], [71.5513, 66.7606], [71.5395, 66.6832], [70.7248, 66.5193], [70.3828, 66.6025], [70.6906, 66.7453], [70.2834, 66.6858], [69.877, 66.8455], [69.0133, 66.7884], [69.1944, 66.5785], [69.9824, 66.4013], [71.358, 66.3593], [72.0676, 66.2533], [72.3217, 66.3321], [72.4175, 66.5607], [73.792, 66.9953], [74.0746, 67.4141], [74.7694, 67.7664], [74.7427, 68.0734], [74.3914, 68.4207], [74.5797, 68.7512], [75.1247, 68.8618], [76.4592, 68.9782], [77.2386, 68.4697], [77.2483, 67.941], [77.1745, 67.7786], [77.7714, 67.5703], [78.9223, 67.5892], [77.5882, 67.752], [77.536, 68.0077], [77.6649, 68.1904], [77.995, 68.2595], [77.6508, 68.9031], [76.0009, 69.2349], [75.4199, 69.2386], [74.8147, 69.0905], [73.9774, 69.1146], [73.7758, 69.1981], [73.891, 69.418], [73.5601, 69.7072], [73.5781, 69.803], [73.8301, 70.1758], [74.3435, 70.5787], [73.5767, 71.2165], [73.0864, 71.4449], [73.6717, 71.845], [74.9922, 72.1449], [75.0898, 72.2631], [75.0603, 72.5488], [74.7867, 72.8119], [75.1524, 72.8529], [75.3695, 72.7966], [75.6035, 72.5811], [75.5913, 72.4571], [75.7414, 72.2962], [75.3947, 71.9833], [75.2737, 71.959], [75.2475, 71.8132], [75.5031, 71.6546], [75.4685, 71.5343], [75.2802, 71.43], [75.3321, 71.3418], [75.7335, 71.266], [76.7418, 71.2021], [76.929, 71.128], [77.5896, 71.1679], [78.3208, 70.9303], [79.0156, 70.9501], [79.084, 71.0022], [78.4914, 71.0254], [78.2124, 71.2663], [77.4809, 71.3116], [76.4333, 71.5525], [76.0323, 71.9104], [76.8714, 72.0331], [77.5507, 71.842], [78.1869, 71.9071], [78.2326, 71.9524], [78.0166, 72.0921], [77.4107, 72.1078], [77.4715, 72.1921], [77.9683, 72.3287], [78.4828, 72.395], [79.422, 72.3808], [80.7627, 72.0892], [80.8559, 71.9703], [81.6616, 71.7158], [83.1066, 71.7204], [83.2337, 71.6681], [82.977, 71.4513], [82.3229, 71.2601], [82.239, 70.9978], [82.3359, 70.8072], [82.1631, 70.5981], [82.221, 70.3957], [82.2585, 70.5436], [82.5925, 70.8899], [82.869, 70.9548], [83.0101, 70.8954], [83.0303, 70.5806], [82.6822, 70.2178], [82.8564, 70.1045], [83.0807, 70.0929], [83.1322, 70.1572], [83.0739, 70.2768], [83.4972, 70.3454], [83.7359, 70.5465], [83.5789, 70.7659], [83.1513, 71.1037], [83.5311, 71.5142], [83.5343, 71.6839], [83.2002, 71.8748], [82.6455, 71.9253], [82.0936, 72.2654], [80.8271, 72.4882], [80.6561, 72.7119], [80.8415, 72.9492], [80.5096, 73.0861], [80.4246, 73.2311], [80.398, 73.3567], [80.596, 73.4739], [80.5834, 73.5683], [84.7378, 73.7629], [85.2007, 73.7216], [85.6115, 73.8217], [86.8931, 73.8871], [87.0295, 73.8241], [85.7926, 73.4383], [85.8181, 73.3269], [86.6771, 73.1068], [85.9099, 73.3904], [86.0925, 73.519], [87.1203, 73.6152], [87.5713, 73.8108], [87.2095, 73.8786], [86.5713, 74.2436], [86.0014, 74.316], [86.3959, 74.45], [86.8978, 74.3252], [87.2297, 74.3637], [86.4258, 74.5856], [85.7911, 74.6451], [85.8808, 74.7402], [86.059, 74.7282], [86.2012, 74.8162], [86.6515, 74.6824], [86.8629, 74.718], [87.4677, 75.0132], [86.9392, 75.0681], [87.0058, 75.1698], [87.6714, 75.1295], [90.185, 75.591], [91.4795, 75.6497], [94.1565, 75.9591], [92.9865, 75.9027], [92.8587, 75.9794], [92.9717, 76.0751], [93.1049, 76.0258], [93.2594, 76.0987], [93.6485, 76.0541], [94.5755, 76.1516], [95.5788, 76.1372], [96.0756, 76.0819], [95.6534, 75.8921], [96.6005, 75.9899], [96.4972, 75.8911], [97.3508, 76.0334], [97.4991, 75.9801], [97.6697, 76.078], [98.6619, 76.2427], [99.7703, 76.0287], [99.6022, 75.8521], [99.4424, 75.8031], [99.5406, 75.7986], [99.8513, 75.9302], [99.8254, 76.1358], [98.8055, 76.4807], [100.8438, 76.5251], [101.5977, 76.4392], [101.6837, 76.4856], [100.9281, 76.5567], [101.0994, 76.7039], [100.9058, 76.9006], [101.5178, 77.1982], [102.61, 77.5085], [104.185, 77.7304], [105.7103, 77.5252], [106.0595, 77.3905], [104.2023, 77.1019], [105.6459, 77.1008], [105.7121, 77.0014], [105.8223, 76.9974], [106.9415, 77.0344], [107.4297, 76.9266], [106.6388, 76.5734], [106.3846, 76.5895], [106.4134, 76.5123], [107.722, 76.5224], [108.1817, 76.7377], [111.115, 76.723], [112.0939, 76.4804], [111.9427, 76.3806], [112.2969, 76.4347], [112.6195, 76.3837], [112.7984, 76.1296], [112.6562, 76.0536], [113.1505, 76.1744], [112.9881, 76.2398], [113.2725, 76.2518], [113.5637, 75.8916], [113.8571, 75.9213], [113.8712, 75.856], [113.6199, 75.5927], [113.486, 75.5639], [113.4691, 75.6568], [112.4661, 75.8435], [112.9557, 75.5719], [113.243, 75.6115], [113.7261, 75.4508], [113.6134, 75.2928], [112.9247, 75.015], [109.8402, 74.3219], [109.9112, 74.2613], [109.8104, 74.1692], [109.0749, 74.0324], [108.1994, 73.6941], [107.2709, 73.6211], [106.6794, 73.3307], [106.1888, 73.308], [105.6772, 72.9593], [105.144, 72.7772], [105.7082, 72.8367], [106.4778, 73.1394], [107.7504, 73.1731], [109.09, 73.3784], [109.3312, 73.4874], [109.8554, 73.4723], [110.8681, 73.7308], [110.7223, 73.78], [109.7528, 73.7226], [109.6656, 73.8004], [109.869, 73.9307], [110.2615, 74.0175], [111.0563, 73.9394], [111.1309, 74.0529], [111.5506, 74.0286], [111.2281, 73.9685], [111.4005, 73.8278], [112.1471, 73.7091], [112.7955, 73.7462], [112.9395, 73.8358], [112.8358, 73.9621], [113.0327, 73.9139], [113.4161, 73.6476], [113.1569, 73.4595], [113.491, 73.3461], [113.4745, 73.048], [113.1278, 72.8307], [113.3121, 72.6573], [113.6645, 72.6345], [113.7121, 72.6541], [113.2156, 72.806], [113.5429, 73.0544], [113.5591, 73.2326], [113.8863, 73.3458], [113.5396, 73.4336], [113.5105, 73.5049], [114.0605, 73.5846], [115.3378, 73.7026], [118.45, 73.5898], [118.9364, 73.4812], [118.4569, 73.4643], [118.3766, 73.3671], [118.4302, 73.2465], [119.7503, 72.9792], [121.748, 72.9697], [122.5375, 72.8779], [122.752, 72.9065], [122.5018, 72.9707], [122.5267, 73.0167], [123.1603, 72.9549], [123.6221, 73.1932], [123.3226, 73.4308], [123.305, 73.5329], [123.4162, 73.6369], [124.5412, 73.7514], [125.6173, 73.5206], [125.5985, 73.4473], [126.2545, 73.5482], [126.3448, 73.5062], [126.2926, 73.3942], [126.5525, 73.3349], [127.0313, 73.5473], [127.7402, 73.4815], [128.2813, 73.3305], [128.2579, 73.2675], [128.5869, 73.2623], [128.8886, 73.1903], [128.9134, 73.1106], [129.1006, 73.1123], [128.5991, 72.8952], [129.0171, 72.8725], [129.2504, 72.7052], [128.4184, 72.5351], [129.2813, 72.4377], [129.4117, 72.3155], [129.4106, 72.1662], [129.2835, 72.0921], [128.935, 72.0795], [127.7261, 72.4132], [128.9113, 71.7552], [129.1165, 71.8245], [129.1215, 71.9533], [129.2104, 71.917], [129.461, 71.7393], [128.8432, 71.6634], [129.1341, 71.5928], [129.7619, 71.1197], [130.537, 70.8925], [130.757, 70.9622], [131.0216, 70.746], [131.562, 70.901], [132.0354, 71.2441], [132.0037, 71.3501], [132.2276, 71.6428], [132.6538, 71.926], [133.1308, 71.6067], [133.6888, 71.4342], [134.7026, 71.3868], [135.559, 71.6103], [136.0904, 71.6195], [137.1157, 71.4158], [137.9397, 71.1334], [137.9916, 71.1427], [137.844, 71.2269], [138.3141, 71.3255], [137.9185, 71.3842], [138.2342, 71.5963], [138.5251, 71.5628], [138.7803, 71.6289], [139.2094, 71.4447], [139.9842, 71.4914], [139.6951, 71.7004], [139.7228, 71.8851], [139.3592, 71.9514], [139.6404, 71.9984], [139.847, 72.1485], [140.1876, 72.1912], [139.617, 72.2258], [139.1763, 72.1635], [139.1407, 72.3297], [139.6011, 72.496], [140.4507, 72.4931], [141.0793, 72.5868], [140.9727, 72.717], [140.6523, 72.8428], [140.8082, 72.8911], [142.0614, 72.721], [143.5158, 72.6982], [146.2528, 72.4422], [146.2348, 72.3497], [144.8974, 72.3962], [144.1692, 72.2588], [144.4708, 72.1748], [145.0393, 72.2598], [146.8317, 72.2954], [146.5992, 72.1236], [146.1132, 71.945], [146.0059, 71.9455], [146.2302, 72.1376], [145.7586, 72.226], [145.6639, 72.067], [145.7568, 71.9413], [145.0641, 71.9262], [144.9896, 71.7533], [145.1887, 71.6957], [146.0732, 71.8082], [147.2619, 72.3278], [148.402, 72.312], [149.5015, 72.1643], [149.963, 71.9922], [150.017, 71.8957], [149.0486, 71.7957], [148.9233, 71.7146], [149.8572, 71.6015], [150.0609, 71.5109], [150.5999, 71.5201], [150.6679, 71.4552], [150.0977, 71.2266], [150.9678, 71.3805], [151.5823, 71.287], [152.0928, 71.0233], [151.7619, 70.9825], [152.5089, 70.8345], [153.7941, 70.88], [155.8951, 71.0955], [157.4474, 71.0745], [158.702, 70.935], [159.3507, 70.7908], [159.912, 70.5061], [160.0063, 70.3096], [159.7295, 69.8702], [159.8324, 69.7849], [160.9106, 69.6064], [161.0355, 69.0982], [161.3405, 68.9052], [161.1291, 68.6538], [160.8559, 68.5384], [161.1047, 68.5625], [161.3653, 68.8231], [161.5655, 68.9052], [161.4801, 69.2016], [161.537, 69.3797], [162.1659, 69.6116], [163.2013, 69.7147], [163.9461, 69.7351], [164.5131, 69.6091], [166.8204, 69.4996], [167.6282, 69.7403], [167.8568, 69.7282], [168.1499, 69.5774], [168.3029, 69.2715], [169.3105, 69.0794], [169.61, 68.7861], [170.5378, 68.8253], [170.9953, 69.0452], [170.9968, 69.1346], [170.5824, 69.5834], [170.1608, 69.6267], [170.5032, 69.8565], [170.487, 70.1074], [172.5595, 69.9682], [173.2774, 69.8238], [173.4386, 69.9467], [174.7854, 69.8556], [175.9216, 69.8953], [176.9245, 69.6459], [178.8484, 69.3873], [178.9506, 69.2958], [179.2728, 69.2597], [180.0, 68.9834], [180.0, 65.0673], [179.4481, 64.8219], [178.5197, 64.603], [177.7486, 64.7171], [177.179, 65.0142], [176.881, 65.0821], [176.341, 65.0473], [177.0372, 64.9998], [177.223, 64.8616], [177.0689, 64.7867], [176.0612, 64.9609], [175.7812, 64.8439], [174.5489, 64.6839], [175.6778, 64.7825], [176.0566, 64.9047], [176.247, 64.8429], [176.351, 64.7051], [176.1408, 64.5858], [176.5076, 64.6823], [176.8428, 64.6337], [177.3875, 64.774], [177.467, 64.7368], [177.4328, 64.4446], [177.6874, 64.3048], [178.0448, 64.2196], [178.2295, 64.3644], [178.4772, 64.128], [178.4513, 64.0113], [178.6504, 63.9652], [178.6925, 63.8423], [178.7314, 63.667], [178.466, 63.5741], [178.6536, 63.5566], [178.6788, 63.4023], [178.744, 63.3948], [178.7929, 63.5403], [178.9214, 63.345], [179.3322, 63.1902], [179.4049, 63.0777], [179.2595, 63.0083], [179.5705, 62.7735], [179.4773, 62.6131], [179.177, 62.4692], [179.1209, 62.3205], [178.0193, 62.547], [177.2924, 62.5991], [177.3389, 62.7813], [177.0235, 62.7773], [176.9648, 62.6586], [177.1596, 62.561], [176.7024, 62.5058], [176.3284, 62.3462], [174.7152, 61.9478], [174.5143, 61.8236], [173.8224, 61.6795], [173.6233, 61.7161], [173.1319, 61.4065], [172.8565, 61.4693], [172.8068, 61.4362], [172.908, 61.3116], [172.7305, 61.3143], [172.5847, 61.1904], [172.3961, 61.1673], [172.3928, 61.0618], [170.6083, 60.4349], [170.3509, 59.9656], [169.9826, 60.0671], [169.6183, 60.438], [169.2266, 60.596], [168.1376, 60.5741], [167.2268, 60.4062], [166.2732, 59.8562], [166.1864, 59.8495], [166.136, 59.9795], [166.352, 60.4847], [165.0845, 60.0985], [165.0737, 59.9456], [164.9538, 59.8437], [164.7795, 59.8743], [164.5254, 60.0614], [164.3767, 60.0581], [164.1132, 59.8975], [164.1351, 59.9845], [163.7438, 60.0281], [163.3647, 59.7816], [163.2729, 59.3026], [163.085, 59.1314], [162.9399, 59.1144], [162.9698, 58.9865], [162.1415, 58.4474], [161.96, 58.077], [162.0396, 57.9182], [162.4115, 57.7783], [162.3913, 57.7172], [162.522, 57.904], [162.6545, 57.9482], [163.2258, 57.7903], [163.188, 57.6374], [162.7794, 57.3576], [162.7614, 57.2441], [162.8028, 56.8114], [162.9219, 56.7227], [163.2564, 56.688], [163.3356, 56.2326], [163.0472, 56.0446], [162.8402, 56.0656], [162.6282, 56.2324], [163.0382, 56.5219], [162.6714, 56.4901], [162.4885, 56.3992], [162.5281, 56.2608], [162.0849, 56.0895], [161.7239, 55.4961], [161.7851, 55.2052], [162.0803, 54.8862], [162.1055, 54.7522], [161.6249, 54.5164], [161.1299, 54.5983], [160.7727, 54.5415], [160.0743, 54.1892], [159.8436, 53.7837], [159.9559, 53.5522], [159.8976, 53.3807], [160.025, 53.1296], [159.5858, 53.2377], [158.9522, 53.0477], [158.7456, 52.909], [158.5645, 53.0501], [158.472, 53.0324], [158.4324, 52.9574], [158.6088, 52.8737], [158.4806, 52.6266], [158.4932, 52.3831], [158.1033, 51.8096], [156.7476, 50.9692], [156.6709, 51.227], [156.5211, 51.3802], [156.3649, 52.5093], [156.1104, 52.8663], [155.5639, 55.1992], [155.7165, 56.0722], [155.9826, 56.6953], [156.8487, 57.2903], [156.9769, 57.4662], [156.83, 57.7795], [157.4503, 57.7991], [157.6663, 58.0199], [158.2751, 58.009], [158.4493, 58.1629], [159.2107, 58.5194], [159.5916, 58.8036], [159.8475, 59.1273], [161.7534, 60.1523], [162.068, 60.4663], [162.9731, 60.7829], [163.3525, 60.8004], [163.71, 60.9169], [163.5534, 61.0257], [164.0055, 61.3437], [163.8043, 61.4615], [163.8828, 61.6401], [164.0196, 61.7108], [164.0743, 62.045], [164.2071, 62.2922], [164.5985, 62.4706], [165.2079, 62.3741], [165.2137, 62.4482], [165.4175, 62.4472], [165.3966, 62.4939], [164.7925, 62.5711], [164.4185, 62.7046], [163.3316, 62.551], [163.0177, 61.8911], [163.0094, 61.7915], [163.2578, 61.6995], [163.0854, 61.5707], [162.9939, 61.5443], [162.8561, 61.705], [162.3927, 61.6622], [161.037, 60.9629], [160.7666, 60.7534], [160.1737, 60.6385], [160.3789, 61.0255], [159.7903, 60.9566], [159.9491, 61.1286], [159.8832, 61.2918], [160.2468, 61.6476], [160.3094, 61.8944], [159.5523, 61.7194], [159.1891, 61.9294], [158.0702, 61.7536], [157.4694, 61.7989], [157.0842, 61.6757], [156.6803, 61.4806], [156.6299, 61.2723], [156.056, 60.9957], [155.7162, 60.6824], [154.971, 60.3766], [154.5782, 60.095], [154.4407, 59.8838], [154.2931, 59.8335], [154.269, 59.6584], [154.1498, 59.5285], [154.2722, 59.4751], [154.5825, 59.54], [154.9713, 59.4496], [155.1668, 59.3602], [155.1603, 59.1901], [154.7035, 59.1413], [154.458, 59.2166], [154.0109, 59.0755], [153.6951, 59.2248], [153.3611, 59.2147], [153.2729, 59.0913], [153.0777, 59.082], [152.8178, 58.9263], [152.3196, 59.0308], [152.0877, 58.9105], [151.3267, 58.8752], [151.1211, 59.0825], [152.2605, 59.2236], [151.7979, 59.3232], [151.3483, 59.561], [151.0337, 59.5856], [150.8234, 59.4607], [150.4836, 59.4943], [150.6672, 59.5563], [149.6426, 59.7705], [149.0652, 59.6304], [149.2048, 59.4881], [148.797, 59.5324], [148.7088, 59.4485], [148.744, 59.3735], [148.9647, 59.3692], [148.914, 59.2828], [148.7268, 59.2579], [148.4913, 59.2623], [148.2573, 59.4142], [147.5143, 59.2685], [146.5372, 59.457], [146.2734, 59.2215], [146.0494, 59.1706], [145.7564, 59.3737], [145.5544, 59.4135], [143.8689, 59.4114], [142.5801, 59.2401], [142.0254, 58.9997], [141.6031, 58.6489], [140.7902, 58.3035], [140.4468, 57.8135], [140.0025, 57.6875], [139.5068, 57.3583], [139.1817, 57.2616], [138.6622, 56.9655], [137.6917, 56.1393], [136.4601, 55.5768], [136.1754, 55.3522], [135.5407, 55.1138], [135.2116, 54.8409], [135.2577, 54.7316], [135.8517, 54.584], [136.7974, 54.621], [136.8205, 54.4523], [136.683, 53.9313], [136.719, 53.8042], [136.8025, 53.782], [137.1553, 53.8217], [137.2579, 54.0252], [137.0962, 54.1286], [137.1416, 54.1822], [137.3778, 54.2822], [137.6661, 54.2833], [137.3392, 54.1005], [137.8346, 53.9467], [137.2536, 53.5461], [137.9505, 53.6034], [138.2529, 53.7265], [138.3789, 53.9092], [138.528, 53.9599], [138.569, 53.8188], [138.2497, 53.5239], [138.4506, 53.5369], [138.6993, 53.8698], [138.7159, 54.2227], [138.6572, 54.2984], [139.3196, 54.193], [139.7073, 54.2772], [140.1786, 54.0515], [140.347, 53.8127], [140.6876, 53.5963], [141.3738, 53.2927], [141.4022, 53.1839], [141.1812, 53.0154], [140.8395, 53.0879], [141.2557, 52.8402], [141.2449, 52.55], [141.1326, 52.4357], [141.4854, 52.1786], [141.3669, 51.9207], [140.9328, 51.6199], [140.5209, 50.8002], [140.4763, 50.5461], [140.5353, 50.1307], [140.6246, 50.0823], [140.4626, 49.9114], [140.5173, 49.5962], [140.3089, 49.0539], [140.3784, 48.964], [140.2243, 48.7729], [140.1134, 48.4227], [139.3725, 47.8874], [139.0014, 47.3832], [138.5866, 47.0573], [138.3368, 46.5433], [137.6856, 45.8184], [136.8036, 45.1711], [136.1422, 44.489], [135.8748, 44.3736], [135.4834, 43.8351], [135.131, 43.5258], [134.0103, 42.9474], [133.16, 42.697], [132.7089, 42.8758], [132.3039, 42.8832], [132.3097, 43.3137], [132.0289, 43.1189], [131.8665, 43.0951], [132.013, 43.2802], [131.9389, 43.302], [131.7222, 43.2026], [131.1584, 42.626], [130.7095, 42.6564], [130.834, 42.5231], [130.6872, 42.3025], [130.527, 42.5354], [130.5766, 42.6232], [130.4247, 42.727], [131.0684, 42.9021], [131.2574, 43.3781], [131.1742, 43.7047], [131.2552, 44.0714], [130.9816, 44.8443], [131.4468, 44.984], [131.8518, 45.3268], [132.9361, 45.03], [133.1136, 45.1307], [133.1859, 45.4948], [133.4365, 45.6047], [133.5132, 45.8789], [133.8613, 46.2478], [133.8667, 46.4991], [134.2022, 47.1281], [134.1676, 47.3022], [134.542, 47.4851], [134.7523, 47.7154], [134.5662, 48.0225], [134.6652, 48.2538], [134.2933, 48.3734], [133.4685, 48.0971], [133.1442, 48.1056], [132.7071, 47.9473], [132.4764, 47.7151], [130.9618, 47.7093], [130.7325, 48.0192], [130.8042, 48.3415], [130.5522, 48.6025], [130.6173, 48.7733], [130.5532, 48.8611], [130.1961, 48.8917], [129.4981, 49.3889], [129.065, 49.3747], [128.8195, 49.4639], [128.7039, 49.6002], [127.9997, 49.5686], [127.5508, 49.8018], [127.4918, 49.9751], [127.5901, 50.209], [127.3373, 50.3501], [127.3071, 50.708], [126.9248, 51.1003], [126.8056, 51.5057], [126.5104, 51.9259], [126.3416, 52.3621], [126.0161, 52.6101], [126.0482, 52.7394], [125.7281, 52.8908], [125.6489, 53.0423], [125.0751, 53.2037], [124.8123, 53.1339], [123.6077, 53.5465], [122.3377, 53.485], [120.9855, 53.2846], [120.704, 53.1718], [120.0445, 52.7181], [120.1726, 52.6025], [120.6561, 52.5665], [120.7497, 52.0965], [120.5107, 51.8485], [120.0668, 51.6007], [119.1635, 50.406], [119.3464, 50.279], [119.26, 50.0663], [118.4515, 49.8445], [117.8733, 49.5135], [117.2455, 49.6248], [116.6831, 49.8237]]], [[[167.7888, 69.8368], [168.0595, 69.9748], [168.3579, 70.0156], [169.4336, 69.8322], [169.2457, 69.6011], [168.9156, 69.5715], [167.7888, 69.8368]]], [[[167.5926, 54.7977], [167.8827, 54.6906], [168.0815, 54.5129], [167.4414, 54.8558], [167.5926, 54.7977]]], [[[166.23, 54.9366], [166.0662, 55.1356], [165.7512, 55.2944], [165.9312, 55.3514], [166.2757, 55.312], [166.248, 55.1653], [166.6505, 54.839], [166.6451, 54.6941], [166.23, 54.9366]]], [[[163.7265, 58.7985], [163.7611, 59.0151], [164.5175, 59.2267], [164.6294, 59.1122], [164.6157, 58.8857], [163.9602, 58.7437], [163.4472, 58.5246], [163.4274, 58.579], [163.7265, 58.7985]]], [[[161.1367, 69.1101], [161.1108, 69.4699], [161.5053, 69.6395], [161.6177, 69.5925], [161.5403, 69.4366], [161.3509, 69.3694], [161.5068, 68.9275], [161.4225, 68.8996], [161.4611, 68.9956], [161.1367, 69.1101]]], [[[160.5657, 70.9237], [160.6449, 70.8834], [160.7191, 70.8227], [160.4369, 70.851], [160.4484, 70.9339], [160.5657, 70.9237]]], [[[156.3764, 50.8621], [156.4877, 50.8429], [156.4052, 50.6577], [156.168, 50.7318], [156.3764, 50.8621]]], [[[155.2885, 50.0611], [155.2183, 50.2979], [155.6802, 50.4008], [155.8847, 50.6841], [156.0967, 50.7719], [156.1007, 50.5593], [155.921, 50.3022], [155.3972, 50.0412], [155.2885, 50.0611]]], [[[155.6395, 50.9104], [155.6449, 50.8219], [155.5535, 50.8106], [155.4674, 50.9135], [155.6395, 50.9104]]], [[[154.8831, 49.5665], [154.8025, 49.4682], [154.8104, 49.312], [154.611, 49.2942], [154.8248, 49.647], [154.8997, 49.6304], [154.8831, 49.5665]]], [[[154.1991, 48.9049], [154.2045, 48.8571], [154.0008, 48.7558], [154.1264, 48.9045], [154.1991, 48.9049]]], [[[153.1011, 47.763], [153.054, 47.7062], [152.9841, 47.7279], [153.0792, 47.8088], [153.1011, 47.763]]], [[[152.8639, 76.1634], [152.7865, 76.0857], [152.5586, 76.1435], [152.7995, 76.1948], [152.8639, 76.1634]]], [[[152.0399, 47.0151], [152.289, 47.1421], [151.8156, 46.7872], [151.7234, 46.8289], [152.0399, 47.0151]]], [[[148.5187, 75.3366], [148.4751, 75.2723], [148.59, 75.2362], [150.1038, 75.2192], [150.5307, 75.0998], [150.8223, 75.1564], [150.5804, 74.919], [149.8381, 74.7954], [149.05, 74.7725], [148.0924, 74.8258], [146.1484, 75.1982], [146.3428, 75.481], [146.5376, 75.5818], [146.7511, 75.5105], [146.7954, 75.3708], [147.497, 75.4405], [148.4323, 75.4136], [148.5187, 75.3366]]], [[[150.7125, 59.1226], [150.5898, 59.0188], [150.4717, 59.0347], [150.6661, 59.1602], [150.7125, 59.1226]]], [[[150.3086, 46.2004], [150.5531, 46.2085], [149.6876, 45.642], [149.4471, 45.5933], [149.666, 45.8399], [150.3086, 46.2004]]], [[[149.2048, 76.677], [149.1501, 76.6598], [148.3988, 76.6482], [148.7196, 76.7466], [149.4064, 76.782], [149.2048, 76.677]]], [[[148.0053, 45.0703], [148.2624, 45.217], [148.3513, 45.2347], [148.0053, 45.0703]]], [[[146.516, 44.3747], [146.5441, 44.4102], [146.5164, 44.3747], [146.516, 44.3747]]], [[[145.6279, 43.8668], [145.7668, 43.9408], [145.8262, 43.9933], [145.7668, 43.9406], [145.6279, 43.8668]]], [[[140.6023, 75.6439], [140.8892, 75.6521], [140.9853, 75.9645], [141.4854, 76.137], [142.6694, 75.8633], [143.6857, 75.8637], [145.36, 75.5304], [144.7268, 75.3657], [144.8834, 75.2689], [144.0198, 75.0446], [143.1702, 75.1168], [142.8202, 75.2677], [142.6996, 75.4489], [142.7346, 75.5447], [142.9862, 75.6334], [142.9419, 75.7134], [142.308, 75.6917], [142.0862, 75.6606], [142.1989, 75.3928], [142.6168, 75.1332], [143.128, 74.9703], [142.4728, 74.8204], [141.9872, 74.9912], [140.2678, 74.8469], [139.6814, 74.9641], [139.3257, 74.6869], [139.0993, 74.6565], [138.0924, 74.7975], [137.683, 75.0085], [137.2179, 75.1236], [136.9476, 75.3256], [137.2899, 75.3487], [137.2154, 75.5544], [137.2687, 75.7495], [137.7064, 75.7595], [137.5012, 75.9097], [137.6254, 75.9881], [138.8138, 76.1999], [140.0486, 75.829], [140.3892, 75.7958], [140.6023, 75.6439]]], [[[142.9365, 53.811], [143.3246, 52.9631], [143.3235, 52.6136], [143.1723, 52.3494], [143.1907, 51.9445], [143.3206, 51.5833], [143.4556, 51.4715], [143.816, 50.2826], [144.3412, 49.1805], [144.6854, 48.8712], [144.7138, 48.6403], [144.5364, 48.8936], [144.0486, 49.249], [143.7325, 49.312], [143.105, 49.1987], [142.5744, 48.0721], [142.5571, 47.738], [142.7454, 47.4523], [142.9405, 47.3226], [143.2177, 46.795], [143.4855, 46.7521], [143.5806, 46.3608], [143.4315, 46.0287], [143.2825, 46.559], [142.578, 46.7009], [142.4066, 46.5546], [142.0772, 45.9171], [141.9616, 46.0135], [141.8302, 46.451], [142.0387, 47.1402], [141.9642, 47.5875], [142.1816, 48.0134], [142.1355, 48.2901], [141.8662, 48.75], [142.1424, 49.5693], [142.1532, 50.2168], [142.066, 50.6304], [142.2079, 50.9984], [142.2068, 51.2226], [142.0059, 51.5205], [141.7222, 51.7362], [141.8083, 51.7891], [141.6686, 51.9334], [141.6607, 52.273], [141.8554, 52.7936], [141.8526, 53.3894], [142.142, 53.4956], [142.4239, 53.4107], [142.5834, 53.5368], [142.5092, 53.5874], [142.5524, 53.6527], [142.6795, 53.6744], [142.6701, 53.9684], [142.335, 54.2807], [142.5517, 54.2789], [142.6928, 54.416], [142.7612, 54.3938], [142.9761, 54.1409], [142.9365, 53.811]]], [[[143.4913, 73.2463], [142.3422, 73.2529], [140.6628, 73.452], [139.9251, 73.3552], [139.6857, 73.4256], [140.3805, 73.4829], [141.0847, 73.866], [141.9318, 73.9149], [142.6392, 73.8031], [143.3437, 73.5686], [143.4639, 73.4588], [143.4913, 73.2463]]], [[[140.3002, 74.2572], [140.9443, 74.2646], [141.0973, 74.1678], [141.0102, 73.9994], [140.4093, 73.9217], [140.1832, 74.0046], [140.1015, 74.1843], [140.3002, 74.2572]]], [[[137.9912, 54.8208], [137.6611, 54.6533], [137.4627, 54.8734], [137.233, 54.7906], [137.5772, 55.1969], [138.2061, 55.0336], [137.9912, 54.8208]]], [[[137.3443, 71.4605], [137.0642, 71.5298], [137.817, 71.5879], [137.9599, 71.5076], [137.7118, 71.4232], [137.3443, 71.4605]]], [[[136.7953, 55.0093], [136.9958, 55.0928], [137.1787, 55.1004], [137.0552, 54.9268], [136.7146, 54.9562], [136.7953, 55.0093]]], [[[135.4024, 74.2016], [135.387, 74.2534], [135.6282, 74.2199], [136.2592, 73.985], [136.1217, 73.8851], [135.4024, 74.2016]]], [[[135.5612, 75.6365], [135.6987, 75.8453], [136.1689, 75.6056], [135.9835, 75.5219], [136.0206, 75.4384], [135.9486, 75.4096], [135.4521, 75.3897], [135.5925, 75.5764], [135.5612, 75.6365]]], [[[124.5477, 73.9338], [124.6528, 73.888], [124.4818, 73.8479], [124.3357, 73.9104], [124.5477, 73.9338]]], [[[120.0787, 73.1568], [120.2612, 73.0898], [119.7921, 73.0453], [119.6405, 73.1243], [120.0787, 73.1568]]], [[[112.8113, 74.1029], [112.105, 74.1633], [111.5035, 74.353], [111.8797, 74.3637], [112.0845, 74.5491], [113.3873, 74.4004], [113.2588, 74.2726], [112.8113, 74.1029]]], [[[112.5316, 76.4502], [112.154, 76.5493], [111.9689, 76.6261], [112.478, 76.6209], [112.6609, 76.5095], [112.5316, 76.4502]]], [[[106.5833, 78.1676], [107.5082, 78.1894], [107.6954, 78.1309], [107.4815, 78.0579], [106.4156, 78.14], [106.5833, 78.1676]]], [[[107.6291, 77.3197], [107.6795, 77.2683], [107.2695, 77.289], [107.3663, 77.3466], [107.6291, 77.3197]]], [[[106.6406, 78.3363], [106.719, 78.2649], [106.0235, 78.2202], [106.457, 78.3401], [106.6406, 78.3363]]], [[[102.7475, 78.9496], [102.9506, 79.0559], [103.8009, 79.1492], [104.091, 79.0132], [104.4492, 78.9641], [104.4521, 78.8801], [104.6332, 78.8353], [105.1458, 78.819], [105.3428, 78.5938], [105.3125, 78.4999], [104.7419, 78.3397], [103.0031, 78.2559], [102.7968, 78.1879], [101.2042, 78.192], [99.8452, 77.9569], [99.2872, 78.0381], [100.0191, 78.3389], [100.4165, 78.7532], [100.9558, 78.7884], [100.8561, 78.8978], [101.0523, 79.1232], [101.543, 79.2544], [101.5905, 79.3504], [101.8241, 79.3702], [102.0052, 79.2636], [102.2514, 79.256], [102.1805, 79.3733], [102.4048, 79.4332], [103.0978, 79.299], [102.8847, 79.2539], [102.4124, 78.8354], [102.7475, 78.9496]]], [[[100.3002, 79.6703], [100.1361, 79.6141], [99.9154, 79.6016], [99.9557, 79.6904], [100.3002, 79.6703]]], [[[97.6269, 79.8504], [97.5912, 79.7749], [97.6517, 79.7607], [98.0646, 79.9011], [98.353, 79.8843], [98.5964, 80.0521], [99.2948, 80.0164], [99.9467, 79.8491], [100.0612, 79.7772], [99.7815, 79.6281], [99.6807, 79.3233], [99.0417, 79.293], [99.8146, 79.0958], [99.9294, 78.9615], [99.4395, 78.8342], [97.5556, 78.8266], [96.8079, 78.9851], [94.7912, 79.0866], [94.2188, 79.4023], [93.0707, 79.4953], [94.9874, 80.0969], [95.2815, 80.0306], [95.4975, 80.1056], [97.5869, 80.1682], [98.0178, 80.0228], [97.6269, 79.8504]]], [[[97.8317, 80.7983], [97.8566, 80.6981], [97.1132, 80.6141], [97.0253, 80.5357], [97.417, 80.3231], [97.1751, 80.241], [94.5651, 80.1261], [93.8724, 80.0101], [92.2017, 80.1794], [91.6376, 80.27], [91.5238, 80.3585], [91.8968, 80.4775], [92.5779, 80.5334], [93.2626, 80.7913], [92.5926, 80.7809], [93.0653, 80.9885], [94.838, 81.1393], [95.1594, 81.2709], [95.8006, 81.2804], [96.755, 80.9578], [97.8317, 80.7983]]], [[[97.5884, 76.5994], [97.4303, 76.5907], [97.3104, 76.6897], [97.3817, 76.7067], [97.5884, 76.5994]]], [[[96.8352, 76.3448], [96.9904, 76.3434], [97.053, 76.3026], [96.7546, 76.1959], [96.8352, 76.3448]]], [[[96.3006, 76.1216], [96.1088, 76.1554], [95.311, 76.2148], [95.3798, 76.2891], [96.6138, 76.2639], [96.3507, 76.2122], [96.3006, 76.1216]]], [[[95.6807, 77.0212], [95.2703, 77.0187], [96.5285, 77.2055], [96.562, 77.1541], [96.2099, 76.992], [95.6807, 77.0212]]], [[[91.0702, 79.9815], [92.1736, 80.0455], [93.803, 79.9046], [93.155, 79.7376], [92.4407, 79.6755], [91.3762, 79.8355], [91.0702, 79.9815]]], [[[91.1091, 81.199], [91.5674, 81.1412], [91.2228, 81.0638], [89.9758, 81.1131], [89.9013, 81.1707], [91.1091, 81.199]]], [[[89.6161, 77.311], [89.6658, 77.2546], [89.5143, 77.1888], [89.1417, 77.2269], [89.6161, 77.311]]], [[[86.9273, 74.8308], [86.3905, 74.8509], [86.2584, 74.8935], [86.6055, 74.9927], [87.1242, 74.9398], [86.9273, 74.8308]]], [[[84.8728, 74.5156], [84.7104, 74.3997], [84.3893, 74.4545], [84.6798, 74.5125], [84.8728, 74.5156]]], [[[82.9029, 74.1289], [83.1498, 74.1516], [83.6182, 74.0895], [83.4108, 74.0395], [82.8179, 74.0916], [82.9029, 74.1289]]], [[[82.5256, 74.1614], [82.7099, 74.0909], [82.3294, 74.1312], [82.3823, 74.1492], [82.5256, 74.1614]]], [[[81.9049, 75.2628], [81.8607, 75.3164], [81.6976, 75.2805], [81.5007, 75.368], [81.712, 75.4515], [81.9265, 75.41], [81.9129, 75.4978], [82.1656, 75.5157], [82.2217, 75.3506], [81.9049, 75.2628]]], [[[79.8065, 80.9753], [80.4279, 80.9278], [80.0268, 80.8481], [78.9778, 80.8483], [79.2175, 80.9604], [79.8065, 80.9753]]], [[[79.1643, 73.0943], [79.5412, 72.9186], [79.5016, 72.722], [78.8806, 72.7517], [78.6333, 72.8508], [79.1643, 73.0943]]], [[[77.2606, 72.4861], [77.7484, 72.6311], [78.3651, 72.4823], [77.6325, 72.2912], [76.8711, 72.3171], [77.2606, 72.4861]]], [[[76.8102, 79.4894], [76.0517, 79.6446], [77.5889, 79.5019], [76.8102, 79.4894]]], [[[76.7562, 73.4458], [76.2346, 73.4761], [76.083, 73.5233], [76.2508, 73.5551], [76.7562, 73.4458]]], [[[76.0517, 73.5492], [75.8271, 73.4591], [75.3443, 73.4322], [75.5697, 73.5405], [76.0517, 73.5492]]], [[[74.1423, 73.0743], [74.4087, 73.1304], [74.9616, 73.0625], [74.7427, 73.0327], [74.6383, 72.8638], [74.1808, 72.9754], [74.1001, 73.0216], [74.1423, 73.0743]]], [[[69.9302, 73.1266], [70.0188, 73.2243], [69.9958, 73.3593], [70.1495, 73.4447], [70.9404, 73.5143], [71.2317, 73.4477], [71.6305, 73.2248], [70.3803, 73.0481], [70.0408, 73.0372], [69.9302, 73.1266]]], [[[69.8003, 66.7365], [70.0768, 66.696], [70.1099, 66.569], [69.8446, 66.4897], [69.4694, 66.716], [69.8003, 66.7365]]], [[[65.6192, 75.9046], [61.3561, 75.3147], [60.7193, 75.0686], [60.2768, 75.0075], [60.2412, 74.9707], [60.5015, 74.9046], [60.0799, 74.7558], [59.7473, 74.7459], [59.7714, 74.6645], [59.6742, 74.6102], [59.24, 74.693], [59.0406, 74.4856], [58.5348, 74.4989], [58.6651, 74.2893], [58.618, 74.2273], [58.4416, 74.1289], [57.7673, 74.0138], [57.8724, 73.8505], [57.7561, 73.7693], [57.313, 73.838], [57.5426, 73.6582], [56.9638, 73.3664], [56.6344, 73.3043], [55.0068, 73.4537], [54.2998, 73.351], [54.1316, 73.481], [54.2047, 73.5419], [53.763, 73.7662], [54.6428, 73.9595], [55.3409, 74.4196], [56.1372, 74.4962], [55.6616, 74.5562], [55.5821, 74.6277], [56.4986, 74.957], [55.9979, 75.0033], [55.81, 75.1248], [56.0357, 75.1942], [56.5703, 75.0977], [56.8763, 75.2442], [56.8446, 75.3515], [57.6067, 75.3414], [57.7835, 75.5067], [58.0938, 75.5926], [58.0582, 75.663], [58.8811, 75.8548], [60.036, 75.9838], [60.2794, 76.0963], [60.9421, 76.0713], [61.0541, 76.1199], [61.0343, 76.233], [61.2017, 76.2821], [62.9714, 76.2367], [64.4636, 76.3783], [65.7553, 76.5793], [66.3454, 76.8211], [67.5348, 77.0076], [68.4856, 76.9337], [68.9417, 76.7077], [68.8582, 76.6105], [68.8999, 76.573], [68.1655, 76.2849], [65.6192, 75.9046]]], [[[67.3289, 69.5722], [67.2641, 69.4425], [67.0258, 69.4833], [67.2162, 69.5755], [67.3289, 69.5722]]], [[[66.4181, 70.7571], [66.4627, 70.7692], [66.5686, 70.5014], [66.4076, 70.6158], [66.4181, 70.7571]]], [[[62.8192, 80.8937], [64.0957, 80.9984], [64.3103, 81.1751], [64.5752, 81.1985], [65.1721, 81.144], [65.382, 81.0567], [65.4374, 80.9307], [64.5482, 80.7554], [63.3739, 80.7002], [62.5204, 80.8219], [62.8192, 80.8937]]], [[[62.1064, 81.6793], [62.795, 81.719], [63.7825, 81.6498], [63.5284, 81.5967], [62.1064, 81.6793]]], [[[61.6812, 80.5864], [61.0512, 80.4185], [60.2783, 80.4944], [59.6497, 80.4312], [59.2883, 80.5728], [59.3866, 80.7125], [59.716, 80.8365], [60.4817, 80.8044], [61.5973, 80.8929], [62.1028, 80.8667], [62.2277, 80.7945], [62.0758, 80.6171], [61.6812, 80.5864]]], [[[60.5868, 81.0876], [61.4573, 81.1039], [61.5674, 81.0503], [60.8269, 80.9297], [60.0583, 80.9847], [60.5868, 81.0876]]], [[[60.0263, 69.7171], [59.6371, 69.7211], [59.3815, 69.8903], [58.9528, 69.8927], [58.4729, 70.2669], [58.7944, 70.433], [59.0482, 70.4605], [60.4806, 69.8854], [60.4403, 69.7259], [60.0263, 69.7171]]], [[[58.9459, 80.0424], [59.5446, 80.1188], [59.9111, 79.9943], [59.3308, 79.923], [58.9193, 79.9846], [58.9459, 80.0424]]], [[[58.1345, 81.828], [59.2616, 81.8542], [59.4085, 81.8254], [59.3563, 81.759], [57.9091, 81.722], [58.1345, 81.828]]], [[[59.0752, 81.3978], [59.3747, 81.325], [58.61, 81.3372], [58.6345, 81.3603], [59.0752, 81.3978]]], [[[57.2118, 80.3684], [57.0113, 80.4682], [58.4804, 80.4647], [59.2555, 80.3432], [58.398, 80.3187], [58.2839, 80.2977], [58.2554, 80.2017], [57.8, 80.104], [57.3324, 80.1582], [57.2118, 80.3684]]], [[[58.6417, 80.7681], [57.9379, 80.7934], [57.2111, 81.0171], [58.1024, 81.1142], [58.6223, 81.0416], [58.9304, 80.8318], [58.6417, 80.7681]]], [[[57.8587, 81.3679], [58.0153, 81.2548], [57.4508, 81.1355], [56.8219, 81.2379], [55.7167, 81.1885], [55.4662, 81.3112], [56.157, 81.303], [57.0916, 81.5413], [57.7165, 81.5647], [58.564, 81.4184], [57.8587, 81.3679]]], [[[57.6942, 80.7924], [55.8834, 80.6285], [54.0665, 80.8137], [54.0452, 80.872], [54.3674, 80.9038], [54.7188, 81.1159], [56.4724, 80.9982], [57.6942, 80.7924]]], [[[56.3348, 73.1137], [56.189, 73.033], [56.1217, 72.8067], [55.7236, 72.7664], [55.6163, 72.5989], [55.4032, 72.549], [55.3596, 72.4087], [55.518, 72.2207], [55.2977, 71.9354], [56.4544, 71.1075], [57.6254, 70.7288], [57.1459, 70.5891], [56.26, 70.7147], [56.5613, 70.5936], [56.4346, 70.563], [56.1426, 70.6578], [55.797, 70.6156], [55.6872, 70.6922], [55.0518, 70.6667], [54.645, 70.7418], [54.6011, 70.68], [53.7223, 70.8144], [53.3836, 70.8735], [53.6136, 70.9145], [53.5877, 71.0523], [53.6705, 71.087], [54.1558, 71.1256], [53.6222, 71.3328], [53.4098, 71.3401], [53.3191, 71.3991], [53.4116, 71.5301], [51.9378, 71.4748], [51.5904, 71.5711], [51.4388, 71.7768], [51.4435, 71.9344], [51.5825, 72.0713], [51.8856, 72.1532], [52.2521, 72.1298], [52.6222, 72.3009], [52.9166, 72.6689], [52.5505, 72.7687], [52.913, 72.9001], [53.3699, 72.9167], [53.1888, 73.104], [53.3576, 73.2245], [54.9406, 73.3833], [56.4295, 73.2012], [56.3348, 73.1137]]], [[[56.2006, 80.0764], [55.7239, 80.1047], [56.0123, 80.2038], [56.0245, 80.3413], [57.1225, 80.317], [57.08, 80.0947], [56.2006, 80.0764]]], [[[55.3531, 80.3177], [55.4798, 80.2738], [54.9798, 80.2564], [55.2401, 80.3253], [55.3531, 80.3177]]], [[[53.8588, 80.5631], [54.1766, 80.5744], [54.4373, 80.4985], [54.276, 80.4213], [53.812, 80.4761], [53.9002, 80.5154], [53.8588, 80.5631]]], [[[52.2136, 80.2637], [53.1856, 80.4126], [53.8516, 80.2684], [53.5214, 80.1853], [52.8565, 80.1733], [52.2136, 80.2637]]], [[[53.0714, 71.0652], [53.1211, 70.9822], [53.0228, 70.9687], [52.7384, 71.1808], [52.2398, 71.325], [52.9033, 71.3651], [53.1928, 71.2153], [53.0714, 71.0652]]], [[[51.7038, 80.6877], [50.9608, 80.5405], [49.8458, 80.4975], [49.5859, 80.3765], [48.8961, 80.3691], [48.6769, 80.3], [48.9595, 80.2656], [48.9775, 80.1625], [48.5819, 80.1953], [48.3864, 80.0959], [47.7373, 80.0816], [47.6325, 80.112], [47.9774, 80.2125], [46.991, 80.1828], [46.6443, 80.3003], [47.8957, 80.5291], [49.0877, 80.5157], [49.1852, 80.5588], [49.1474, 80.7122], [49.2443, 80.8214], [50.1245, 80.9239], [50.8009, 80.9142], [51.7038, 80.6877]]], [[[50.4726, 80.0355], [50.9363, 80.0943], [51.2545, 80.0487], [51.2426, 79.9912], [51.4352, 79.932], [50.0914, 79.9806], [50.4726, 80.0355]]], [[[50.465, 81.1261], [50.716, 81.1706], [50.9464, 81.1081], [50.6159, 81.0413], [50.3686, 81.1225], [50.465, 81.1261]]], [[[50.3099, 80.1856], [49.9707, 80.0608], [49.556, 80.1589], [49.8836, 80.2302], [50.3099, 80.1856]]], [[[49.9207, 69.0532], [49.6262, 68.8597], [48.6668, 68.7332], [48.4389, 68.8048], [48.2787, 69.0404], [48.3198, 69.2693], [48.4137, 69.3457], [48.9534, 69.5093], [49.2252, 69.5112], [50.2652, 69.1855], [50.2206, 69.0487], [50.0939, 69.1254], [49.9207, 69.0532]]], [[[48.6866, 80.7177], [48.6254, 80.6294], [47.7053, 80.7653], [47.3039, 80.6063], [46.1414, 80.4466], [45.969, 80.5695], [44.9048, 80.6114], [47.3525, 80.853], [48.3453, 80.8191], [48.6866, 80.7177]]], [[[47.9832, 45.4882], [47.9202, 45.562], [47.9472, 45.6471], [47.9871, 45.554], [47.9832, 45.4882]]], [[[42.6314, 66.7823], [42.7135, 66.7018], [42.4601, 66.7705], [42.5475, 66.7955], [42.6314, 66.7823]]], [[[35.6802, 65.0576], [35.529, 65.1511], [35.7291, 65.1977], [35.8483, 65.1426], [35.8422, 65.0015], [35.6802, 65.0576]]], [[[21.2359, 55.2641], [22.0725, 55.0636], [22.5672, 55.0591], [22.8246, 54.8713], [22.6845, 54.563], [22.7662, 54.3567], [19.6044, 54.4591], [19.8589, 54.6339], [19.9744, 54.9213], [20.5202, 54.9949], [20.8996, 55.2866], [20.958, 55.2788], [20.5947, 54.9824], [21.1887, 54.9352], [21.2359, 55.2641]]], [[[-178.8739, 68.7542], [-178.5384, 68.5856], [-178.7515, 68.6604], [-178.6925, 68.5461], [-178.0974, 68.4249], [-178.0186, 68.3227], [-178.0556, 68.2649], [-177.7968, 68.3379], [-178.3732, 68.5657], [-177.5272, 68.2944], [-177.6395, 68.2411], [-177.5891, 68.2241], [-177.2975, 68.2225], [-175.3452, 67.6781], [-175.2325, 67.4465], [-175.3747, 67.3573], [-175.0028, 67.4375], [-174.8498, 67.3488], [-174.938, 67.093], [-174.7836, 66.9168], [-174.7714, 66.7844], [-174.9251, 66.6231], [-174.5039, 66.5379], [-174.3941, 66.3442], [-174.0848, 66.473], [-174.0179, 66.3824], [-174.065, 66.2297], [-173.7742, 66.4346], [-174.2317, 66.6318], [-174.0056, 66.7786], [-174.0863, 66.9428], [-174.55, 67.0905], [-173.6798, 67.1447], [-173.1578, 67.069], [-173.3234, 66.9548], [-173.3472, 66.8514], [-173.259, 66.8401], [-173.1755, 66.8646], [-173.1931, 66.9937], [-172.5203, 66.9526], [-173.0074, 67.0649], [-171.7956, 66.9317], [-170.473, 66.3203], [-170.6044, 66.2489], [-170.3012, 66.2941], [-170.1918, 66.2012], [-170.244, 66.1693], [-169.7778, 66.1431], [-169.7292, 66.0582], [-170.1594, 66.008], [-170.5406, 65.8655], [-170.5612, 65.6562], [-170.6663, 65.6215], [-171.4511, 65.7944], [-171.0544, 65.55], [-171.1699, 65.5021], [-171.9072, 65.4958], [-172.4357, 65.6696], [-172.7834, 65.681], [-172.354, 65.496], [-172.4177, 65.4495], [-172.2326, 65.4557], [-172.3093, 65.2756], [-172.6618, 65.2485], [-172.2859, 65.2058], [-172.2132, 65.0482], [-173.066, 64.8471], [-172.8011, 64.7905], [-172.9242, 64.7049], [-172.9008, 64.6289], [-172.4875, 64.5442], [-172.3788, 64.4315], [-172.7392, 64.4123], [-172.9033, 64.5261], [-172.9159, 64.3694], [-173.1575, 64.2798], [-173.3756, 64.3548], [-173.3274, 64.5395], [-173.7299, 64.3645], [-174.5705, 64.7177], [-175.442, 64.8167], [-175.8539, 65.0109], [-175.856, 65.2329], [-176.0933, 65.471], [-177.0563, 65.6135], [-177.4886, 65.5036], [-178.4124, 65.4955], [-178.5258, 65.593], [-178.5024, 65.7404], [-178.7911, 65.8648], [-178.9391, 66.0328], [-178.7468, 66.0138], [-178.5265, 66.4015], [-178.8682, 66.1871], [-179.105, 66.2319], [-179.1436, 66.3749], [-179.3401, 66.2875], [-179.3272, 66.1627], [-179.6162, 66.128], [-179.6832, 66.1842], [-179.7898, 65.9009], [-179.7282, 65.8039], [-179.366, 65.6385], [-179.352, 65.5167], [-179.7044, 65.1872], [-180.0, 65.0673], [-180.0, 68.9834], [-178.8739, 68.7542]]], [[[-177.9746, 71.3906], [-177.4984, 71.2191], [-177.8216, 71.0676], [-179.1569, 70.9398], [-180.0, 70.9931], [-180.0, 71.5378], [-178.9942, 71.5931], [-178.3537, 71.5291], [-177.9746, 71.3906]]]]}}, {"type": "Feature", "properties": {"SOVEREIGNT": "Romania", "SOV_A3": "ROU", "mean": 2.024, "GERMAN_NAME": "Rumänien", "NOTE_DE": null}, "geometry": {"type": "Polygon", "coordinates": [[[28.2123, 45.4504], [28.4514, 45.2921], [28.7606, 45.2342], [28.7818, 45.3098], [29.4036, 45.4197], [29.706, 45.26], [29.5576, 44.8433], [29.0482, 44.7575], [29.0954, 44.9752], [28.8916, 44.9186], [28.9262, 44.81], [28.807, 44.5651], [28.888, 44.5748], [28.6454, 44.2957], [28.5853, 43.7422], [28.222, 43.7727], [28.05, 43.8224], [27.8844, 43.9873], [27.4254, 44.0204], [27.087, 44.1674], [26.2158, 44.0072], [25.4972, 43.6709], [23.2245, 43.8738], [22.9189, 43.8344], [22.8681, 43.9479], [23.0287, 44.0779], [22.705, 44.2379], [22.4944, 44.4354], [22.5538, 44.5402], [22.7342, 44.5699], [22.642, 44.651], [22.4977, 44.7062], [22.093, 44.542], [21.3601, 44.8266], [21.5322, 44.9006], [21.3529, 45.009], [21.4904, 45.1479], [20.7942, 45.4678], [20.7751, 45.7498], [20.2419, 46.1086], [21.1218, 46.2825], [21.9955, 47.3957], [21.9998, 47.5049], [22.2907, 47.7279], [22.6086, 47.7663], [22.8768, 47.9473], [23.2026, 48.0844], [23.4081, 47.99], [24.5788, 47.931], [24.9792, 47.7241], [25.4641, 47.9109], [26.1628, 47.9926], [26.3058, 48.2037], [26.619, 48.2599], [26.9808, 48.1551], [27.614, 47.3405], [28.0719, 46.9785], [28.2393, 46.6407], [28.0996, 45.9727], [28.1598, 45.6471], [28.0748, 45.599], [28.2123, 45.4504]]]}}, {"type": "Feature", "properties": {"SOVEREIGNT": "Qatar", "SOV_A3": "QAT", "mean": 1.342, "GERMAN_NAME": "Katar", "NOTE_DE": null}, "geometry": {"type": "Polygon", "coordinates": [[[51.2678, 24.6073], [50.9662, 24.574], [50.8045, 24.7892], [50.7628, 25.4447], [51.0032, 25.9816], [51.2624, 26.1532], [51.5432, 25.9024], [51.4853, 25.5247], [51.6088, 25.053], [51.428, 24.6682], [51.2678, 24.6073]]]}}, {"type": "Feature", "properties": {"SOVEREIGNT": "Portugal", "SOV_A3": "PRT", "mean": 1.468, "GERMAN_NAME": "Portugal", "NOTE_DE": null}, "geometry": {"type": "MultiPolygon", "coordinates": [[[[-8.777, 41.9411], [-8.2661, 42.1374], [-8.1301, 42.0182], [-8.2247, 41.8958], [-8.1524, 41.812], [-7.9209, 41.8837], [-7.4036, 41.8337], [-7.1473, 41.9812], [-6.6184, 41.9423], [-6.5421, 41.6726], [-6.3081, 41.6422], [-6.2123, 41.532], [-6.9284, 41.0091], [-6.8359, 40.7775], [-6.8103, 40.3431], [-7.0328, 40.168], [-6.896, 40.0218], [-6.9755, 39.7985], [-7.1177, 39.6817], [-7.5357, 39.6615], [-7.3355, 39.4651], [-7.1725, 39.1353], [-6.9979, 39.0565], [-7.0461, 38.907], [-7.2815, 38.7146], [-7.3431, 38.4573], [-7.1062, 38.181], [-6.9575, 38.188], [-7.0227, 38.0448], [-7.1854, 38.0064], [-7.4439, 37.7282], [-7.5037, 37.5855], [-7.4061, 37.1796], [-7.8341, 37.0057], [-8.5977, 37.1212], [-8.9977, 37.0322], [-8.8141, 37.4309], [-8.7917, 37.7327], [-8.8789, 37.9587], [-8.8022, 38.1838], [-8.881, 38.4468], [-8.6683, 38.4244], [-8.7989, 38.5181], [-9.2133, 38.4481], [-9.2504, 38.6568], [-9.0214, 38.7468], [-8.9379, 38.9982], [-8.7917, 39.0782], [-8.9545, 39.016], [-9.1359, 38.7427], [-9.3566, 38.6979], [-9.4797, 38.7987], [-9.3746, 39.3384], [-9.1481, 39.5425], [-8.8378, 40.1157], [-8.8727, 40.2591], [-8.6845, 40.7526], [-8.66, 41.0863], [-8.8058, 41.5601], [-8.7554, 41.6985], [-8.8875, 41.7646], [-8.777, 41.9411]]], [[[-17.1909, 32.8688], [-16.9292, 32.8415], [-16.6934, 32.7578], [-16.8374, 32.6482], [-17.0181, 32.6627], [-17.2262, 32.7667], [-17.1909, 32.8688]]], [[[-25.0274, 36.9598], [-25.1599, 36.9433], [-25.1984, 36.9965], [-25.0828, 37.0239], [-25.0274, 36.9598]]], [[[-25.6491, 37.8408], [-25.2664, 37.8487], [-25.1818, 37.8379], [-25.251, 37.735], [-25.4389, 37.7154], [-25.7344, 37.7629], [-25.846, 37.894], [-25.6491, 37.8408]]], [[[-27.0751, 38.6434], [-27.303, 38.6609], [-27.3858, 38.7658], [-27.1269, 38.7897], [-27.042, 38.7411], [-27.0751, 38.6434]]], [[[-27.7785, 38.5556], [-28.0924, 38.6205], [-28.3106, 38.7439], [-27.9625, 38.6363], [-27.7785, 38.5556]]], [[[-28.1472, 38.4527], [-28.0647, 38.4127], [-28.4546, 38.4086], [-28.5489, 38.5186], [-28.402, 38.5533], [-28.1472, 38.4527]]], [[[-28.6414, 38.525], [-28.7437, 38.5224], [-28.842, 38.5985], [-28.6976, 38.6384], [-28.6414, 38.525]]], [[[-31.137, 39.4069], [-31.2831, 39.3941], [-31.2608, 39.4968], [-31.1388, 39.4795], [-31.137, 39.4069]]]]}}, {"type": "Feature", "properties": {"SOVEREIGNT": "Poland", "SOV_A3": "POL", "mean": 1.809, "GERMAN_NAME": "Polen", "NOTE_DE": null}, "geometry": {"type": "Polygon", "coordinates": [[[23.6054, 51.5179], [23.6644, 51.3101], [24.0957, 50.8727], [23.9784, 50.7856], [24.09, 50.5305], [23.9726, 50.4102], [23.7116, 50.3774], [22.7061, 49.6062], [22.6492, 49.5391], [22.7058, 49.1711], [22.8519, 49.0626], [22.5387, 49.0727], [22.02, 49.2095], [21.89, 49.3435], [21.6398, 49.412], [21.0793, 49.4183], [20.8683, 49.3148], [20.3629, 49.3853], [20.1638, 49.3165], [20.0576, 49.1812], [19.7566, 49.2043], [19.7739, 49.3723], [19.6303, 49.4066], [19.4416, 49.5977], [19.1493, 49.4], [18.9682, 49.3964], [18.9384, 49.4983], [18.8322, 49.5108], [18.5625, 49.8792], [18.0283, 50.0353], [17.8314, 49.9832], [17.6269, 50.1163], [17.5894, 50.1576], [17.7356, 50.2309], [17.7021, 50.3073], [17.4152, 50.2548], [16.8802, 50.427], [16.9897, 50.237], [16.639, 50.1021], [16.2103, 50.4237], [16.4198, 50.5737], [16.2823, 50.6556], [16.0072, 50.6117], [15.3546, 50.8118], [15.2584, 50.9585], [14.9938, 51.0144], [14.983, 50.8864], [14.8095, 50.859], [15.0165, 51.2528], [14.906, 51.4634], [14.7246, 51.5239], [14.7249, 51.6617], [14.6018, 51.8324], [14.7526, 52.0819], [14.5546, 52.3596], [14.6194, 52.5285], [14.1288, 52.8783], [14.411, 53.199], [14.2587, 53.7298], [14.5834, 53.6395], [14.5582, 53.8233], [14.2137, 53.8709], [14.2116, 53.9504], [14.3844, 53.9247], [16.1862, 54.2904], [16.5598, 54.5538], [17.8429, 54.8168], [18.3235, 54.8381], [18.7594, 54.6845], [18.7998, 54.6333], [18.4362, 54.7448], [18.6698, 54.4308], [18.8365, 54.3695], [19.6044, 54.4591], [22.7662, 54.3567], [22.894, 54.3905], [23.37, 54.2005], [23.4535, 54.1434], [23.4848, 53.9398], [23.8592, 53.112], [23.9154, 52.7703], [23.8448, 52.6641], [23.411, 52.5162], [23.1752, 52.2866], [23.6526, 52.0405], [23.5449, 51.7102], [23.6054, 51.5179]]]}}, {"type": "Feature", "properties": {"SOVEREIGNT": "Philippines", "SOV_A3": "PHL", "mean": 0.922, "GERMAN_NAME": "Philippinen", "NOTE_DE": null}, "geometry": {"type": "MultiPolygon", "coordinates": [[[[126.0061, 9.3208], [126.1933, 9.2767], [126.1918, 9.1249], [126.3045, 8.952], [126.3196, 8.8447], [126.1396, 8.5957], [126.3653, 8.4839], [126.4586, 8.2029], [126.4352, 7.8328], [126.5702, 7.6773], [126.5817, 7.2478], [126.4391, 7.0124], [126.1922, 6.8526], [126.1893, 6.3096], [125.8243, 7.3333], [125.6893, 7.263], [125.3807, 6.6899], [125.5885, 6.4657], [125.668, 5.9787], [125.3465, 5.5989], [125.2411, 5.7568], [125.2317, 6.0696], [125.0355, 5.8705], [124.9275, 5.8752], [124.2129, 6.2333], [124.0783, 6.4044], [123.9854, 6.9937], [124.2068, 7.3963], [123.9685, 7.6647], [123.6657, 7.8177], [123.4929, 7.808], [123.391, 7.4074], [123.1783, 7.5295], [123.0965, 7.7006], [122.9896, 7.5463], [122.8431, 7.5293], [122.7916, 7.7225], [122.6163, 7.7632], [122.4745, 7.639], [122.1425, 6.9498], [121.9643, 6.9683], [121.9247, 7.1995], [122.2433, 7.9451], [122.3866, 8.046], [122.9111, 8.1564], [123.0505, 8.4339], [123.3413, 8.5705], [123.4346, 8.7034], [123.6801, 8.6207], [123.8493, 8.4327], [123.8774, 8.1888], [123.7993, 8.0491], [124.1978, 8.2294], [124.4048, 8.6], [124.6219, 8.5228], [124.7313, 8.563], [124.8688, 8.9723], [125.141, 8.8687], [125.2097, 9.0271], [125.4988, 9.0146], [125.5334, 9.1408], [125.4139, 9.6692], [125.4715, 9.7568], [125.8768, 9.5131], [126.0061, 9.3208]]], [[[126.0593, 9.7662], [125.9913, 9.8386], [126.0737, 10.0592], [126.1724, 9.8], [126.0593, 9.7662]]], [[[125.9704, 9.5937], [125.9222, 9.6216], [125.9679, 9.7591], [125.9931, 9.6846], [125.9704, 9.5937]]], [[[125.7847, 6.9628], [125.7688, 6.9058], [125.6831, 7.0732], [125.7145, 7.1856], [125.7847, 6.9628]]], [[[125.2396, 12.5279], [125.3203, 12.3219], [125.5355, 12.1914], [125.4567, 11.9524], [125.4916, 11.5943], [125.609, 11.323], [125.5737, 11.2383], [125.704, 11.1649], [125.7357, 11.0495], [125.6281, 11.1321], [125.2335, 11.1451], [125.0344, 11.3413], [124.9171, 11.5584], [124.9952, 11.7649], [124.8843, 11.7755], [124.6766, 12.0209], [124.4458, 12.1529], [124.2946, 12.5692], [125.2396, 12.5279]]], [[[125.6903, 9.9144], [125.4949, 10.1187], [125.5247, 10.3098], [125.6669, 10.4401], [125.6903, 9.9144]]], [[[125.2807, 9.9821], [125.2879, 9.9326], [125.1331, 10.155], [125.231, 10.1156], [125.2807, 9.9821]]], [[[124.5747, 11.3432], [124.93, 11.3729], [125.0265, 11.2118], [125.0132, 10.7857], [125.164, 10.6375], [125.2684, 10.3079], [125.1485, 10.2725], [125.1424, 10.1893], [124.9876, 10.3676], [125.0265, 10.0331], [124.7806, 10.168], [124.7867, 10.7814], [124.6625, 10.9619], [124.4455, 10.9235], [124.3306, 11.5351], [124.5747, 11.3432]]], [[[124.8544, 11.5948], [124.781, 11.5808], [124.7309, 11.7153], [124.7885, 11.683], [124.8544, 11.5948]]], [[[124.8065, 9.1426], [124.7781, 9.083], [124.6658, 9.1323], [124.6532, 9.2257], [124.7367, 9.2431], [124.8065, 9.1426]]], [[[124.6085, 11.4923], [124.4836, 11.4858], [124.3605, 11.6658], [124.511, 11.687], [124.6085, 11.4923]]], [[[124.5938, 9.7872], [124.3598, 9.6303], [124.1225, 9.5994], [123.9357, 9.624], [123.8173, 9.8174], [124.1729, 10.1352], [124.3357, 10.1598], [124.5772, 10.0267], [124.5938, 9.7872]]], [[[124.3537, 13.6321], [124.1755, 13.5315], [124.039, 13.663], [124.1229, 13.9798], [124.2248, 14.0777], [124.417, 13.8711], [124.3537, 13.6321]]], [[[124.3162, 10.6061], [124.2885, 10.6015], [124.3346, 10.7067], [124.3814, 10.6326], [124.3162, 10.6061]]], [[[121.1014, 18.6153], [121.8455, 18.2955], [122.0385, 18.3279], [122.1465, 18.4866], [122.2657, 18.4588], [122.315, 18.3203], [122.1796, 18.0643], [122.1523, 17.6644], [122.4075, 17.1782], [122.5191, 17.1248], [122.135, 16.1847], [121.5953, 15.9333], [121.6069, 15.6698], [121.3923, 15.3244], [121.6954, 14.7374], [121.6281, 14.5812], [121.7667, 14.1681], [121.9118, 14.0204], [122.2117, 13.9301], [122.2876, 13.9963], [122.1998, 14.148], [122.4907, 14.3224], [122.6271, 14.3175], [122.9342, 14.1881], [123.1019, 13.7503], [123.2315, 13.7474], [123.2971, 13.8364], [123.2593, 13.9754], [123.3205, 14.0617], [123.8158, 13.8371], [123.8061, 13.7219], [123.5498, 13.6457], [123.8191, 13.2696], [123.7852, 13.1106], [124.1427, 13.0358], [124.0599, 12.567], [123.8777, 12.6897], [123.9487, 12.9165], [123.6268, 12.9118], [123.3111, 13.0441], [123.1631, 13.4417], [122.8636, 13.6172], [122.5951, 13.9076], [122.468, 13.8868], [122.6678, 13.3954], [122.675, 13.2532], [122.5997, 13.1942], [122.3765, 13.5205], [121.7779, 13.9376], [121.501, 13.8423], [121.3441, 13.649], [121.0957, 13.6793], [120.8408, 13.8848], [120.7292, 13.9006], [120.637, 13.8045], [120.6169, 14.1881], [120.9221, 14.493], [120.9412, 14.6451], [120.5837, 14.8813], [120.5888, 14.483], [120.4387, 14.4533], [120.2507, 14.7933], [120.0823, 14.8511], [119.8814, 15.8749], [119.7691, 16.0084], [119.7727, 16.255], [119.8306, 16.3267], [120.1597, 16.0476], [120.3688, 16.1096], [120.3044, 16.6456], [120.4088, 16.9555], [120.4271, 17.377], [120.3584, 17.6382], [120.5996, 18.5079], [121.1014, 18.6153]]], [[[123.7165, 12.2874], [123.9083, 12.1692], [124.0405, 11.9668], [124.0455, 11.7524], [123.4738, 12.2167], [123.1577, 11.9255], [123.2672, 12.3955], [123.2366, 12.5835], [123.5591, 12.4448], [123.7165, 12.2874]]], [[[123.3701, 9.4496], [123.3161, 9.489], [123.3863, 9.967], [123.7114, 10.4738], [124.039, 11.2736], [124.0048, 10.4002], [123.7006, 10.1282], [123.3701, 9.4496]]], [[[123.7571, 11.2833], [123.8155, 11.1509], [123.7366, 11.1516], [123.7571, 11.2833]]], [[[123.7755, 12.4538], [123.7791, 12.3663], [123.6214, 12.6749], [123.7085, 12.6107], [123.7755, 12.4538]]], [[[123.6977, 9.2373], [123.7064, 9.1335], [123.6146, 9.1033], [123.4936, 9.192], [123.6977, 9.2373]]], [[[123.1307, 9.0641], [122.9947, 9.0587], [122.8665, 9.3198], [122.5627, 9.4829], [122.3996, 9.8231], [122.4716, 9.9614], [122.8557, 10.0869], [122.8168, 10.5038], [122.9583, 10.6984], [122.9831, 10.8865], [123.2567, 10.9938], [123.5105, 10.923], [123.5674, 10.7807], [123.1621, 9.8642], [123.1498, 9.6061], [123.3205, 9.2729], [123.1307, 9.0641]]], [[[123.2819, 12.8535], [123.3673, 12.7008], [122.9576, 13.1073], [123.0436, 13.1134], [123.2819, 12.8535]]], [[[122.4961, 11.6152], [122.8381, 11.5957], [122.9313, 11.5292], [122.8946, 11.4412], [123.1585, 11.5355], [123.1196, 11.2869], [123.0166, 11.1165], [122.8028, 10.99], [122.77, 10.8239], [122.1976, 10.6229], [121.9539, 10.4445], [122.1037, 11.6429], [121.8913, 11.7908], [121.9161, 11.8543], [122.0291, 11.8953], [122.4961, 11.6152]]], [[[122.9371, 7.409], [122.9435, 7.3609], [122.8046, 7.316], [122.8222, 7.4284], [122.9371, 7.409]]], [[[122.6494, 10.4728], [122.5385, 10.425], [122.5375, 10.6076], [122.7013, 10.7406], [122.7373, 10.6546], [122.6494, 10.4728]]], [[[122.6545, 12.3091], [122.6033, 12.2856], [122.423, 12.455], [122.6037, 12.4917], [122.6545, 12.3091]]], [[[122.0929, 6.4284], [121.9593, 6.4159], [121.8319, 6.6641], [122.0583, 6.7406], [122.3236, 6.6023], [122.0929, 6.4284]]], [[[122.3107, 12.5288], [122.261, 12.5031], [122.2779, 12.5928], [122.2876, 12.5892], [122.3107, 12.5288]]], [[[122.1753, 14.0489], [121.9564, 14.1561], [121.9593, 14.2287], [122.1753, 14.0489]]], [[[122.0939, 12.3549], [122.014, 12.1056], [121.9233, 12.3313], [122.0014, 12.5986], [122.1451, 12.6525], [122.0939, 12.3549]]], [[[121.915, 13.5403], [122.1145, 13.4631], [122.005, 13.205], [121.8293, 13.3286], [121.8661, 13.5662], [121.915, 13.5403]]], [[[122.0335, 15.005], [121.9705, 14.8929], [122.0216, 14.7594], [121.933, 14.6562], [121.8398, 15.0382], [122.0335, 15.005]]], [[[121.96, 20.3659], [121.9413, 20.4537], [122.0313, 20.4693], [121.96, 20.3659]]], [[[121.9215, 18.8946], [121.825, 18.8427], [121.9435, 19.0105], [121.9877, 18.9567], [121.9215, 18.8946]]], [[[121.8783, 20.7819], [121.8297, 20.7004], [121.7905, 20.7012], [121.8477, 20.8413], [121.8783, 20.7819]]], [[[120.7043, 13.4794], [120.9808, 13.486], [121.1223, 13.3812], [121.2026, 13.4324], [121.5226, 13.1312], [121.4747, 12.9316], [121.5406, 12.6381], [121.3945, 12.3006], [121.2368, 12.2188], [121.1169, 12.2535], [120.9221, 12.5116], [120.6514, 13.1692], [120.4556, 13.3935], [120.3386, 13.4124], [120.4012, 13.5171], [120.7043, 13.4794]]], [[[121.5208, 19.362], [121.5313, 19.2714], [121.3747, 19.3563], [121.3916, 19.3993], [121.5208, 19.362]]], [[[121.1594, 6.0757], [121.411, 5.94], [121.2944, 5.8698], [121.2181, 5.9427], [120.9308, 5.8962], [120.8764, 5.9526], [121.0377, 6.096], [121.1594, 6.0757]]], [[[121.2523, 19.0824], [121.2465, 19.0152], [121.213, 19.1836], [121.2447, 19.1431], [121.2523, 19.0824]]], [[[120.0999, 12.1678], [120.2281, 12.2198], [120.3145, 12.0124], [120.0106, 12.0083], [119.8659, 12.199], [119.8857, 12.2999], [120.0999, 12.1678]]], [[[120.2713, 13.7507], [120.2727, 13.6828], [120.1035, 13.8427], [120.2115, 13.8208], [120.2713, 13.7507]]], [[[120.2504, 5.2566], [120.1917, 5.1683], [120.1183, 5.2155], [119.9581, 5.0796], [119.8216, 5.0695], [120.1651, 5.3325], [120.2504, 5.2566]]], [[[120.0387, 11.7033], [119.9451, 11.6907], [119.8609, 11.9539], [120.0358, 11.9172], [120.0387, 11.7033]]], [[[119.9163, 10.4859], [119.7932, 10.4554], [119.7644, 10.5516], [119.8522, 10.6401], [120.0085, 10.5701], [119.9163, 10.4859]]], [[[119.8616, 11.5254], [119.8306, 11.3756], [119.7298, 11.4319], [119.7255, 11.4747], [119.8616, 11.5254]]], [[[117.311, 8.4395], [117.2185, 8.3672], [117.3499, 8.7137], [117.8848, 9.2406], [118.1149, 9.3467], [119.0239, 10.3537], [119.2237, 10.4773], [119.3126, 10.6871], [119.3057, 10.9735], [119.5012, 11.3465], [119.5534, 11.3135], [119.5268, 10.9532], [119.687, 10.5004], [119.3695, 10.3273], [119.1916, 10.0611], [118.7823, 9.9161], [118.7737, 9.7669], [118.4349, 9.2559], [118.1339, 9.1013], [117.9896, 8.8772], [117.311, 8.4395]]], [[[117.3553, 8.2147], [117.2869, 8.1909], [117.2807, 8.315], [117.3538, 8.2891], [117.3553, 8.2147]]], [[[117.0799, 7.8834], [117.0284, 7.8075], [116.9697, 7.895], [116.9935, 8.0505], [117.077, 8.0691], [117.0799, 7.8834]]]]}}, {"type": "Feature", "properties": {"SOVEREIGNT": "Peru", "SOV_A3": "PER", "mean": 0.909, "GERMAN_NAME": "Peru", "NOTE_DE": null}, "geometry": {"type": "Polygon", "coordinates": [[[-69.9659, -4.2359], [-70.0534, -4.3331], [-70.2391, -4.3012], [-70.4047, -4.15], [-70.7997, -4.1733], [-70.9735, -4.3505], [-71.8447, -4.5043], [-72.8869, -5.1227], [-72.9798, -5.6349], [-73.2354, -6.0984], [-73.1375, -6.4659], [-73.7581, -6.9057], [-73.8046, -7.0798], [-73.7203, -7.3094], [-73.9644, -7.379], [-74.0022, -7.556], [-73.7203, -7.7825], [-73.7754, -7.9363], [-73.549, -8.3457], [-73.3603, -8.4792], [-73.3024, -8.654], [-72.9741, -8.9931], [-72.9705, -9.1202], [-73.2095, -9.4114], [-72.379, -9.5102], [-72.1428, -10.0052], [-71.2378, -9.9661], [-70.5412, -9.4375], [-70.6369, -9.8238], [-70.6423, -11.0103], [-70.5333, -10.947], [-70.2903, -11.0643], [-69.9605, -10.9299], [-69.5785, -10.9518], [-68.6854, -12.5021], [-68.7592, -12.6873], [-68.9788, -12.8801], [-68.9834, -13.4964], [-69.0742, -13.6828], [-68.8708, -14.1699], [-69.3596, -14.7952], [-69.3748, -14.963], [-69.1724, -15.2366], [-69.4208, -15.6406], [-69.2174, -16.1492], [-68.8427, -16.3378], [-69.0328, -16.476], [-69.0205, -16.6421], [-69.625, -17.2001], [-69.5108, -17.5059], [-69.8521, -17.7038], [-69.8024, -17.9902], [-69.9263, -18.2061], [-70.4184, -18.3455], [-71.3371, -17.6826], [-71.4358, -17.366], [-72.1111, -17.0026], [-72.4675, -16.7082], [-73.7275, -16.2016], [-75.1042, -15.4119], [-75.5337, -14.8992], [-75.934, -14.6336], [-76.2889, -14.1332], [-76.3764, -13.863], [-76.2591, -13.8028], [-76.1838, -13.5152], [-76.2238, -13.3713], [-76.8322, -12.3488], [-77.1526, -12.0604], [-77.2203, -11.6634], [-77.6332, -11.2877], [-77.7361, -10.8367], [-78.1854, -10.089], [-78.7621, -8.617], [-79.0123, -8.2102], [-79.3774, -7.8355], [-79.6179, -7.2957], [-79.9951, -6.7689], [-81.1421, -6.0566], [-81.1644, -5.8752], [-81.0917, -5.8124], [-80.9308, -5.8409], [-80.8818, -5.635], [-81.1677, -5.1671], [-81.1086, -5.0279], [-81.3365, -4.6697], [-81.2832, -4.3222], [-80.7987, -3.7312], [-80.3245, -3.3879], [-80.1791, -3.8777], [-80.3033, -4.0051], [-80.4901, -4.0101], [-80.4883, -4.1655], [-80.353, -4.2085], [-80.4786, -4.43], [-80.3836, -4.4636], [-80.1395, -4.296], [-79.7971, -4.4763], [-79.6384, -4.4548], [-79.5163, -4.5393], [-79.3309, -4.9278], [-79.0332, -4.9691], [-78.9191, -4.8585], [-78.9076, -4.7144], [-78.6862, -4.5624], [-78.6793, -4.3258], [-78.4198, -3.7768], [-78.3453, -3.3973], [-78.1584, -3.4651], [-78.1833, -3.3502], [-77.8607, -2.9818], [-76.6792, -2.5626], [-76.0899, -2.1332], [-75.5707, -1.5313], [-75.408, -0.9243], [-75.2496, -0.9517], [-75.2593, -0.5902], [-75.6262, -0.1228], [-75.2845, -0.1065], [-75.1384, -0.0504], [-74.8018, -0.2002], [-74.418, -0.5807], [-74.2463, -0.9705], [-73.6642, -1.2489], [-73.5213, -1.4497], [-73.4964, -1.693], [-73.1969, -1.8302], [-73.1544, -2.2783], [-72.9413, -2.3941], [-72.2184, -2.4005], [-71.7526, -2.1528], [-71.3969, -2.334], [-70.9685, -2.2068], [-70.0959, -2.6581], [-70.0739, -2.75], [-70.7352, -3.7815], [-70.5297, -3.8664], [-70.3396, -3.8143], [-69.9659, -4.2359]]]}}, {"type": "Feature", "properties": {"SOVEREIGNT": "Paraguay", "SOV_A3": "PRY", "mean": 0.68, "GERMAN_NAME": "Paraguay", "NOTE_DE": null}, "geometry": {"type": "Polygon", "coordinates": [[[-58.1597, -20.1648], [-57.8303, -20.9979], [-57.9458, -21.4941], [-57.9559, -22.1092], [-56.9371, -22.2713], [-56.6329, -22.2349], [-56.4479, -22.0762], [-56.2459, -22.2647], [-55.8492, -22.3076], [-55.6177, -22.6714], [-55.6508, -22.8864], [-55.4158, -23.9514], [-55.1944, -24.0175], [-54.6256, -23.8126], [-54.2418, -24.0472], [-54.3181, -24.1281], [-54.281, -24.306], [-54.4362, -25.1212], [-54.6158, -25.5761], [-54.6778, -26.3089], [-54.8254, -26.6522], [-55.136, -26.9312], [-55.4266, -27.0093], [-55.7146, -27.4149], [-56.1642, -27.3215], [-56.4371, -27.5537], [-56.6034, -27.4678], [-57.1117, -27.4701], [-58.1683, -27.2734], [-58.605, -27.3144], [-58.6187, -27.1321], [-58.1914, -26.63], [-58.2029, -26.3815], [-58.1111, -26.1801], [-57.8908, -26.0066], [-57.7547, -25.6971], [-57.5718, -25.5343], [-57.6438, -25.3283], [-57.9599, -25.0492], [-58.3652, -24.9593], [-59.1871, -24.5624], [-59.8924, -24.0936], [-61.0328, -23.7558], [-61.2085, -23.5569], [-61.7986, -23.182], [-62.214, -22.6124], [-62.651, -22.2336], [-62.2766, -21.0661], [-62.2763, -20.5626], [-61.917, -20.0552], [-61.7568, -19.6453], [-60.0072, -19.2976], [-59.0906, -19.2864], [-58.1802, -19.8178], [-58.1597, -20.1648]]]}}, {"type": "Feature", "properties": {"SOVEREIGNT": "Papua New Guinea", "SOV_A3": "PNG", "mean": 1.187, "GERMAN_NAME": "Papua-Neuguinea", "NOTE_DE": null}, "geometry": {"type": "MultiPolygon", "coordinates": [[[[155.9577, -6.6868], [155.9149, -6.7967], [155.7194, -6.8628], [155.3439, -6.7217], [155.2086, -6.527], [155.2021, -6.3078], [154.7593, -5.9313], [154.7294, -5.4445], [155.0937, -5.6203], [155.4671, -6.1451], [155.8227, -6.3805], [155.9577, -6.6868]]], [[[154.6473, -5.4328], [154.5401, -5.1109], [154.6326, -5.0138], [154.7273, -5.218], [154.6473, -5.4328]]], [[[154.2809, -11.3614], [154.121, -11.4256], [154.0235, -11.3479], [154.1178, -11.3654], [154.1019, -11.3114], [154.2809, -11.3614]]], [[[153.536, -11.4763], [153.7599, -11.5864], [153.5537, -11.6306], [153.2869, -11.5171], [153.3225, -11.4716], [153.2037, -11.3241], [153.536, -11.4763]]], [[[153.6591, -4.0993], [153.6501, -4.1231], [153.5915, -4.096], [153.6631, -4.0412], [153.6591, -4.0993]]], [[[152.9658, -4.7564], [152.8916, -4.8325], [152.7401, -4.6358], [152.6681, -4.1318], [152.2793, -3.5823], [151.8797, -3.4], [151.0668, -2.829], [150.746, -2.7388], [150.8263, -2.7129], [150.8256, -2.5728], [151.2266, -2.8703], [152.033, -3.2513], [153.0169, -4.1056], [153.1325, -4.3524], [152.9658, -4.7564]]], [[[152.631, -8.9595], [152.8099, -8.9673], [152.9528, -9.0702], [152.9669, -9.2091], [152.7203, -9.1665], [152.5151, -9.01], [152.631, -8.9595]]], [[[152.6706, -3.1334], [152.6461, -3.2213], [152.5431, -3.0956], [152.6389, -3.0428], [152.6706, -3.1334]]], [[[151.9157, -4.2967], [152.1173, -4.2121], [152.4056, -4.3408], [152.3513, -4.8222], [152.2577, -4.9547], [152.0132, -5.0038], [151.9837, -5.0744], [152.1428, -5.357], [152.0769, -5.4583], [151.8653, -5.5649], [151.515, -5.5524], [151.2291, -5.9198], [150.4735, -6.2635], [149.6527, -6.2906], [149.3823, -6.0781], [149.099, -6.117], [148.3372, -5.6694], [148.4319, -5.4719], [148.9993, -5.4847], [149.3589, -5.584], [149.8316, -5.5241], [149.9626, -5.4477], [150.0901, -5.0118], [150.1704, -5.0706], [150.0725, -5.3094], [150.183, -5.5238], [150.9005, -5.4472], [151.3267, -4.9604], [151.6712, -4.8833], [151.5441, -4.2991], [151.5931, -4.2007], [151.9157, -4.2967]]], [[[152.0993, -2.9474], [152.0575, -2.9949], [151.9545, -2.8705], [151.9747, -2.8457], [152.0993, -2.9474]]], [[[151.9571, -2.8302], [151.9333, -2.8304], [151.9463, -2.7086], [152.0114, -2.8092], [151.9571, -2.8302]]], [[[151.0808, -10.0201], [151.2965, -9.9568], [151.2309, -10.1947], [150.9591, -10.0927], [150.7763, -9.7089], [151.0808, -10.0201]]], [[[151.1067, -8.7335], [151.124, -8.8048], [151.0463, -8.7283], [151.083, -8.5686], [151.0049, -8.5238], [151.1175, -8.4188], [151.1067, -8.7335]]], [[[150.8987, -10.5653], [150.8846, -10.6436], [150.7856, -10.6035], [150.7993, -10.554], [150.8987, -10.5653]]], [[[150.5286, -9.3465], [150.7889, -9.418], [150.894, -9.6674], [150.4361, -9.6246], [150.5084, -9.536], [150.4371, -9.3599], [150.5286, -9.3465]]], [[[140.9763, -9.1188], [140.9752, -6.9053], [140.8622, -6.7401], [140.9749, -6.3461], [140.9734, -2.6096], [141.1855, -2.6279], [142.9052, -3.3207], [143.5089, -3.4311], [144.0666, -3.8053], [144.4777, -3.8253], [145.0879, -4.3491], [145.3345, -4.3852], [145.7668, -4.8231], [145.7452, -5.4024], [147.0344, -5.9191], [147.3768, -5.9507], [147.5668, -6.057], [147.8019, -6.3152], [147.8455, -6.6624], [147.119, -6.7217], [146.9538, -6.834], [147.1899, -7.3781], [147.7242, -7.8763], [148.1266, -8.1036], [148.2469, -8.5542], [148.451, -8.6944], [148.5831, -9.0518], [149.1984, -9.0313], [149.2632, -9.4979], [150.0109, -9.6881], [149.7614, -9.8059], [149.8744, -10.013], [150.3641, -10.1897], [150.8497, -10.236], [150.6369, -10.3379], [150.4461, -10.3074], [150.489, -10.4257], [150.647, -10.5179], [150.3198, -10.655], [150.0167, -10.5771], [149.7542, -10.353], [147.7688, -10.0701], [147.5532, -9.9125], [147.4084, -9.6746], [147.0171, -9.3878], [146.9253, -9.2472], [146.9638, -9.0596], [146.8562, -9.0877], [146.6308, -8.9513], [146.0332, -8.0764], [144.9738, -7.8021], [144.8643, -7.6315], [144.5097, -7.5673], [144.4312, -7.6794], [144.1429, -7.7572], [143.8981, -7.6739], [143.6547, -7.4604], [143.9424, -7.9441], [143.8405, -7.9419], [143.888, -8.0177], [143.8333, -8.0292], [143.5183, -8.0007], [143.6137, -8.2005], [143.0949, -8.3112], [142.524, -8.3216], [142.3476, -8.1675], [142.2068, -8.1958], [142.3252, -8.1984], [142.4746, -8.3695], [142.7979, -8.3451], [143.1118, -8.4745], [143.3772, -8.7621], [143.3664, -8.961], [142.6471, -9.3278], [142.2295, -9.17], [141.6214, -9.2113], [141.4058, -9.1507], [141.1333, -9.2214], [140.9763, -9.1188]]], [[[150.4368, -2.6617], [150.1657, -2.6601], [149.9616, -2.4737], [150.2273, -2.3842], [150.4296, -2.4704], [150.4368, -2.6617]]], [[[150.3453, -9.4939], [150.1099, -9.362], [150.2082, -9.2065], [150.3201, -9.2642], [150.3453, -9.4939]]], [[[149.7654, -1.553], [149.671, -1.5762], [149.5458, -1.4717], [149.581, -1.3532], [149.7254, -1.4306], [149.7654, -1.553]]], [[[148.0258, -5.8263], [147.781, -5.6272], [147.7947, -5.4925], [148.0546, -5.6116], [148.0258, -5.8263]]], [[[147.8768, -2.2832], [147.8444, -2.3357], [147.7357, -2.3156], [147.8358, -2.2469], [147.8768, -2.2832]]], [[[147.0675, -1.9602], [147.4243, -1.9945], [147.438, -2.0591], [147.2065, -2.182], [146.7478, -2.1488], [146.5466, -2.2087], [146.6564, -1.974], [147.0675, -1.9602]]], [[[147.1762, -5.432], [147.006, -5.307], [147.1309, -5.1907], [147.2065, -5.2514], [147.1762, -5.432]]], [[[146.0192, -4.7262], [145.9522, -4.7557], [145.8835, -4.6676], [145.9958, -4.5393], [146.0192, -4.7262]]], [[[143.5903, -8.6333], [143.6083, -8.6771], [143.2069, -8.4235], [143.4434, -8.519], [143.5903, -8.6333]]], [[[143.5867, -8.4816], [143.3667, -8.4169], [143.3217, -8.3676], [143.5813, -8.3909], [143.5867, -8.4816]]]]}}, {"type": "Feature", "properties": {"SOVEREIGNT": "Panama", "SOV_A3": "PAN", "mean": 0.777, "GERMAN_NAME": "Panama", "NOTE_DE": null}, "geometry": {"type": "MultiPolygon", "coordinates": [[[[-77.3743, 8.6583], [-77.4784, 8.4983], [-77.1961, 7.9726], [-77.3455, 7.8365], [-77.3509, 7.706], [-77.5381, 7.5663], [-77.7621, 7.6989], [-77.7441, 7.5369], [-77.901, 7.2294], [-78.1699, 7.5437], [-78.4216, 8.0609], [-78.2873, 8.0918], [-78.2812, 8.2475], [-78.1419, 8.386], [-77.7606, 8.1333], [-78.0126, 8.3254], [-78.0994, 8.4969], [-78.2232, 8.3966], [-78.3993, 8.5058], [-78.4097, 8.3553], [-78.5141, 8.6283], [-79.0865, 8.9971], [-79.507, 8.97], [-79.6873, 8.851], [-79.8159, 8.6392], [-79.7503, 8.5957], [-80.4588, 8.2138], [-80.4581, 8.0771], [-80.0751, 7.6671], [-80.0113, 7.5], [-80.2875, 7.4257], [-80.439, 7.275], [-80.8455, 7.22], [-81.064, 7.8998], [-81.2685, 7.6254], [-81.5043, 7.7212], [-81.7275, 8.1375], [-82.1598, 8.1947], [-82.2354, 8.311], [-82.7812, 8.3036], [-82.8661, 8.2463], [-82.8795, 8.0706], [-83.0274, 8.3377], [-82.8615, 8.4535], [-82.9169, 8.7404], [-82.7279, 8.9161], [-82.9403, 9.0601], [-82.9399, 9.4492], [-82.801, 9.5919], [-82.644, 9.506], [-82.5637, 9.5766], [-82.3708, 9.4286], [-82.3398, 9.2092], [-82.1883, 9.1917], [-82.2441, 9.0315], [-82.0777, 8.9348], [-81.7804, 8.9572], [-81.8945, 9.1403], [-81.5457, 8.827], [-81.3549, 8.7807], [-80.8386, 8.8872], [-80.547, 9.082], [-80.1273, 9.2099], [-79.5772, 9.5978], [-79.1124, 9.5369], [-78.9317, 9.4286], [-78.5044, 9.4064], [-78.0828, 9.2363], [-77.3743, 8.6583]]], [[[-78.8982, 8.2742], [-78.9605, 8.4358], [-78.8831, 8.4601], [-78.8392, 8.3478], [-78.8982, 8.2742]]], [[[-79.0653, 8.2541], [-79.1103, 8.2098], [-79.0962, 8.2954], [-79.0653, 8.2541]]], [[[-81.6033, 7.3328], [-81.852, 7.4533], [-81.8121, 7.5923], [-81.7289, 7.6211], [-81.6033, 7.3328]]], [[[-82.2336, 9.3809], [-82.2444, 9.334], [-82.3218, 9.4182], [-82.2595, 9.4303], [-82.2336, 9.3809]]]]}}, {"type": "Feature", "properties": {"SOVEREIGNT": "Palau", "SOV_A3": "PLW", "mean": 0.78, "GERMAN_NAME": "Palau", "NOTE_DE": null}, "geometry": {"type": "MultiPolygon", "coordinates": [[[[134.5953, 7.3819], [134.5348, 7.3606], [134.5158, 7.5256], [134.6511, 7.7122], [134.5953, 7.3819]]], [[[131.1724, 3.0262], [131.135, 3.0253], [131.1368, 3.0394], [131.1879, 3.0555], [131.1724, 3.0262]]]]}}, {"type": "Feature", "properties": {"SOVEREIGNT": "Pakistan", "SOV_A3": "PAK", "mean": 1.535, "GERMAN_NAME": "Pakistan", "NOTE_DE": null}, "geometry": {"type": "MultiPolygon", "coordinates": [[[[76.9791, 35.2464], [77.0485, 35.1098], [76.9398, 35.3226], [76.9791, 35.2464]]], [[[76.8127, 35.5718], [76.767, 35.6617], [76.857, 35.4854], [76.8127, 35.5718]]], [[[75.4242, 36.7382], [75.3929, 36.8349], [75.4602, 36.725], [75.4242, 36.7382]]], [[[73.7319, 36.8878], [73.8024, 36.738], [73.0954, 36.6889], [73.0464, 36.5544], [72.5838, 36.2359], [72.5575, 35.9672], [72.6432, 35.8648], [73.0723, 35.8577], [73.3449, 35.592], [73.7387, 35.516], [73.7131, 35.2836], [74.0911, 35.1036], [74.0116, 34.8953], [73.4799, 34.5664], [73.4223, 34.3704], [73.576, 33.8494], [73.6429, 33.1045], [74.1495, 32.9005], [74.3053, 32.8106], [74.3287, 32.7907], [74.4259, 32.7698], [74.4832, 32.7709], [74.5185, 32.765], [74.5883, 32.7532], [74.6322, 32.7709], [74.6632, 32.7575], [74.6491, 32.6499], [74.652, 32.5551], [74.6761, 32.5025], [74.6859, 32.4939], [74.7888, 32.4578], [74.9872, 32.4623], [75.0253, 32.4486], [75.1927, 32.3875], [75.2752, 32.3401], [75.3025, 32.3189], [75.2539, 32.1403], [74.5555, 31.8185], [74.5098, 31.7128], [74.5941, 31.4653], [74.5177, 31.1857], [74.6329, 31.0345], [74.3395, 30.8934], [73.8993, 30.4354], [73.9335, 30.2221], [73.8093, 30.0933], [73.3816, 29.9343], [72.9035, 29.0287], [72.3419, 28.752], [71.8703, 27.9625], [70.7979, 27.7097], [70.629, 27.9375], [70.4037, 28.0251], [70.1445, 27.8491], [69.8964, 27.4735], [69.5371, 27.1229], [69.5069, 26.7428], [70.1477, 26.5064], [70.1002, 25.9101], [70.2647, 25.7065], [70.6485, 25.6669], [70.6521, 25.4229], [71.0477, 24.6876], [70.9699, 24.5719], [71.0441, 24.4], [70.7161, 24.2381], [70.5793, 24.2791], [70.5469, 24.4183], [70.4893, 24.4122], [69.8053, 24.1654], [69.5591, 24.2732], [68.7811, 24.3138], [68.7242, 23.9646], [68.3812, 23.9509], [68.1652, 23.8573], [68.1155, 23.7534], [67.8599, 23.9026], [67.6684, 23.811], [67.6457, 23.9198], [67.5632, 23.8818], [67.3094, 24.1749], [67.1716, 24.756], [66.7032, 24.8609], [66.6985, 25.2264], [66.534, 25.4843], [66.3241, 25.6018], [66.1312, 25.4933], [66.3565, 25.5074], [66.4678, 25.4453], [64.7765, 25.3073], [64.6591, 25.1842], [64.0594, 25.4029], [63.5568, 25.3533], [63.4913, 25.2109], [62.6647, 25.2647], [62.3152, 25.1349], [62.1985, 25.2248], [61.908, 25.1313], [61.588, 25.2024], [61.6618, 25.7512], [61.7543, 25.8432], [61.8425, 26.2259], [62.2392, 26.357], [62.4394, 26.5609], [63.1579, 26.6496], [63.3016, 27.1514], [63.1669, 27.2524], [62.763, 27.2501], [62.812, 27.497], [62.758, 28.2435], [62.5646, 28.2351], [62.353, 28.4146], [61.89, 28.5467], [61.6229, 28.7916], [61.3183, 29.3727], [60.8435, 29.8586], [62.4764, 29.4084], [63.5676, 29.498], [64.0986, 29.3921], [64.3938, 29.5443], [65.0954, 29.5596], [66.1769, 29.8356], [66.3133, 29.9685], [66.2384, 30.1096], [66.3468, 30.8028], [66.8292, 31.2636], [67.4527, 31.2347], [67.7378, 31.344], [67.5784, 31.5065], [68.1612, 31.8029], [68.5975, 31.8029], [68.869, 31.6342], [69.2794, 31.9369], [69.2416, 32.4335], [69.5015, 33.0201], [69.9202, 33.1124], [70.2611, 33.289], [70.2841, 33.369], [70.134, 33.6206], [69.868, 33.8976], [69.8896, 34.0073], [69.9947, 34.0518], [70.6539, 33.9523], [71.0517, 34.0497], [71.0956, 34.3694], [70.9656, 34.5303], [71.6205, 35.1829], [71.5456, 35.2888], [71.5719, 35.5468], [71.3976, 35.8801], [71.1852, 36.042], [71.2327, 36.1217], [71.6205, 36.4365], [71.7727, 36.4319], [72.2497, 36.7347], [72.6227, 36.8295], [73.7319, 36.8878]]], [[[74.6005, 37.0365], [74.7661, 37.0126], [74.8313, 36.9836], [74.6718, 37.0202], [74.5681, 37.0286], [74.6005, 37.0365]]]]}}, {"type": "Feature", "properties": {"SOVEREIGNT": "Oman", "SOV_A3": "OMN", "mean": 1.125, "GERMAN_NAME": "Oman", "NOTE_DE": null}, "geometry": {"type": "MultiPolygon", "coordinates": [[[[53.0855, 16.6483], [51.9778, 18.9961], [54.9773, 19.996], [55.6411, 22.0019], [55.1857, 22.7042], [55.1998, 23.0348], [55.5317, 23.819], [55.4683, 23.9411], [55.9853, 24.0633], [55.9288, 24.2152], [55.761, 24.2428], [55.7956, 24.868], [56.0008, 24.9532], [55.9702, 24.859], [56.0638, 24.7387], [56.3881, 24.9791], [56.6405, 24.4703], [57.1229, 23.9807], [58.3246, 23.6239], [58.578, 23.6435], [58.7731, 23.5173], [59.4294, 22.6609], [59.8232, 22.5091], [59.7998, 22.2199], [59.3714, 21.4988], [58.8959, 21.1127], [58.4743, 20.4069], [58.209, 20.4239], [58.245, 20.5992], [58.1694, 20.5895], [57.862, 20.2441], [57.714, 19.6784], [57.8116, 19.0171], [57.1765, 18.9026], [56.8259, 18.7535], [56.6552, 18.5874], [56.5508, 18.166], [56.3834, 17.9879], [55.4791, 17.8431], [55.2552, 17.5856], [55.2754, 17.3209], [55.064, 17.0389], [54.7717, 16.9646], [54.5665, 17.0312], [54.0683, 17.0055], [53.61, 16.7599], [53.0855, 16.6483]]], [[[58.722, 20.2187], [58.641, 20.2107], [58.6414, 20.3373], [58.8844, 20.6806], [58.951, 20.516], [58.722, 20.2187]]], [[[56.2978, 25.6506], [56.1448, 25.6905], [56.1674, 26.0475], [56.0803, 26.0626], [56.1646, 26.207], [56.413, 26.3511], [56.2978, 25.6506]]], [[[56.2819, 25.2356], [56.2106, 25.2134], [56.2344, 25.3038], [56.2772, 25.3008], [56.2819, 25.2356]]]]}}, {"type": "Feature", "properties": {"SOVEREIGNT": "Norway", "SOV_A3": "NOR", "mean": 3.359, "GERMAN_NAME": "Norwegen", "NOTE_DE": null}, "geometry": {"type": "MultiPolygon", "coordinates": [[[[32.5259, 80.1191], [31.4819, 80.1078], [33.6293, 80.2174], [33.5565, 80.1981], [32.5259, 80.1191]]], [[[20.6221, 69.0369], [20.1166, 69.0209], [20.3481, 68.8487], [20.2401, 68.6731], [19.9687, 68.5421], [20.2401, 68.4777], [19.9698, 68.3563], [18.303, 68.5554], [18.1626, 68.5285], [18.1766, 68.2007], [17.9167, 67.965], [17.3245, 68.1038], [16.7838, 67.895], [16.5742, 67.6196], [16.1275, 67.4257], [16.4342, 67.1551], [16.4036, 67.055], [15.423, 66.4898], [15.4838, 66.3059], [15.0399, 66.1675], [14.5431, 66.1293], [14.6346, 65.7933], [14.4798, 65.3014], [13.6503, 64.5815], [14.0776, 64.464], [14.1482, 64.2604], [14.0632, 64.0955], [13.9606, 64.0139], [13.2036, 64.0752], [12.7928, 63.9999], [12.175, 63.596], [12.2121, 63.4922], [12.0001, 63.2917], [12.2182, 63.0005], [12.1084, 62.9195], [12.1146, 62.5919], [12.3036, 62.2856], [12.1552, 61.7208], [12.8806, 61.3522], [12.706, 61.0599], [12.2942, 61.0026], [12.5887, 60.4507], [12.4861, 60.1068], [12.1693, 59.913], [11.932, 59.8637], [11.6808, 59.5922], [11.7981, 59.2899], [11.643, 58.9261], [11.4709, 58.9096], [11.3884, 59.0367], [11.3658, 59.1045], [10.8344, 59.184], [10.645, 59.3892], [10.5954, 59.7646], [10.5338, 59.6957], [10.5694, 59.587], [10.3981, 59.5193], [10.4312, 59.2796], [10.1796, 59.0094], [9.8426, 58.9585], [9.5571, 59.1127], [9.6961, 59.0098], [9.6568, 58.9712], [9.3098, 58.8568], [9.3958, 58.8056], [8.1661, 58.1454], [7.4659, 58.021], [7.0047, 58.0243], [6.8769, 58.1508], [6.7315, 58.0683], [6.5907, 58.0973], [6.6598, 58.2627], [6.0547, 58.3752], [5.7069, 58.5236], [5.5172, 58.7265], [5.6122, 59.0129], [6.0989, 58.8704], [6.3632, 59.0009], [6.0993, 58.952], [5.8891, 59.0979], [5.9517, 59.2991], [6.4039, 59.561], [5.3624, 59.1663], [5.1734, 59.1625], [5.1316, 59.2265], [5.3048, 59.6426], [5.4725, 59.7132], [5.7721, 59.6608], [6.2167, 59.8184], [5.834, 59.7948], [5.7303, 59.8632], [6.0698, 60.0836], [6.1407, 60.2336], [6.518, 60.4075], [6.5738, 60.3606], [6.527, 60.1528], [6.7199, 60.418], [6.9957, 60.5119], [6.1533, 60.3462], [5.8765, 60.0701], [5.1457, 59.6387], [5.105, 59.7318], [5.2058, 60.0879], [5.6885, 60.1232], [5.2857, 60.2058], [5.137, 60.4455], [5.6482, 60.6881], [5.2439, 60.5697], [5.1158, 60.636], [5.0085, 61.0382], [6.7779, 61.1423], [7.0385, 60.953], [7.04, 61.0911], [7.6045, 61.2105], [7.4039, 61.2222], [7.3467, 61.3004], [7.4425, 61.4346], [7.3312, 61.372], [7.2761, 61.1809], [6.9424, 61.1606], [6.6569, 61.2065], [6.6001, 61.2895], [6.3833, 61.1338], [5.3246, 61.1083], [5.0218, 61.2505], [5.0027, 61.4336], [5.3386, 61.4856], [4.9279, 61.7108], [4.93, 61.8782], [5.4653, 61.897], [6.0158, 61.7875], [6.7307, 61.8697], [6.131, 61.8524], [5.267, 61.9355], [5.0963, 62.0266], [5.1431, 62.1599], [5.3577, 62.1516], [5.7181, 62.379], [6.2091, 62.3529], [6.6922, 62.4682], [6.136, 62.4076], [6.3531, 62.6112], [7.5703, 62.5482], [7.6909, 62.5857], [7.5274, 62.6103], [7.5382, 62.6721], [8.0955, 62.7318], [6.7351, 62.7207], [6.9403, 62.9304], [7.5717, 63.0994], [8.1005, 63.0909], [8.6233, 62.8462], [8.1581, 63.1614], [8.2715, 63.2867], [8.6355, 63.3424], [8.5937, 63.4261], [8.3608, 63.499], [8.5761, 63.6012], [9.1359, 63.5936], [9.0758, 63.5004], [9.1561, 63.4594], [9.3235, 63.5703], [9.6968, 63.6246], [10.0212, 63.3909], [10.7602, 63.4613], [10.6735, 63.558], [10.7253, 63.625], [11.3708, 63.8048], [11.1757, 63.8989], [11.4576, 64.0028], [11.3067, 64.049], [10.9143, 63.9211], [11.0472, 63.8452], [10.9348, 63.7703], [10.055, 63.5127], [9.9239, 63.5217], [9.7673, 63.6994], [9.5672, 63.7062], [10.5655, 64.4184], [11.6329, 64.8139], [11.2966, 64.7547], [11.3499, 64.9059], [11.4892, 64.9758], [12.1596, 65.1789], [12.3064, 65.0861], [12.5084, 65.0994], [12.9156, 65.3393], [12.4177, 65.1841], [12.134, 65.2792], [12.273, 65.568], [12.6888, 65.9023], [13.0333, 65.9563], [12.7838, 66.1005], [13.6744, 66.18], [14.0341, 66.2975], [13.119, 66.2307], [13.0682, 66.4308], [13.2115, 66.6407], [13.6212, 66.795], [13.9596, 66.7944], [13.6514, 66.9071], [14.109, 67.1192], [15.4158, 67.2025], [14.4416, 67.2714], [14.9618, 67.5743], [15.4093, 67.4741], [15.5943, 67.3485], [15.5756, 67.4437], [15.6915, 67.5215], [15.2487, 67.6022], [15.3038, 67.7654], [14.7814, 67.6749], [14.7991, 67.8093], [15.1342, 67.9728], [15.6213, 67.9483], [15.293, 68.0365], [16.008, 68.2286], [16.3122, 67.8815], [16.2585, 68.0012], [16.3921, 68.0915], [16.2596, 68.1444], [16.2038, 68.3166], [16.3878, 68.3897], [16.9515, 68.3546], [17.5527, 68.4263], [17.426, 68.482], [16.585, 68.4666], [16.5145, 68.5327], [17.3907, 68.7995], [17.7046, 69.1001], [18.1014, 69.1563], [18.0787, 69.3254], [18.2598, 69.4706], [18.8592, 69.3146], [18.916, 69.3356], [18.6144, 69.4906], [18.9913, 69.5612], [19.1972, 69.7478], [19.6872, 69.8047], [19.6414, 69.4241], [19.9604, 69.8245], [20.3244, 69.9453], [20.3874, 69.8676], [20.338, 69.6166], [20.0439, 69.3557], [20.1073, 69.3413], [20.4867, 69.5421], [20.7394, 69.5206], [20.5328, 69.6923], [20.6221, 69.9139], [21.1632, 69.8894], [21.2539, 70.0031], [21.4328, 70.0132], [21.9746, 69.8346], [21.8029, 70.066], [21.3558, 70.2334], [22.322, 70.2645], [22.6845, 70.3747], [22.9412, 70.3049], [23.0463, 70.1017], [23.3538, 69.9833], [23.4002, 70.0198], [23.2861, 70.1048], [23.3793, 70.2475], [24.4201, 70.7019], [24.2635, 70.8263], [24.658, 71.0011], [25.2646, 70.8435], [25.436, 70.9117], [25.7683, 70.8531], [25.2736, 70.5524], [24.9943, 70.2183], [25.044, 70.109], [25.2117, 70.1366], [26.507, 70.9128], [26.6614, 70.9397], [26.7338, 70.8536], [26.5581, 70.6691], [26.6445, 70.6363], [26.5851, 70.41], [26.9894, 70.5113], [27.1838, 70.7441], [27.5463, 70.8039], [27.2353, 70.9471], [27.5971, 71.0914], [28.3923, 70.9753], [28.3268, 70.8251], [27.898, 70.6779], [28.2717, 70.6679], [28.2026, 70.5769], [28.1929, 70.2487], [28.6094, 70.7597], [28.8315, 70.8638], [29.1022, 70.8607], [29.7376, 70.6469], [30.0653, 70.7029], [30.2377, 70.6222], [30.2132, 70.5433], [30.5959, 70.5236], [30.9264, 70.4011], [30.944, 70.2744], [30.2629, 70.1248], [28.7811, 70.1454], [29.6012, 69.9767], [29.6944, 69.7445], [30.0883, 69.7176], [30.2377, 69.8622], [30.4285, 69.7223], [30.4843, 69.7948], [30.8699, 69.7834], [30.9242, 69.6518], [30.8609, 69.5385], [30.1801, 69.6359], [30.0872, 69.433], [29.3884, 69.2983], [29.171, 69.0714], [28.9658, 69.022], [28.8463, 69.1768], [29.3334, 69.4731], [29.1415, 69.6714], [28.4118, 69.8228], [27.7479, 70.0647], [27.1276, 69.9064], [26.5254, 69.9149], [26.0725, 69.6916], [25.7672, 69.2828], [25.7485, 68.99], [25.2492, 68.8213], [24.9414, 68.5933], [23.8542, 68.8059], [23.3239, 68.649], [22.4109, 68.72], [21.6218, 69.2709], [21.1437, 69.2474], [21.0526, 69.1865], [21.1279, 69.0808], [21.0656, 69.0417], [20.6221, 69.0369]]], [[[29.9562, 69.7968], [29.7661, 69.7676], [29.7441, 69.7915], [29.8359, 69.9056], [30.0552, 69.8384], [29.9562, 69.7968]]], [[[29.0472, 78.9122], [29.6966, 78.9049], [27.889, 78.8523], [28.5111, 78.9674], [29.0472, 78.9122]]], [[[20.8978, 80.25], [21.5491, 80.2429], [22.2896, 80.0492], [22.4426, 80.1903], [22.4509, 80.4022], [23.0082, 80.4739], [23.3156, 80.4251], [23.1147, 80.187], [23.6878, 80.2066], [24.4028, 80.3552], [25.8363, 80.1752], [26.8609, 80.1599], [27.1482, 80.0592], [27.1986, 79.9067], [26.0059, 79.617], [25.6412, 79.403], [24.7506, 79.3646], [23.9478, 79.1944], [22.9038, 79.2306], [22.6957, 79.3291], [22.8656, 79.4119], [20.8611, 79.3978], [20.1282, 79.4896], [19.6746, 79.5911], [20.4936, 79.6326], [20.7841, 79.7487], [18.7249, 79.7609], [18.2554, 79.9292], [18.8559, 80.0367], [17.917, 80.1431], [18.7792, 80.1934], [19.3434, 80.1163], [19.537, 80.1632], [19.3545, 80.1854], [19.1785, 80.3316], [19.7512, 80.2273], [19.8103, 80.3267], [19.6144, 80.4624], [19.7332, 80.4777], [20.8978, 80.25]]], [[[26.876, 78.6489], [26.4595, 78.7202], [26.4076, 78.7842], [26.5858, 78.8115], [27.0078, 78.6975], [26.876, 78.6489]]], [[[25.5865, 71.1422], [25.945, 71.1047], [26.147, 71.0396], [25.76, 70.9537], [25.315, 71.0343], [25.5865, 71.1422]]], [[[21.6081, 78.5956], [22.043, 78.5768], [22.2997, 78.2281], [22.9887, 78.2519], [23.452, 78.1495], [23.1518, 78.0881], [23.1165, 77.9916], [23.6839, 77.8753], [24.2383, 77.8984], [24.9018, 77.7566], [24.1299, 77.6582], [23.7361, 77.4624], [22.8019, 77.2758], [22.4271, 77.3159], [22.4865, 77.3602], [22.4426, 77.4294], [22.6852, 77.5535], [20.9281, 77.4596], [20.873, 77.5653], [21.201, 77.6195], [21.3342, 77.7717], [21.6531, 77.9234], [21.0354, 78.0593], [20.7866, 78.2521], [20.5285, 78.3255], [20.5602, 78.4194], [20.2279, 78.4777], [21.6081, 78.5956]]], [[[24.0176, 70.5674], [23.8272, 70.5275], [23.6702, 70.5971], [23.6634, 70.6752], [23.7786, 70.7474], [23.9564, 70.6996], [24.0784, 70.6505], [24.0176, 70.5674]]], [[[23.6155, 70.5493], [23.641, 70.4639], [23.2706, 70.2966], [22.9178, 70.3848], [23.0226, 70.4868], [23.5467, 70.617], [23.6155, 70.5493]]], [[[23.4405, 70.8157], [22.8292, 70.5415], [22.3587, 70.5148], [21.9944, 70.6571], [22.9635, 70.7109], [23.2047, 70.8154], [23.4405, 70.8157]]], [[[16.7866, 79.9069], [17.2194, 79.9409], [17.8346, 79.8001], [17.9563, 79.7043], [17.6874, 79.5333], [17.7342, 79.4813], [17.6686, 79.386], [18.3973, 79.605], [18.8152, 79.4266], [18.8073, 79.3032], [18.6777, 79.2617], [19.0896, 79.1571], [19.7509, 79.1468], [19.8934, 79.0562], [20.1627, 79.1456], [20.6109, 79.1067], [20.7672, 79.0592], [20.5008, 78.9814], [21.3889, 78.7403], [19.6767, 78.6095], [19.1504, 78.3793], [18.9837, 78.2342], [18.9952, 78.0815], [18.4394, 78.0251], [18.362, 77.6823], [18.2281, 77.5226], [17.8472, 77.4967], [17.6233, 77.3994], [17.1524, 77.0488], [17.2489, 76.9691], [16.9767, 76.8115], [17.0628, 76.659], [16.7006, 76.5793], [15.5468, 76.8863], [15.1242, 77.0852], [14.366, 77.2345], [14.0503, 77.4032], [13.9956, 77.5082], [14.3775, 77.5795], [14.695, 77.525], [14.9208, 77.6887], [17.0332, 77.7977], [16.9141, 77.8979], [14.0899, 77.7713], [13.7911, 77.8538], [13.6806, 78.0282], [13.9369, 78.0856], [14.3073, 78.0051], [14.2483, 78.0714], [15.698, 78.2276], [15.657, 78.299], [15.784, 78.3271], [16.7769, 78.3505], [17.1718, 78.4172], [16.7265, 78.4071], [16.4486, 78.5036], [16.7827, 78.6636], [15.9439, 78.493], [15.4176, 78.4732], [15.2541, 78.589], [15.3841, 78.7711], [15.0162, 78.6301], [14.6893, 78.7209], [14.4672, 78.6752], [14.5154, 78.5805], [14.4319, 78.4925], [14.6382, 78.4146], [14.1104, 78.2708], [13.1503, 78.2375], [11.774, 78.7164], [11.7553, 78.8118], [11.8611, 78.832], [11.3654, 78.9505], [12.4033, 78.9533], [11.9817, 79.0253], [11.8928, 79.1524], [12.084, 79.2674], [11.9785, 79.2926], [11.58, 79.2834], [11.6163, 79.2053], [11.5213, 79.1513], [11.2081, 79.1296], [10.7376, 79.5202], [10.8106, 79.6408], [10.6821, 79.7583], [10.8661, 79.7966], [11.1505, 79.7171], [11.7024, 79.8206], [12.2877, 79.7132], [12.2193, 79.798], [13.6928, 79.861], [13.921, 79.7618], [12.5552, 79.5694], [13.3339, 79.5747], [13.3836, 79.4808], [13.9574, 79.3396], [14.056, 79.383], [14.0398, 79.5856], [14.5935, 79.7987], [14.8318, 79.7664], [15.7642, 79.1742], [16.3438, 78.9762], [15.8751, 79.5191], [15.8258, 79.7092], [16.1001, 79.8845], [16.094, 80.0073], [16.2456, 80.0495], [16.7866, 79.9069]]], [[[20.779, 70.0897], [20.6426, 70.0569], [20.405, 70.1192], [20.6548, 70.2308], [20.8194, 70.2055], [20.779, 70.0897]]], [[[19.7674, 70.2168], [19.9104, 70.202], [20.0886, 70.1021], [19.7808, 70.0774], [19.599, 70.2662], [19.7674, 70.2168]]], [[[19.2552, 70.0663], [19.608, 70.0191], [19.3347, 69.8202], [19.0078, 69.7596], [18.7846, 69.5791], [18.2742, 69.5355], [18.0614, 69.6022], [18.2274, 69.6357], [18.3494, 69.7678], [18.6741, 69.7817], [18.6864, 69.8908], [19.051, 70.0378], [19.1328, 70.2442], [19.2127, 70.2475], [19.2552, 70.0663]]], [[[19.2192, 74.391], [19.0986, 74.3521], [18.7976, 74.4858], [19.1828, 74.518], [19.2746, 74.4568], [19.2192, 74.391]]], [[[18.7414, 80.3008], [18.5251, 80.2457], [18.1622, 80.2882], [18.2918, 80.3583], [18.7414, 80.3008]]], [[[17.503, 69.5963], [18.0042, 69.505], [18.0769, 69.3958], [17.9422, 69.3288], [17.9505, 69.1981], [17.4879, 69.1967], [17.0826, 69.0136], [16.8104, 69.0707], [16.9717, 69.1379], [17.0019, 69.362], [17.3608, 69.3816], [17.3734, 69.4389], [17.2298, 69.4777], [17.503, 69.5963]]], [[[15.7603, 68.5613], [16.0594, 68.6806], [16.1505, 68.8423], [16.2754, 68.8684], [16.5472, 68.7165], [16.5192, 68.633], [15.9752, 68.4025], [15.4374, 68.3128], [15.2797, 68.3737], [14.6288, 68.1984], [14.2576, 68.1908], [14.2573, 68.2569], [14.586, 68.4004], [15.0954, 68.4416], [15.4125, 68.6158], [15.5644, 68.8737], [15.4435, 68.9192], [15.4831, 69.0435], [15.8928, 69.278], [16.1296, 69.274], [15.8118, 69.0242], [15.928, 68.7332], [15.7603, 68.5613]]], [[[15.207, 68.9432], [15.3967, 68.7837], [15.2221, 68.6163], [14.5208, 68.6332], [14.3736, 68.7115], [14.5536, 68.8189], [14.802, 68.7909], [14.8725, 68.9138], [15.0374, 68.8942], [15.0378, 69.0004], [15.207, 68.9432]]], [[[13.8728, 68.2652], [14.1187, 68.2468], [13.2295, 67.9953], [13.1996, 68.0871], [13.3, 68.1604], [13.8728, 68.2652]]], [[[12.9717, 67.8742], [12.8241, 67.8212], [12.9577, 68.0155], [13.1229, 68.0493], [12.9717, 67.8742]]], [[[12.5095, 65.902], [12.4303, 65.94], [12.7788, 65.9917], [12.7186, 65.9639], [12.5095, 65.902]]], [[[12.4198, 66.0433], [12.3273, 66.0367], [12.4612, 66.1851], [12.6207, 66.1779], [12.5764, 66.0719], [12.4198, 66.0433]]], [[[11.2502, 78.6107], [11.2617, 78.5416], [11.8258, 78.4361], [12.1164, 78.2327], [11.1213, 78.4633], [10.6285, 78.7537], [10.5583, 78.903], [10.9608, 78.8464], [11.153, 78.7244], [11.0781, 78.686], [11.2502, 78.6107]]], [[[11.968, 65.6265], [11.9018, 65.5956], [11.765, 65.6309], [11.8755, 65.7058], [12.0033, 65.6793], [11.968, 65.6265]]], [[[11.2315, 64.8658], [11.1789, 64.838], [10.7397, 64.8703], [11.0209, 64.9788], [11.1325, 64.9762], [11.2315, 64.8658]]], [[[8.4706, 63.6672], [8.287, 63.6871], [8.809, 63.7715], [8.7863, 63.7034], [8.4706, 63.6672]]], [[[8.1027, 63.3376], [7.8881, 63.3523], [7.8039, 63.4139], [8.0735, 63.4709], [8.1362, 63.4315], [8.1027, 63.3376]]], [[[5.0859, 60.3075], [5.0891, 60.1888], [4.997, 60.1978], [4.9574, 60.4472], [5.0859, 60.3075]]], [[[4.9588, 61.0845], [4.799, 61.0826], [4.8245, 61.1783], [4.9153, 61.1993], [4.9588, 61.0845]]], [[[-8.9534, 70.8392], [-9.0988, 70.8548], [-8.3435, 71.1401], [-8.0012, 71.1778], [-7.9789, 71.1169], [-8.0023, 71.0414], [-8.9534, 70.8392]]]]}}, {"type": "Feature", "properties": {"SOVEREIGNT": "North Korea", "SOV_A3": "PRK", "mean": 2.086, "GERMAN_NAME": "Nordkorea", "NOTE_DE": null}, "geometry": {"type": "MultiPolygon", "coordinates": [[[[128.3745, 38.6234], [128.1686, 38.3593], [128.039, 38.3086], [127.0904, 38.284], [126.6667, 37.917], [126.6339, 37.7818], [126.37, 37.8783], [126.1166, 37.743], [126.0503, 37.8698], [125.7692, 37.9853], [125.3577, 37.7247], [125.3109, 37.8434], [124.9887, 37.9314], [125.2069, 38.0816], [124.691, 38.1293], [124.8746, 38.2334], [124.8807, 38.3418], [125.0675, 38.5568], [125.5546, 38.6861], [125.1687, 38.8055], [125.4095, 39.2884], [125.3609, 39.5265], [124.7752, 39.7582], [124.6384, 39.615], [124.5574, 39.7907], [124.3486, 39.907], [124.3619, 40.0041], [124.3868, 40.1043], [124.8893, 40.4598], [125.4167, 40.66], [125.7281, 40.8668], [125.9891, 40.9046], [126.4903, 41.3579], [126.6011, 41.641], [126.7217, 41.7165], [126.9547, 41.7695], [127.1797, 41.5315], [128.1495, 41.3876], [128.2892, 41.6075], [128.0329, 41.8984], [128.0451, 41.9875], [128.9235, 42.0381], [129.1957, 42.2185], [129.3137, 42.4136], [129.6979, 42.4483], [129.8984, 42.9981], [130.2404, 42.8917], [130.2465, 42.7449], [130.527, 42.5354], [130.6872, 42.3025], [130.4575, 42.3016], [130.2357, 42.1831], [129.7562, 41.7124], [129.6863, 41.595], [129.7659, 41.3038], [129.7087, 40.8574], [129.3411, 40.7263], [129.1096, 40.491], [128.7014, 40.3174], [128.5113, 40.1302], [127.9666, 39.9956], [127.5681, 39.782], [127.549, 39.4611], [127.5227, 39.3774], [127.4223, 39.3736], [127.3946, 39.208], [127.7863, 39.0843], [128.3745, 38.6234]]], [[[124.9052, 39.5362], [124.8461, 39.5588], [124.9347, 39.6077], [124.9052, 39.5362]]]]}}, {"type": "Feature", "properties": {"SOVEREIGNT": "Nigeria", "SOV_A3": "NGA", "mean": 1.217, "GERMAN_NAME": "Nigeria", "NOTE_DE": null}, "geometry": {"type": "MultiPolygon", "coordinates": [[[[13.6064, 13.7045], [14.064, 13.0785], [14.1975, 12.3839], [14.519, 12.2983], [14.6198, 12.1509], [14.5755, 11.5324], [14.2022, 11.2682], [13.9815, 11.212], [13.7, 10.8732], [13.5355, 10.605], [13.4145, 10.1714], [13.2698, 10.0361], [13.1989, 9.5638], [12.9296, 9.4263], [12.7824, 8.8178], [12.5826, 8.6241], [12.4036, 8.5957], [12.2334, 8.2822], [12.0159, 7.5897], [11.7675, 7.2722], [11.8615, 7.1164], [11.58, 6.889], [11.4777, 6.5974], [11.2372, 6.4506], [11.1066, 6.4577], [11.0086, 6.739], [10.6062, 7.0631], [10.4823, 6.8913], [10.2055, 6.8916], [10.1436, 6.9964], [9.7799, 6.76], [9.6601, 6.532], [8.9973, 5.9177], [8.8011, 5.1975], [8.5559, 4.7552], [8.4314, 4.7462], [8.2528, 4.9239], [8.2931, 4.5577], [7.8007, 4.5223], [7.5656, 4.561], [7.5307, 4.6552], [7.4597, 4.5553], [7.2844, 4.5476], [7.0767, 4.7162], [7.1548, 4.5145], [6.9233, 4.3907], [6.7678, 4.7247], [6.8603, 4.3734], [6.6332, 4.3402], [6.5799, 4.4759], [6.5547, 4.3414], [6.2638, 4.3095], [6.271, 4.4322], [6.2055, 4.2923], [6.0766, 4.2908], [5.5877, 4.6473], [5.4934, 4.8387], [5.3833, 5.1291], [5.4761, 5.1539], [5.3699, 5.195], [5.3681, 5.3377], [5.5496, 5.4743], [5.3858, 5.4017], [5.1993, 5.5335], [5.4567, 5.6117], [5.3501, 5.6232], [5.3275, 5.7076], [5.173, 5.6027], [5.1125, 5.6416], [5.0931, 5.7671], [4.8609, 6.0264], [4.4314, 6.3485], [3.4508, 6.427], [3.7168, 6.5979], [3.4303, 6.525], [3.3356, 6.397], [2.7063, 6.3692], [2.7747, 6.7116], [2.7214, 6.9803], [2.7851, 7.4769], [2.6861, 7.8738], [2.7747, 9.0485], [3.0451, 9.0837], [3.1361, 9.4517], [3.3295, 9.6671], [3.3547, 9.8129], [3.5573, 9.9073], [3.6459, 10.1602], [3.5779, 10.2926], [3.6466, 10.4091], [3.7719, 10.4177], [3.8345, 10.6074], [3.7165, 11.0795], [3.4879, 11.3954], [3.5955, 11.6962], [3.6646, 11.7623], [3.6466, 12.53], [4.0387, 12.9348], [4.1474, 13.4577], [4.6647, 13.7333], [5.2418, 13.7573], [5.492, 13.8729], [6.2998, 13.6587], [6.9374, 13.0082], [7.3579, 13.1073], [7.8305, 13.3409], [8.0951, 13.2911], [8.7507, 12.9082], [9.6158, 12.8105], [10.0453, 13.2062], [10.4758, 13.3301], [11.4118, 13.3536], [11.99, 13.1918], [12.1178, 13.0904], [12.463, 13.0937], [12.8716, 13.449], [13.3238, 13.6708], [13.6064, 13.7045]]], [[[7.3006, 4.4181], [7.2038, 4.3876], [7.1404, 4.3952], [7.2272, 4.5273], [7.328, 4.4872], [7.3006, 4.4181]]]]}}, {"type": "Feature", "properties": {"SOVEREIGNT": "Niger", "SOV_A3": "NER", "mean": 1.809, "GERMAN_NAME": "Niger", "NOTE_DE": null}, "geometry": {"type": "Polygon", "coordinates": [[[13.6064, 13.7045], [13.3238, 13.6708], [12.8716, 13.449], [12.463, 13.0937], [12.1178, 13.0904], [11.99, 13.1918], [11.4118, 13.3536], [10.4758, 13.3301], [10.0453, 13.2062], [9.6158, 12.8105], [8.7507, 12.9082], [8.0951, 13.2911], [7.8305, 13.3409], [7.3579, 13.1073], [6.9374, 13.0082], [6.2998, 13.6587], [5.492, 13.8729], [5.2418, 13.7573], [4.6647, 13.7333], [4.1474, 13.4577], [4.0387, 12.9348], [3.6466, 12.53], [3.6646, 11.7623], [3.5955, 11.6962], [2.8053, 12.3839], [2.3661, 12.2219], [2.3891, 11.897], [2.0731, 12.3094], [2.0684, 12.3792], [2.2264, 12.4661], [2.1047, 12.7011], [1.5651, 12.6354], [0.9873, 13.042], [0.9884, 13.3649], [1.2011, 13.3576], [0.898, 13.6108], [0.6183, 13.7033], [0.4293, 13.9722], [0.3825, 14.2459], [0.164, 14.4972], [0.2176, 14.9115], [0.2864, 14.9802], [0.9473, 14.9821], [1.3001, 15.2721], [3.0011, 15.3409], [3.0602, 15.4271], [3.5044, 15.3563], [3.5206, 15.4832], [3.8428, 15.7017], [4.1215, 16.3578], [4.2345, 16.9963], [4.2277, 19.1428], [5.8365, 19.4792], [7.4817, 20.8731], [11.968, 23.5178], [13.4811, 23.1801], [14.2155, 22.6198], [14.9791, 22.9961], [15.1818, 21.5234], [15.6073, 20.9545], [15.5403, 20.875], [15.5871, 20.7333], [15.9633, 20.3461], [15.7351, 19.904], [15.4744, 16.9083], [14.3678, 15.7501], [13.4484, 14.3805], [13.6064, 13.7045]]]}}, {"type": "Feature", "properties": {"SOVEREIGNT": "Nicaragua", "SOV_A3": "NIC", "mean": 1.0, "GERMAN_NAME": "Nicaragua", "NOTE_DE": null}, "geometry": {"type": "Polygon", "coordinates": [[[-83.1574, 14.9931], [-83.2798, 14.8129], [-83.3442, 14.9021], [-83.4137, 14.8254], [-83.2992, 14.749], [-83.1876, 14.3401], [-83.4123, 13.9965], [-83.5674, 13.3202], [-83.5109, 12.4118], [-83.6272, 12.4594], [-83.5933, 12.7129], [-83.7543, 12.5019], [-83.6513, 12.287], [-83.6805, 12.0244], [-83.7672, 12.0593], [-83.8288, 11.8609], [-83.7046, 11.8245], [-83.6517, 11.6421], [-83.868, 11.3001], [-83.7679, 11.0101], [-83.6419, 10.9173], [-83.7129, 10.7859], [-83.9191, 10.7354], [-84.1683, 10.7803], [-84.3483, 10.9797], [-84.6341, 11.0455], [-84.9091, 10.9452], [-85.5841, 11.1896], [-85.7443, 11.062], [-86.469, 11.7382], [-86.7556, 12.1567], [-87.6675, 12.9037], [-87.585, 13.0434], [-87.4245, 12.9212], [-87.3373, 12.9794], [-87.0094, 13.0078], [-86.9183, 13.2236], [-86.7293, 13.2843], [-86.7588, 13.7462], [-86.3319, 13.7701], [-86.0403, 14.0501], [-85.7339, 13.8588], [-85.6821, 13.9826], [-85.1795, 14.3432], [-85.1615, 14.5251], [-84.9851, 14.7525], [-84.8605, 14.8098], [-84.646, 14.6612], [-84.4534, 14.6438], [-83.6355, 14.8764], [-83.5365, 14.9771], [-83.1574, 14.9931]]]}}, {"type": "Feature", "properties": {"SOVEREIGNT": "New Zealand", "SOV_A3": "NZL", "mean": 1.083, "GERMAN_NAME": "Neuseeland", "NOTE_DE": null}, "geometry": {"type": "MultiPolygon", "coordinates": [[[[173.2694, -34.9349], [173.448, -34.8443], [173.4728, -34.947], [174.1039, -35.143], [174.1432, -35.3001], [174.3203, -35.2468], [174.5435, -35.5819], [174.5806, -35.7857], [174.3959, -35.7975], [174.8023, -36.3095], [174.7519, -36.4907], [174.8192, -36.612], [174.7224, -36.8413], [175.2995, -36.9934], [175.3855, -37.2068], [175.5425, -37.2013], [175.4874, -36.6896], [175.3855, -36.5563], [175.4608, -36.4756], [175.6814, -36.7471], [175.7722, -36.7353], [175.9903, -37.437], [176.1289, -37.5868], [176.0378, -37.6008], [176.1084, -37.6453], [177.2741, -37.9934], [177.5585, -37.8974], [177.7273, -37.7057], [178.0092, -37.555], [178.272, -37.567], [178.5362, -37.6921], [178.394, -37.9603], [178.2677, -38.5513], [177.9761, -38.7222], [177.9088, -39.2396], [177.786, -39.1108], [177.5228, -39.0737], [177.0768, -39.2217], [176.954, -39.3677], [176.9393, -39.5553], [177.1099, -39.6732], [176.8421, -40.1579], [175.9828, -41.2134], [175.3099, -41.6107], [175.1656, -41.4173], [174.8815, -41.4241], [174.8657, -41.2231], [174.757, -41.3253], [174.6353, -41.2894], [175.1627, -40.6215], [175.2541, -40.2893], [175.1558, -40.1151], [175.0093, -39.9521], [173.9344, -39.5092], [173.7637, -39.3188], [173.8444, -39.1393], [174.3984, -38.9626], [174.5975, -38.7851], [174.7152, -38.2255], [174.8401, -38.0226], [174.8016, -37.8955], [174.928, -37.8046], [174.7292, -37.4486], [174.7678, -37.3391], [174.586, -37.0977], [174.6598, -37.0888], [174.7343, -37.2152], [174.929, -37.0848], [174.7822, -36.9437], [174.4754, -36.942], [174.1889, -36.4923], [174.4319, -36.5645], [174.447, -36.4508], [174.3541, -36.376], [174.3926, -36.2401], [174.2677, -36.163], [174.2537, -36.2491], [174.0366, -36.1224], [173.9146, -35.9088], [173.9174, -36.0183], [174.1666, -36.3276], [174.0546, -36.3597], [173.4124, -35.5425], [173.6262, -35.3192], [173.3764, -35.5], [173.3141, -35.4433], [173.1168, -35.2053], [173.1906, -35.0163], [172.706, -34.4552], [173.0441, -34.4291], [172.9638, -34.5352], [173.2694, -34.9349]]], [[[175.5432, -36.2793], [175.5511, -36.3338], [175.3463, -36.2177], [175.3895, -36.0778], [175.5432, -36.2793]]], [[[173.1154, -41.2793], [173.9473, -40.9241], [174.0024, -40.9176], [173.8897, -41.0074], [173.7979, -41.2721], [174.024, -41.0723], [173.9995, -40.9933], [174.3026, -41.0197], [174.0384, -41.2419], [174.37, -41.1037], [174.3674, -41.1884], [174.0694, -41.4295], [174.1612, -41.5617], [174.0838, -41.6707], [174.2832, -41.7405], [174.2155, -41.8502], [173.5452, -42.5179], [173.2212, -42.9766], [172.624, -43.2724], [172.7348, -43.3548], [172.5268, -43.4647], [172.6934, -43.4442], [172.8072, -43.6211], [173.0732, -43.6763], [173.0941, -43.8441], [172.5026, -43.8437], [172.5836, -43.7736], [172.4803, -43.7268], [172.2967, -43.8679], [172.0357, -43.7018], [172.1797, -43.896], [171.2408, -44.2641], [171.3128, -44.3018], [171.1462, -44.9124], [170.9989, -44.9113], [171.1343, -44.9776], [171.1134, -45.0393], [170.9395, -45.2163], [170.7005, -45.6842], [170.7764, -45.8708], [170.3354, -45.9918], [169.6867, -46.5517], [169.0985, -46.6307], [168.7669, -46.5663], [168.3821, -46.6053], [168.1891, -46.3623], [167.8421, -46.3663], [167.5393, -46.1485], [167.369, -46.2415], [166.8308, -46.2256], [166.712, -46.1336], [166.9169, -45.9572], [166.7304, -46.0527], [166.6497, -46.0416], [166.7181, -45.8894], [166.4931, -45.9638], [166.5129, -45.8118], [167.0033, -45.7122], [166.7977, -45.6457], [166.9907, -45.5318], [166.734, -45.5436], [166.7783, -45.4098], [166.9197, -45.4079], [166.8693, -45.3112], [167.1555, -45.411], [167.1177, -45.318], [167.2301, -45.2902], [167.0328, -45.2224], [167.0259, -45.1236], [167.1278, -45.0507], [167.2596, -45.0821], [167.1717, -44.9971], [167.4108, -44.8279], [167.4662, -44.9582], [167.4601, -44.8023], [167.6981, -44.6413], [167.787, -44.5951], [167.909, -44.6647], [167.8565, -44.5007], [168.3666, -44.0821], [169.0664, -43.8635], [169.1787, -43.9132], [169.1694, -43.7771], [169.8339, -43.5369], [169.9081, -43.4465], [169.8591, -43.426], [170.2404, -43.1639], [170.3963, -43.1823], [170.3027, -43.1077], [170.4586, -43.0377], [170.6119, -43.0919], [170.5237, -43.0091], [170.6656, -42.9613], [170.7354, -43.0297], [170.7415, -42.9273], [170.9698, -42.7184], [171.0385, -42.8622], [171.0277, -42.696], [171.3136, -42.4601], [171.2524, -42.402], [171.4864, -41.7947], [171.7315, -41.7195], [171.9479, -41.5386], [172.1394, -40.9471], [172.2726, -40.7586], [172.6405, -40.5183], [172.9436, -40.5188], [172.7327, -40.5438], [172.7042, -40.6677], [172.7669, -40.7734], [172.9886, -40.8482], [173.1154, -41.2793]]], [[[173.9146, -40.8637], [173.781, -40.9216], [173.8123, -40.7935], [173.9646, -40.713], [173.9146, -40.8637]]], [[[169.1784, -52.4973], [169.2335, -52.5483], [169.0218, -52.4954], [169.1287, -52.4852], [169.1784, -52.4973]]], [[[168.1448, -46.8622], [168.0433, -46.9325], [168.2413, -46.979], [168.2409, -47.0701], [167.522, -47.2588], [167.8007, -46.9065], [167.7841, -46.6997], [167.9558, -46.6944], [168.1448, -46.8622]]], [[[166.9795, -45.1797], [167.0227, -45.2998], [166.8927, -45.2404], [166.9795, -45.1797]]], [[[166.7462, -45.6559], [166.7293, -45.7297], [166.532, -45.6998], [166.6857, -45.6151], [166.7462, -45.6559]]], [[[166.221, -50.7615], [166.2429, -50.8457], [165.8891, -50.8077], [166.0737, -50.679], [166.1015, -50.539], [166.2674, -50.5586], [166.1796, -50.7146], [166.221, -50.7615]]], [[[-171.1865, -9.3555], [-171.2002, -9.3448], [-171.2045, -9.3333], [-171.1944, -9.3387], [-171.1865, -9.3555]]], [[[-172.4792, -8.5808], [-172.4836, -8.5828], [-172.4969, -8.5464], [-172.481, -8.5674], [-172.4792, -8.5808]]], [[[-176.1764, -44.3216], [-176.2207, -44.3304], [-176.2294, -44.2367], [-176.1224, -44.2685], [-176.1764, -44.3216]]], [[[-176.1775, -43.7403], [-176.3816, -43.8668], [-176.4072, -43.761], [-176.5166, -43.7847], [-176.3338, -44.0253], [-176.5156, -44.1166], [-176.6293, -44.0361], [-176.5552, -43.8519], [-176.8475, -43.824], [-176.566, -43.7176], [-176.1775, -43.7403]]]]}}, {"type": "Feature", "properties": {"SOVEREIGNT": "Niue", "SOV_A3": "NIU", "mean": 0.543, "GERMAN_NAME": "Niue", "NOTE_DE": null}, "geometry": {"type": "Polygon", "coordinates": [[[-169.8033, -19.0829], [-169.9038, -19.1378], [-169.9484, -19.0729], [-169.8339, -18.966], [-169.8033, -19.0829]]]}}, {"type": "Feature", "properties": {"SOVEREIGNT": "Cook Islands", "SOV_A3": "COK", "mean": 0.528, "GERMAN_NAME": "Cookinseln", "NOTE_DE": null}, "geometry": {"type": "Polygon", "coordinates": [[[-159.7406, -21.2492], [-159.8396, -21.2381], [-159.8425, -21.2292], [-159.7683, -21.1884], [-159.7406, -21.2492]]]}}, {"type": "Feature", "properties": {"SOVEREIGNT": "Netherlands", "SOV_A3": "NLD", "mean": 1.745, "GERMAN_NAME": "Niederlande", "NOTE_DE": null}, "geometry": {"type": "MultiPolygon", "coordinates": [[[[4.2262, 51.3865], [3.5869, 51.454], [3.449, 51.5408], [3.7438, 51.596], [4.2741, 51.4717], [4.0048, 51.5958], [4.1827, 51.6102], [3.9469, 51.8105], [4.4829, 52.3091], [4.7687, 52.9414], [5.0611, 52.9607], [5.5319, 53.2686], [6.0622, 53.4071], [6.8161, 53.4411], [7.1973, 53.2823], [7.1901, 52.9996], [7.0331, 52.6512], [6.7106, 52.6177], [6.7487, 52.464], [7.0353, 52.3803], [6.9773, 52.2055], [6.7246, 52.0802], [6.8002, 51.9674], [6.5176, 51.8539], [6.1666, 51.8806], [5.9488, 51.8027], [6.1987, 51.45], [6.0759, 51.2242], [6.1299, 51.1475], [5.8574, 51.0301], [6.0485, 50.9048], [5.9938, 50.7504], [5.7472, 50.7596], [5.6396, 50.8436], [5.7501, 50.9501], [5.7965, 51.1532], [5.4769, 51.2851], [5.2141, 51.279], [5.0308, 51.4691], [4.8479, 51.4033], [4.7558, 51.4911], [4.6341, 51.4217], [4.5034, 51.4746], [4.3738, 51.3561], [4.2262, 51.3865]]], [[[4.2262, 51.3865], [3.9022, 51.2077], [3.5804, 51.2862], [3.4324, 51.2457], [3.35, 51.3776], [4.2262, 51.3865]]], [[[6.7347, 53.5824], [6.6422, 53.5791], [6.8009, 53.6256], [6.7347, 53.5824]]], [[[6.3333, 53.5107], [6.1933, 53.4767], [6.1594, 53.4838], [6.2908, 53.5149], [6.3333, 53.5107]]], [[[5.9294, 53.4588], [5.7321, 53.4425], [5.6543, 53.4665], [5.8761, 53.475], [5.9294, 53.4588]]], [[[5.3257, 53.3858], [5.1903, 53.3918], [5.5827, 53.438], [5.3257, 53.3858]]], [[[5.1086, 53.308], [4.9239, 53.2346], [4.9081, 53.2462], [5.0272, 53.3103], [5.1086, 53.308]]], [[[4.8861, 53.0707], [4.7871, 52.9999], [4.7093, 53.036], [4.8865, 53.1834], [4.8861, 53.0707]]], [[[3.949, 51.7393], [4.075, 51.6487], [3.6992, 51.7098], [3.7892, 51.7464], [3.949, 51.7393]]], [[[-62.9376, 17.4957], [-62.983, 17.4769], [-62.9995, 17.5304], [-62.9794, 17.5212], [-62.9376, 17.4957]]], [[[-63.2328, 17.6231], [-63.2544, 17.6286], [-63.2418, 17.6519], [-63.227, 17.6342], [-63.2328, 17.6231]]], [[[-68.2058, 12.1447], [-68.2544, 12.0322], [-68.3693, 12.3019], [-68.2195, 12.2313], [-68.2058, 12.1447]]]]}}, {"type": "Feature", "properties": {"SOVEREIGNT": "Aruba", "SOV_A3": "ABW", "mean": 0.918, "GERMAN_NAME": "Aruba", "NOTE_DE": null}, "geometry": {"type": "Polygon", "coordinates": [[[-69.8993, 12.4521], [-70.066, 12.547], [-70.035, 12.614], [-69.9731, 12.5677], [-69.8993, 12.4521]]]}}, {"type": "Feature", "properties": {"SOVEREIGNT": "Curaçao", "SOV_A3": "CUW", "mean": 0.916, "GERMAN_NAME": "Curaçao", "NOTE_DE": null}, "geometry": {"type": "Polygon", "coordinates": [[[-68.7512, 12.0598], [-68.995, 12.1419], [-69.1588, 12.3802], [-68.8276, 12.1586], [-68.7512, 12.0598]]]}}, {"type": "Feature", "properties": {"SOVEREIGNT": "Nepal", "SOV_A3": "NPL", "mean": 1.516, "GERMAN_NAME": "Nepal", "NOTE_DE": null}, "geometry": {"type": "Polygon", "coordinates": [[[88.1099, 27.8706], [88.147, 27.7493], [87.9843, 27.1339], [88.1614, 26.7249], [87.9951, 26.3823], [87.8493, 26.4368], [87.2873, 26.3603], [87.0897, 26.4332], [87.0162, 26.5554], [86.7012, 26.4351], [86.0071, 26.6493], [85.7944, 26.6041], [85.7001, 26.7817], [85.5683, 26.8398], [85.2403, 26.7505], [84.6852, 27.041], [84.61, 27.2986], [84.0909, 27.4912], [83.8288, 27.3777], [83.4472, 27.4652], [83.2899, 27.3709], [82.7333, 27.519], [82.6775, 27.6735], [82.4514, 27.6719], [81.9877, 27.9139], [81.8527, 27.8672], [81.3109, 28.1763], [81.1691, 28.3349], [80.587, 28.6496], [80.4185, 28.6121], [80.0707, 28.8303], [80.4019, 29.7302], [80.848, 30.1396], [81.0103, 30.1645], [81.177, 30.0398], [81.4171, 30.3377], [81.6418, 30.3875], [82.0432, 30.3267], [82.2207, 30.0638], [82.8543, 29.6833], [83.1556, 29.6127], [83.5836, 29.1835], [83.9361, 29.2795], [84.1013, 29.2199], [84.2287, 28.9118], [84.7968, 28.5602], [85.159, 28.5923], [85.1226, 28.3158], [85.6785, 28.2775], [85.9945, 27.9104], [86.1371, 28.1143], [86.4085, 27.9286], [86.6145, 28.103], [87.1415, 27.8384], [88.1099, 27.8706]]]}}, {"type": "Feature", "properties": {"SOVEREIGNT": "Nauru", "SOV_A3": "NRU", "mean": 0.764, "GERMAN_NAME": "Nauru", "NOTE_DE": null}, "geometry": {"type": "Polygon", "coordinates": [[[166.9583, -0.5166], [166.9388, -0.5508], [166.9071, -0.5237], [166.9388, -0.4894], [166.9583, -0.5166]]]}}, {"type": "Feature", "properties": {"SOVEREIGNT": "Namibia", "SOV_A3": "NAM", "mean": 0.89, "GERMAN_NAME": "Namibia", "NOTE_DE": null}, "geometry": {"type": "Polygon", "coordinates": [[[23.3808, -17.6406], [24.275, -17.4809], [24.7329, -17.5177], [25.0018, -17.5686], [25.2589, -17.7935], [24.909, -17.8215], [24.5306, -18.0527], [24.3589, -17.9782], [24.244, -18.0235], [23.5996, -18.46], [23.2195, -17.9997], [20.9742, -18.3187], [20.9796, -21.962], [19.9773, -22.0002], [19.9806, -24.7767], [19.9806, -28.4512], [19.5399, -28.5746], [19.1616, -28.9388], [18.1028, -28.8718], [17.448, -28.698], [17.3479, -28.5012], [17.3587, -28.2695], [17.0563, -28.0312], [16.8752, -28.1281], [16.7557, -28.4521], [16.4475, -28.6175], [15.7189, -27.9659], [15.2876, -27.275], [15.1328, -26.7876], [15.1389, -26.508], [14.9679, -26.3181], [14.8452, -25.7258], [14.8372, -25.0332], [14.5017, -24.2019], [14.4034, -22.9682], [14.5201, -22.8052], [14.4628, -22.449], [13.4505, -20.9166], [13.1683, -20.1847], [12.4584, -18.9267], [12.0411, -18.4708], [11.7758, -18.0018], [11.743, -17.2492], [12.0141, -17.1685], [12.548, -17.2126], [13.1013, -16.9677], [13.4761, -17.0401], [14.0175, -17.4089], [18.3966, -17.3994], [18.718, -17.7033], [18.9553, -17.8036], [20.3931, -17.8874], [20.7456, -18.0197], [21.1135, -17.9558], [21.417, -18.0006], [23.3808, -17.6406]]]}}, {"type": "Feature", "properties": {"SOVEREIGNT": "Mozambique", "SOV_A3": "MOZ", "mean": 0.974, "GERMAN_NAME": "Mosambik", "NOTE_DE": null}, "geometry": {"type": "Polygon", "coordinates": [[[31.2878, -22.402], [32.4297, -21.2971], [32.3538, -21.1365], [32.4762, -20.95], [32.4924, -20.6598], [32.6727, -20.5161], [32.9928, -19.9848], [33.0068, -19.8739], [32.7775, -19.3888], [32.8499, -19.1043], [32.6997, -18.941], [32.7221, -18.8285], [32.8844, -18.7285], [32.9931, -18.3595], [32.9694, -17.2515], [32.8761, -16.8837], [32.9481, -16.7124], [32.2433, -16.4488], [31.9398, -16.4288], [31.6878, -16.2141], [31.2363, -16.0237], [30.4379, -15.9954], [30.3961, -15.6431], [30.2319, -14.9905], [33.2019, -14.0133], [33.6365, -14.5682], [34.3327, -14.4087], [34.5051, -14.598], [34.5408, -15.2973], [34.2481, -15.8876], [34.4029, -16.0803], [34.4166, -16.2467], [35.0801, -16.8339], [35.0646, -17.0786], [35.2727, -17.1185], [35.2813, -16.8079], [35.1672, -16.5602], [35.3583, -16.1606], [35.7554, -16.0584], [35.8929, -14.8917], [35.8472, -14.6709], [35.2475, -13.8968], [34.9069, -13.5516], [34.6617, -13.4867], [34.5638, -13.3602], [34.3579, -12.1647], [34.6185, -11.6202], [34.9595, -11.5782], [35.5643, -11.6023], [35.7853, -11.4529], [35.9113, -11.4546], [36.3055, -11.7065], [36.6738, -11.6843], [36.9791, -11.5671], [37.3729, -11.7105], [37.725, -11.5808], [37.9201, -11.2946], [38.1764, -11.2786], [38.4918, -11.4131], [38.7949, -11.2288], [39.3216, -11.1226], [39.9887, -10.8208], [40.4635, -10.4643], [40.6118, -10.6616], [40.4865, -10.7652], [40.5971, -10.8307], [40.4027, -11.3319], [40.5315, -12.0046], [40.4873, -12.4922], [40.5809, -12.6356], [40.4369, -12.983], [40.5686, -12.9846], [40.5956, -14.123], [40.7155, -14.2145], [40.646, -14.5387], [40.7749, -14.4214], [40.8444, -14.7187], [40.6179, -15.1156], [40.6511, -15.2609], [40.5589, -15.4735], [40.1089, -15.9793], [39.9836, -16.2256], [39.791, -16.2945], [39.8447, -16.4356], [39.2424, -16.7926], [39.0843, -16.9729], [38.1451, -17.2428], [37.5122, -17.5708], [36.9395, -17.9935], [36.4038, -18.7698], [36.263, -18.7197], [36.2357, -18.8613], [36.1251, -18.8424], [35.8537, -18.9934], [34.9479, -19.8126], [34.6495, -19.7013], [34.7557, -19.822], [34.7049, -20.473], [34.9825, -20.8063], [35.1279, -21.3953], [35.2676, -21.651], [35.3159, -22.3968], [35.3832, -22.4546], [35.4563, -22.116], [35.5301, -22.2482], [35.4901, -22.6577], [35.5754, -22.9631], [35.3706, -23.7983], [35.5419, -23.8245], [35.4897, -24.0654], [35.255, -24.4303], [34.9922, -24.6507], [33.3474, -25.2609], [32.7923, -25.6443], [32.5903, -26.004], [32.8488, -26.2681], [32.955, -26.0835], [32.8862, -26.8492], [32.1129, -26.8393], [32.0604, -26.0184], [31.9484, -25.9576], [31.9859, -24.4606], [31.7997, -23.8922], [31.5456, -23.4823], [31.2878, -22.402]], [[34.7193, -12.1105], [34.7561, -12.0307], [34.6797, -12.0088], [34.6621, -12.1008], [34.7193, -12.1105]], [[34.6416, -12.0137], [34.5915, -11.9712], [34.5415, -12.0187], [34.6218, -12.0666], [34.6416, -12.0137]]]}}, {"type": "Feature", "properties": {"SOVEREIGNT": "Morocco", "SOV_A3": "MAR", "mean": 1.749, "GERMAN_NAME": "Marokko", "NOTE_DE": null}, "geometry": {"type": "MultiPolygon", "coordinates": [[[[-8.8177, 27.6565], [-13.1758, 27.6558], [-12.949, 27.9142], [-12.7935, 27.9784], [-11.986, 28.1292], [-11.5526, 28.3101], [-11.081, 28.7138], [-10.4866, 29.0649], [-10.2004, 29.3805], [-9.6673, 30.1093], [-9.6529, 30.4475], [-9.8753, 30.718], [-9.8087, 31.4247], [-9.6748, 31.7109], [-9.3476, 32.0865], [-9.2457, 32.5725], [-8.5127, 33.2525], [-6.901, 33.9692], [-6.3531, 34.7761], [-5.9247, 35.7858], [-5.2778, 35.9027], [-5.3375, 35.7452], [-5.2526, 35.6147], [-4.8371, 35.2813], [-4.6283, 35.2063], [-4.3299, 35.1614], [-3.6934, 35.2799], [-3.3946, 35.2117], [-3.206, 35.2391], [-2.9723, 35.4073], [-2.8399, 35.1279], [-2.2196, 35.1041], [-1.7955, 34.7519], [-1.8495, 34.6073], [-1.7332, 34.4669], [-1.7919, 34.3678], [-1.6313, 33.5667], [-1.6792, 33.3186], [-1.4499, 32.7848], [-1.0654, 32.4683], [-1.2404, 32.3377], [-1.226, 32.1073], [-2.8633, 32.0747], [-3.0173, 31.8341], [-3.8266, 31.662], [-3.8335, 31.1979], [-3.6247, 31.0658], [-3.6668, 30.9639], [-3.9854, 30.9134], [-4.3227, 30.6989], [-4.9682, 30.4654], [-5.1802, 30.166], [-5.4488, 29.9569], [-6.0043, 29.8312], [-6.4798, 29.8203], [-6.6353, 29.5688], [-7.1602, 29.6127], [-8.66, 28.7187], [-8.6834, 27.6565], [-8.7212, 27.6565], [-8.8177, 27.6565]]], [[[-13.1773, 27.6519], [-13.2054, 27.5747], [-13.1773, 27.6525], [-13.1773, 27.6519]]]]}}, {"type": "Feature", "properties": {"SOVEREIGNT": "Western Sahara", "SOV_A3": "SAH", "mean": 1.189, "GERMAN_NAME": "Westsahara (Freizone)", "NOTE_DE": null}, "geometry": {"type": "Polygon", "coordinates": [[[-8.8177, 27.6565], [-8.7212, 27.6565], [-8.6834, 27.6565], [-8.6834, 27.2859], [-8.6834, 27.2175], [-8.683, 26.9964], [-8.6823, 26.4445], [-8.6823, 26.1819], [-8.6823, 26.0526], [-8.6823, 25.9956], [-9.5305, 25.9956], [-9.7443, 25.9956], [-10.9996, 25.9954], [-11.2592, 25.9954], [-12.0163, 25.9954], [-12.0163, 23.5765], [-12.0235, 23.4677], [-12.1588, 23.4048], [-12.2791, 23.3561], [-12.373, 23.3181], [-12.6056, 23.2762], [-12.7071, 23.2141], [-12.7806, 23.1657], [-13.0473, 22.9798], [-13.147, 22.8328], [-13.1553, 22.8099], [-13.1571, 22.6965], [-13.1035, 22.5419], [-13.0851, 22.3588], [-13.0531, 21.8835], [-13.0473, 21.7952], [-13.0398, 21.6831], [-13.0279, 21.5071], [-13.0164, 21.3339], [-13.1676, 21.3337], [-13.3969, 21.3335], [-13.7796, 21.333], [-13.9009, 21.3328], [-14.3138, 21.3323], [-14.3905, 21.3323], [-14.6418, 21.332], [-15.0021, 21.3316], [-15.3783, 21.3311], [-15.6037, 21.3307], [-16.1156, 21.3302], [-16.1995, 21.33], [-16.8529, 21.3294], [-16.9645, 21.3292], [-17.0026, 21.158], [-17.0145, 21.1112], [-17.048, 20.8062], [-17.0988, 20.8569], [-17.0448, 21.173], [-17.0077, 21.3903], [-17.003, 21.4207], [-16.0411, 21.5005], [-14.9712, 21.441], [-14.7508, 21.5005], [-14.6108, 21.7506], [-14.631, 21.861], [-14.2213, 22.3102], [-14.101, 23.1001], [-13.8912, 23.691], [-13.3108, 23.9811], [-12.9912, 24.4703], [-12.431, 24.8307], [-12.0609, 25.9909], [-11.7182, 26.1041], [-11.338, 26.6333], [-11.3928, 26.8834], [-10.7577, 27.0202], [-10.2516, 26.861], [-10.0327, 26.9108], [-9.8177, 26.8503], [-9.4131, 27.0886], [-8.795, 27.1207], [-8.8177, 27.6559], [-8.8177, 27.6565]]]}}, {"type": "Feature", "properties": {"SOVEREIGNT": "Montenegro", "SOV_A3": "MNE", "mean": 2.092, "GERMAN_NAME": "Montenegro", "NOTE_DE": null}, "geometry": {"type": "Polygon", "coordinates": [[[19.1943, 43.5334], [19.6144, 43.1734], [20.2686, 42.9355], [20.3442, 42.8279], [20.0544, 42.76], [20.0641, 42.5474], [19.7883, 42.4762], [19.7278, 42.6345], [19.6544, 42.6286], [19.2807, 42.1725], [19.3614, 42.069], [19.3423, 41.8691], [18.6331, 42.3782], [18.646, 42.4427], [18.5175, 42.433], [18.4362, 42.5597], [18.546, 42.6416], [18.4603, 42.9978], [18.6237, 43.0276], [18.6741, 43.2309], [18.8512, 43.3465], [19.0266, 43.2925], [18.9506, 43.5266], [19.1943, 43.5334]]]}}, {"type": "Feature", "properties": {"SOVEREIGNT": "Mongolia", "SOV_A3": "MNG", "mean": 1.805, "GERMAN_NAME": "Mongolei", "NOTE_DE": null}, "geometry": {"type": "Polygon", "coordinates": [[[87.8143, 49.1623], [88.1157, 49.2561], [88.1927, 49.4518], [89.1096, 49.5014], [89.2439, 49.6271], [89.6539, 49.7175], [89.6439, 49.903], [89.9772, 49.9842], [90.0536, 50.0936], [90.6551, 50.2224], [91.0216, 50.4156], [91.4151, 50.468], [91.8042, 50.6936], [92.1923, 50.7005], [92.3547, 50.864], [92.6268, 50.6882], [92.9415, 50.7781], [93.1031, 50.6039], [94.2512, 50.5563], [94.3548, 50.2219], [94.6148, 50.0236], [94.9301, 50.0436], [95.1116, 49.9355], [95.5227, 49.9112], [95.7894, 50.0124], [96.0656, 49.9987], [96.315, 49.9011], [96.9857, 49.8827], [97.2086, 49.7308], [97.3598, 49.7414], [97.5894, 49.9114], [98.0038, 50.0143], [98.2504, 50.3026], [98.2796, 50.5332], [98.0297, 50.6447], [97.8357, 51.0517], [98.0376, 51.45], [98.2198, 51.5055], [98.3526, 51.7176], [98.6406, 51.8011], [98.893, 52.1174], [99.9215, 51.7555], [100.4691, 51.726], [101.3813, 51.4526], [102.1114, 51.3535], [102.2151, 50.8293], [102.3166, 50.7184], [102.2885, 50.5851], [103.3044, 50.2003], [104.0788, 50.1543], [104.4662, 50.3062], [105.3834, 50.4737], [106.2179, 50.3046], [106.7111, 50.3126], [107.2331, 49.9893], [107.9168, 49.9478], [107.9654, 49.6536], [108.6137, 49.3228], [109.2369, 49.3349], [110.7097, 49.143], [111.3368, 49.3559], [112.8063, 49.5236], [113.0554, 49.6163], [113.1641, 49.7971], [113.5742, 50.007], [114.2971, 50.2744], [114.7431, 50.2338], [115.4293, 49.8964], [115.7176, 49.8806], [116.2169, 50.0092], [116.6831, 49.8237], [116.0254, 48.7823], [115.8206, 48.5773], [115.7857, 48.2483], [115.525, 48.1308], [115.6165, 47.8748], [115.8983, 47.687], [116.231, 47.8583], [116.7605, 47.8697], [117.3509, 47.6522], [117.7685, 47.9879], [118.4983, 47.9839], [118.76, 47.7576], [119.0818, 47.6542], [119.1625, 47.5252], [119.7111, 47.1499], [119.8979, 46.8578], [119.8673, 46.6721], [119.3317, 46.6138], [118.8439, 46.7603], [118.7229, 46.6919], [118.0713, 46.6666], [117.7412, 46.5182], [117.4381, 46.5862], [117.3333, 46.362], [116.8592, 46.3878], [116.5625, 46.2898], [116.213, 45.8869], [116.1975, 45.7392], [115.6809, 45.4582], [114.5602, 45.39], [114.0803, 44.9712], [113.5871, 44.7457], [112.7066, 44.8834], [112.4114, 45.0583], [111.898, 45.0641], [111.6212, 44.8271], [111.4023, 44.3674], [111.8368, 43.9347], [111.9333, 43.7115], [111.5474, 43.4963], [111.0074, 43.3414], [110.4004, 42.7737], [109.3398, 42.4384], [108.1713, 42.4474], [106.7702, 42.2886], [105.197, 41.7381], [104.982, 41.5956], [104.4982, 41.6587], [104.4982, 41.8771], [103.7112, 41.7514], [103.073, 42.0059], [102.1568, 42.1581], [101.4954, 42.5389], [99.9838, 42.6774], [99.4679, 42.5682], [97.2057, 42.7898], [96.3856, 42.7204], [96.2996, 42.9287], [95.8596, 43.276], [95.5256, 43.9539], [95.3258, 44.0393], [95.3502, 44.2782], [95.0496, 44.2594], [94.712, 44.3509], [93.516, 44.9445], [91.5843, 45.0766], [90.8772, 45.1961], [90.662, 45.5252], [90.7098, 45.7307], [91.0018, 46.0358], [90.9114, 46.2707], [91.0288, 46.5661], [90.87, 46.9545], [90.7156, 47.0038], [90.4964, 47.2852], [90.3308, 47.6552], [90.1032, 47.7454], [90.028, 47.8777], [89.7781, 47.827], [89.4793, 48.0291], [89.0477, 48.0025], [88.5761, 48.2201], [88.5171, 48.3843], [87.9796, 48.5551], [88.0602, 48.7072], [87.7431, 48.8816], [87.8723, 49.0001], [87.8143, 49.1623]]]}}, {"type": "Feature", "properties": {"SOVEREIGNT": "Moldova", "SOV_A3": "MDA", "mean": 2.336, "GERMAN_NAME": "Republik Moldau", "NOTE_DE": null}, "geometry": {"type": "MultiPolygon", "coordinates": [[[[28.4632, 48.0905], [28.4629, 48.0905], [28.9338, 47.8978], [29.0101, 47.7958], [29.1368, 47.1355], [29.3136, 47.1158], [29.3107, 46.9672], [29.4237, 46.9547], [29.5371, 46.8006], [29.635, 46.8127], [29.7697, 46.601], [29.9241, 46.5388], [29.9263, 46.5571], [29.9245, 46.5388], [30.1311, 46.4231], [30.0757, 46.3778], [29.8377, 46.3505], [29.7067, 46.4488], [29.6149, 46.3988], [29.3049, 46.4666], [29.2045, 46.3793], [29.1462, 46.5269], [28.9582, 46.4585], [29.0061, 46.1764], [28.9478, 46.0501], [28.4917, 45.6656], [28.4989, 45.5178], [28.2123, 45.4504], [28.0748, 45.599], [28.1598, 45.6471], [28.0996, 45.9727], [28.2393, 46.6407], [28.0719, 46.9785], [27.614, 47.3405], [26.9808, 48.1551], [26.619, 48.2599], [26.8472, 48.3871], [27.2284, 48.3713], [27.5492, 48.4779], [28.2912, 48.2385], [28.4632, 48.0905]]], [[[29.5105, 47.2907], [29.5393, 47.2709], [29.4824, 47.2918], [29.5105, 47.2907]]], [[[28.9734, 47.9331], [29.0929, 47.9754], [29.1948, 47.8824], [28.9734, 47.9331]]]]}}, {"type": "Feature", "properties": {"SOVEREIGNT": "Monaco", "SOV_A3": "MCO", "mean": 2.159, "GERMAN_NAME": "Monaco", "NOTE_DE": null}, "geometry": {"type": "Polygon", "coordinates": []}}, {"type": "Feature", "properties": {"SOVEREIGNT": "Mexico", "SOV_A3": "MEX", "mean": 1.643, "GERMAN_NAME": "Mexiko", "NOTE_DE": null}, "geometry": {"type": "MultiPolygon", "coordinates": [[[[-86.7142, 21.2393], [-86.6962, 21.191], [-86.7527, 21.2788], [-86.739, 21.2799], [-86.7142, 21.2393]]], [[[-86.9395, 20.3032], [-86.9914, 20.2722], [-87.0195, 20.3822], [-86.9781, 20.4898], [-86.7631, 20.579], [-86.9395, 20.3032]]], [[[-117.1281, 32.5333], [-114.7247, 32.7153], [-114.836, 32.5083], [-111.0419, 31.3242], [-108.2145, 31.3294], [-108.212, 31.7793], [-106.4454, 31.7684], [-106.1481, 31.4509], [-104.918, 30.5834], [-104.6814, 30.1343], [-104.622, 29.8543], [-104.4006, 29.5738], [-103.2576, 29.0011], [-102.8919, 29.2163], [-102.7342, 29.6439], [-102.3432, 29.8649], [-101.3802, 29.7425], [-100.7546, 29.1824], [-100.3316, 28.5026], [-100.2959, 28.3276], [-99.5054, 27.5483], [-99.4564, 27.0566], [-99.23, 26.7619], [-99.1079, 26.4469], [-98.2749, 26.1112], [-97.8015, 26.0421], [-97.3756, 25.8719], [-97.1463, 25.9616], [-97.6676, 24.39], [-97.7453, 22.9423], [-97.8425, 22.5103], [-97.7633, 22.1059], [-97.5848, 21.8086], [-97.3144, 21.5644], [-97.4091, 21.2726], [-97.3835, 21.5668], [-97.5905, 21.7621], [-97.754, 22.0266], [-97.6377, 21.6038], [-97.5146, 21.4779], [-97.1862, 20.7172], [-96.4562, 19.8699], [-96.2895, 19.3438], [-95.7783, 18.8054], [-95.9205, 18.8194], [-95.6267, 18.6905], [-95.72, 18.7682], [-95.1818, 18.7007], [-94.798, 18.5147], [-94.5464, 18.1748], [-94.4596, 18.1667], [-93.5524, 18.4305], [-92.8846, 18.4687], [-92.71, 18.6117], [-92.4411, 18.6752], [-91.9738, 18.7158], [-91.8802, 18.6377], [-91.9137, 18.5286], [-91.5339, 18.4565], [-91.2754, 18.6244], [-91.3431, 18.9005], [-91.4691, 18.833], [-91.4367, 18.8897], [-90.7394, 19.3523], [-90.6933, 19.7298], [-90.4917, 19.9467], [-90.4841, 20.5563], [-90.3531, 21.0095], [-89.8199, 21.2745], [-88.8789, 21.4141], [-88.4667, 21.5694], [-88.0069, 21.6041], [-87.2509, 21.4469], [-87.1883, 21.5465], [-87.3687, 21.5737], [-87.0346, 21.5923], [-86.824, 21.4217], [-86.7718, 21.1506], [-86.9262, 20.7864], [-87.4212, 20.2314], [-87.4417, 19.8615], [-87.6876, 19.6371], [-87.6451, 19.5538], [-87.4248, 19.5833], [-87.4828, 19.4438], [-87.6588, 19.3523], [-87.6556, 19.2579], [-87.5011, 19.2877], [-87.7618, 18.4461], [-87.882, 18.2739], [-88.0563, 18.5244], [-88.0318, 18.8389], [-88.1967, 18.7196], [-88.2957, 18.4725], [-88.5228, 18.4459], [-88.8065, 17.9655], [-88.8979, 17.9145], [-89.1334, 17.9707], [-89.1615, 17.8149], [-90.9892, 17.8164], [-90.9928, 17.2525], [-91.4097, 17.256], [-90.7106, 16.708], [-90.6342, 16.5109], [-90.4172, 16.3911], [-90.447, 16.0726], [-91.7366, 16.0702], [-92.2042, 15.2749], [-92.075, 15.0743], [-92.2352, 14.5453], [-93.1668, 15.4481], [-93.916, 16.0535], [-94.3743, 16.2847], [-94.4265, 16.2262], [-94.0013, 16.019], [-94.6616, 16.2018], [-94.587, 16.316], [-94.7908, 16.2871], [-94.8588, 16.4198], [-95.0208, 16.2776], [-94.7994, 16.2096], [-95.1342, 16.1769], [-96.2135, 15.693], [-96.5109, 15.6519], [-97.1848, 15.9093], [-97.7547, 15.9667], [-98.1388, 16.2063], [-98.5204, 16.3047], [-98.7623, 16.5348], [-99.6908, 16.7197], [-100.0245, 16.9205], [-100.8478, 17.2006], [-101.6002, 17.6515], [-101.9188, 17.9596], [-102.6996, 18.0629], [-103.4416, 18.3255], [-103.9125, 18.8285], [-104.9385, 19.3094], [-105.4821, 19.9761], [-105.6693, 20.3855], [-105.2603, 20.579], [-105.3269, 20.7531], [-105.5109, 20.8088], [-105.2369, 21.1192], [-105.2088, 21.4908], [-105.4313, 21.6183], [-105.6491, 21.988], [-105.6455, 22.3268], [-105.7917, 22.6276], [-106.4022, 23.1955], [-106.9354, 23.8813], [-107.7648, 24.4719], [-107.5272, 24.3601], [-107.5118, 24.4891], [-107.9513, 24.6149], [-108.2807, 25.0816], [-108.14, 25.0185], [-108.0514, 25.0671], [-108.6965, 25.3829], [-108.7872, 25.5379], [-109.0288, 25.4805], [-109.0684, 25.5515], [-108.8866, 25.7334], [-109.1966, 25.5924], [-109.3848, 25.7271], [-109.4255, 26.0326], [-109.1998, 26.3053], [-109.1166, 26.2527], [-109.2761, 26.5338], [-109.4828, 26.7102], [-109.7549, 26.7029], [-109.9439, 27.0794], [-110.2773, 27.1621], [-110.4778, 27.3227], [-110.6153, 27.654], [-110.53, 27.8642], [-111.1215, 27.967], [-112.1619, 29.0189], [-112.2235, 29.2694], [-112.3783, 29.3478], [-112.4146, 29.5365], [-112.7383, 29.9853], [-112.8247, 30.3002], [-113.0576, 30.651], [-113.1188, 31.0481], [-113.0468, 31.1793], [-113.6235, 31.3459], [-113.6329, 31.4676], [-113.7596, 31.5578], [-113.9479, 31.6293], [-114.0026, 31.5252], [-114.1495, 31.5073], [-114.9335, 31.9006], [-114.7899, 31.647], [-114.8821, 31.1565], [-114.7035, 30.7652], [-114.6499, 30.2382], [-114.5505, 30.0221], [-113.7556, 29.3676], [-113.4997, 28.9268], [-113.3819, 28.9467], [-113.3207, 28.8131], [-113.2055, 28.7989], [-113.0936, 28.5118], [-112.8707, 28.4241], [-112.7339, 27.826], [-112.3293, 27.5233], [-112.1914, 27.1866], [-112.0039, 27.0792], [-111.8627, 26.6784], [-111.6993, 26.5809], [-111.817, 26.7564], [-111.7954, 26.8798], [-111.5697, 26.7076], [-111.3321, 26.1254], [-111.2918, 25.7898], [-111.1496, 25.5726], [-111.0344, 25.527], [-110.894, 25.1443], [-110.6866, 24.8676], [-110.7345, 24.5898], [-110.6593, 24.3416], [-110.3673, 24.1005], [-110.2629, 24.3445], [-109.8114, 23.9389], [-109.6764, 23.6615], [-109.4208, 23.4802], [-109.4957, 23.1598], [-109.823, 22.9222], [-110.0062, 22.894], [-110.3626, 23.605], [-111.6827, 24.5557], [-111.8026, 24.5425], [-111.8483, 24.6701], [-112.0726, 24.84], [-112.1284, 25.0431], [-112.0697, 25.5728], [-112.1738, 25.9127], [-112.3772, 26.214], [-112.6583, 26.3167], [-113.0209, 26.5831], [-113.1559, 26.9462], [-113.2721, 26.7911], [-113.5987, 26.7211], [-113.8409, 26.9665], [-114.4454, 27.2182], [-114.5401, 27.431], [-114.9937, 27.7361], [-115.0365, 27.8418], [-114.5699, 27.784], [-114.3007, 27.8731], [-114.3021, 27.7757], [-114.0692, 27.6757], [-114.1585, 27.9198], [-114.2657, 27.9345], [-114.0487, 28.426], [-114.1455, 28.6055], [-114.9371, 29.3517], [-115.6737, 29.7564], [-115.8083, 29.9602], [-115.8155, 30.3037], [-115.9959, 30.4146], [-116.0621, 30.804], [-116.2961, 30.9705], [-116.3336, 31.2029], [-116.6623, 31.5649], [-116.722, 31.7345], [-116.6237, 31.7579], [-116.6209, 31.851], [-116.848, 31.9975], [-117.1281, 32.5333]]], [[[-91.6836, 18.6773], [-91.8161, 18.6759], [-91.5368, 18.7599], [-91.6541, 18.7115], [-91.6836, 18.6773]]], [[[-106.5023, 21.6109], [-106.5315, 21.5286], [-106.6071, 21.5616], [-106.6395, 21.6978], [-106.5023, 21.6109]]], [[[-109.805, 24.1512], [-109.878, 24.2006], [-109.8903, 24.3449], [-109.7938, 24.1834], [-109.805, 24.1512]]], [[[-110.5675, 25.0035], [-110.539, 24.8914], [-110.6992, 25.0815], [-110.5952, 25.0422], [-110.5675, 25.0035]]], [[[-110.9145, 18.7413], [-110.975, 18.7203], [-111.0635, 18.7816], [-110.9894, 18.863], [-110.9145, 18.7413]]], [[[-111.1003, 26.0206], [-111.0945, 25.9741], [-111.2248, 25.8358], [-111.1831, 26.0408], [-111.0909, 26.0758], [-111.1003, 26.0206]]], [[[-111.6989, 24.3936], [-111.7123, 24.3464], [-112.0132, 24.5333], [-111.857, 24.538], [-111.6989, 24.3936]]], [[[-112.0571, 24.5457], [-112.2969, 24.7895], [-112.1594, 25.2857], [-112.195, 24.8411], [-112.0571, 24.5457]]], [[[-112.2029, 29.0052], [-112.2785, 28.7693], [-112.514, 28.8476], [-112.4236, 29.2036], [-112.285, 29.2404], [-112.2029, 29.0052]]], [[[-113.1555, 29.0523], [-113.4964, 29.3076], [-113.5871, 29.5731], [-113.4158, 29.486], [-113.3737, 29.339], [-113.2023, 29.3018], [-113.1555, 29.0523]]], [[[-114.6941, 31.7055], [-114.7892, 31.7474], [-114.7845, 31.7897], [-114.7093, 31.7569], [-114.6941, 31.7055]]], [[[-115.1708, 28.0694], [-115.3529, 28.1039], [-115.2334, 28.3682], [-115.1485, 28.1721], [-115.1708, 28.0694]]], [[[-118.2427, 28.9419], [-118.2855, 28.9037], [-118.4, 29.1123], [-118.3679, 29.1875], [-118.2427, 28.9419]]]]}}, {"type": "Feature", "properties": {"SOVEREIGNT": "Mauritius", "SOV_A3": "MUS", "mean": 0.824, "GERMAN_NAME": "Mauritius", "NOTE_DE": null}, "geometry": {"type": "Polygon", "coordinates": [[[57.6514, -20.4848], [57.3832, -20.5037], [57.3176, -20.4277], [57.4159, -20.1839], [57.6564, -19.9898], [57.7921, -20.2127], [57.6514, -20.4848]]]}}, {"type": "Feature", "properties": {"SOVEREIGNT": "Mauritania", "SOV_A3": "MRT", "mean": 1.46, "GERMAN_NAME": "Mauretanien", "NOTE_DE": null}, "geometry": {"type": "MultiPolygon", "coordinates": [[[[-16.5354, 15.8383], [-16.4637, 16.6015], [-16.0789, 17.5458], [-16.0303, 17.8879], [-16.2132, 19.0034], [-16.5145, 19.362], [-16.3053, 19.5127], [-16.445, 19.4731], [-16.2834, 19.7872], [-16.2103, 20.2279], [-16.4299, 20.6525], [-16.5303, 20.7096], [-16.5627, 20.604], [-16.6225, 20.6341], [-16.9278, 21.1148], [-17.048, 20.8062], [-17.0145, 21.1112], [-17.0026, 21.158], [-16.9645, 21.3292], [-16.8529, 21.3294], [-16.1995, 21.33], [-16.1156, 21.3302], [-15.6037, 21.3307], [-15.3783, 21.3311], [-15.0021, 21.3316], [-14.6418, 21.332], [-14.3905, 21.3323], [-14.3138, 21.3323], [-13.9009, 21.3328], [-13.7796, 21.333], [-13.3969, 21.3335], [-13.1676, 21.3337], [-13.0164, 21.3339], [-13.0279, 21.5071], [-13.0398, 21.6831], [-13.0473, 21.7952], [-13.0531, 21.8835], [-13.0851, 22.3588], [-13.1035, 22.5419], [-13.1571, 22.6965], [-13.1553, 22.8099], [-13.147, 22.8328], [-13.0473, 22.9798], [-12.7806, 23.1657], [-12.7071, 23.2141], [-12.6056, 23.2762], [-12.373, 23.3181], [-12.2791, 23.3561], [-12.1588, 23.4048], [-12.0235, 23.4677], [-12.0163, 23.5765], [-12.0163, 25.9954], [-11.2592, 25.9954], [-10.9996, 25.9954], [-9.7443, 25.9956], [-9.5305, 25.9956], [-8.6823, 25.9956], [-8.6823, 26.0526], [-8.6823, 26.1819], [-8.6823, 26.4445], [-8.683, 26.9964], [-8.6834, 27.2175], [-8.6834, 27.2859], [-4.8227, 24.9957], [-6.5939, 24.9947], [-5.6288, 16.5687], [-5.3599, 16.2828], [-5.5125, 15.4964], [-9.1769, 15.4962], [-9.3353, 15.5257], [-9.3505, 15.6774], [-9.4469, 15.4582], [-9.9412, 15.3737], [-10.6965, 15.4226], [-10.9482, 15.1512], [-11.5026, 15.6368], [-11.7603, 15.4254], [-11.941, 14.887], [-12.1048, 14.7454], [-12.2805, 14.8091], [-12.8587, 15.2425], [-12.931, 15.4532], [-13.2064, 15.617], [-13.4098, 16.0591], [-13.507, 16.1351], [-13.8685, 16.1481], [-14.0856, 16.4189], [-14.5338, 16.656], [-14.9906, 16.677], [-15.7682, 16.4852], [-16.2391, 16.5314], [-16.441, 16.2045], [-16.5354, 15.8383]]], [[[-16.4374, 19.6092], [-16.477, 19.7104], [-16.3435, 19.8662], [-16.3734, 19.7064], [-16.4374, 19.6092]]]]}}, {"type": "Feature", "properties": {"SOVEREIGNT": "Malta", "SOV_A3": "MLT", "mean": 1.698, "GERMAN_NAME": "Malta", "NOTE_DE": null}, "geometry": {"type": "MultiPolygon", "coordinates": [[[[14.5662, 35.8527], [14.4366, 35.8216], [14.3512, 35.9783], [14.4484, 35.9573], [14.5662, 35.8527]]], [[[14.3134, 36.0276], [14.2537, 36.0122], [14.1802, 36.0604], [14.2634, 36.0757], [14.3134, 36.0276]]]]}}, {"type": "Feature", "properties": {"SOVEREIGNT": "Mali", "SOV_A3": "MLI", "mean": 1.716, "GERMAN_NAME": "Mali", "NOTE_DE": null}, "geometry": {"type": "Polygon", "coordinates": [[[-11.3895, 12.4043], [-11.4507, 12.5576], [-11.3902, 12.942], [-11.635, 13.3699], [-11.7582, 13.3945], [-11.8316, 13.3157], [-12.0541, 13.633], [-11.9608, 13.8753], [-12.0192, 14.2065], [-12.2283, 14.4585], [-12.1866, 14.6482], [-12.2805, 14.8091], [-12.1048, 14.7454], [-11.941, 14.887], [-11.7603, 15.4254], [-11.5026, 15.6368], [-10.9482, 15.1512], [-10.6965, 15.4226], [-9.9412, 15.3737], [-9.4469, 15.4582], [-9.3505, 15.6774], [-9.3353, 15.5257], [-9.1769, 15.4962], [-5.5125, 15.4964], [-5.3599, 16.2828], [-5.6288, 16.5687], [-6.5939, 24.9947], [-4.8227, 24.9957], [1.1453, 21.1022], [1.1659, 20.8175], [1.6108, 20.5554], [1.7534, 20.3315], [2.2192, 20.2479], [2.4061, 20.0639], [3.1304, 19.8502], [3.2038, 19.7898], [3.256, 19.411], [3.1059, 19.1501], [3.256, 19.0133], [4.2277, 19.1428], [4.2345, 16.9963], [4.1215, 16.3578], [3.8428, 15.7017], [3.5206, 15.4832], [3.5044, 15.3563], [3.0602, 15.4271], [3.0011, 15.3409], [1.3001, 15.2721], [0.9473, 14.9821], [0.2864, 14.9802], [0.2176, 14.9115], [-0.236, 15.0594], [-0.7605, 15.0477], [-1.0496, 14.8195], [-1.6951, 14.5085], [-1.973, 14.4564], [-2.1134, 14.1685], [-2.4572, 14.2742], [-2.5868, 14.2276], [-2.8741, 13.9508], [-2.9507, 13.6483], [-3.2485, 13.6583], [-3.3017, 13.2808], [-3.5275, 13.1828], [-3.9472, 13.4022], [-4.151, 13.3062], [-4.3288, 13.1191], [-4.2269, 12.7937], [-4.4807, 12.6722], [-4.4285, 12.3375], [-4.6993, 12.0763], [-5.1061, 11.9675], [-5.2882, 11.8279], [-5.2501, 11.3758], [-5.3473, 11.1304], [-5.4905, 11.0424], [-5.5237, 10.4261], [-5.8437, 10.3896], [-6.0345, 10.1947], [-6.1969, 10.232], [-6.2613, 10.7241], [-6.4258, 10.6718], [-6.424, 10.5592], [-6.6541, 10.6564], [-6.6933, 10.3495], [-6.9503, 10.3424], [-7.0169, 10.1432], [-7.3633, 10.2594], [-7.4979, 10.4398], [-7.661, 10.4275], [-7.8143, 10.2367], [-7.9907, 10.1624], [-8.0073, 10.3219], [-8.2665, 10.4859], [-8.3374, 10.9905], [-8.6668, 11.0094], [-8.3986, 11.3666], [-8.822, 11.6733], [-8.8184, 11.9224], [-9.043, 12.4023], [-9.3955, 12.4646], [-9.358, 12.2554], [-9.6583, 12.1431], [-9.754, 12.03], [-10.275, 12.2127], [-10.4658, 12.1388], [-10.7091, 11.8986], [-10.933, 12.2053], [-11.3053, 12.0156], [-11.5022, 12.1987], [-11.3895, 12.4043]]]}}, {"type": "Feature", "properties": {"SOVEREIGNT": "Maldives", "SOV_A3": "MDV", "mean": 0.814, "GERMAN_NAME": "Malediven", "NOTE_DE": null}, "geometry": {"type": "MultiPolygon", "coordinates": [[[[73.5123, 4.1646], [73.473, 4.1708], [73.5177, 4.2477], [73.5285, 4.2434], [73.5123, 4.1646]]], [[[73.4165, 3.2311], [73.3848, 3.2712], [73.4277, 3.2898], [73.4428, 3.2742], [73.4165, 3.2311]]]]}}, {"type": "Feature", "properties": {"SOVEREIGNT": "Malaysia", "SOV_A3": "MYS", "mean": 1.049, "GERMAN_NAME": "Malaysia", "NOTE_DE": null}, "geometry": {"type": "MultiPolygon", "coordinates": [[[[117.649, 4.1691], [117.7081, 4.2625], [117.8848, 4.1863], [117.649, 4.1691]]], [[[109.6289, 2.0275], [109.8647, 1.7645], [110.3493, 1.7197], [111.2234, 1.3959], [111.0286, 1.5578], [111.268, 2.1398], [111.2086, 2.3796], [111.2421, 2.4359], [111.3538, 2.4058], [111.3116, 2.4376], [111.3335, 2.7682], [111.3782, 2.7094], [111.3589, 2.4044], [111.4437, 2.3815], [111.5125, 2.7431], [112.9877, 3.1619], [113.9241, 4.2434], [113.9842, 4.5459], [114.0638, 4.5928], [114.224, 4.4779], [114.323, 4.2628], [114.6542, 4.0375], [114.8403, 4.3933], [114.7467, 4.7181], [115.0268, 4.8996], [115.1071, 4.3906], [115.2907, 4.3527], [115.2665, 4.6341], [115.1402, 4.8996], [115.3749, 4.9328], [115.52, 5.0491], [115.5819, 5.1942], [115.4671, 5.2542], [115.4192, 5.4132], [115.6039, 5.6034], [115.7407, 5.5329], [115.8771, 5.6135], [116.1385, 6.1297], [116.5053, 6.5367], [117.6965, 4.3428], [117.5745, 4.1706], [117.1007, 4.3371], [116.5147, 4.3708], [116.0215, 4.2908], [115.8609, 4.348], [115.6787, 4.193], [115.5686, 3.9388], [115.5661, 3.4458], [115.4545, 3.0343], [115.2471, 3.0258], [115.1175, 2.895], [115.0808, 2.6343], [115.1791, 2.5232], [114.7863, 2.2505], [114.8306, 1.9801], [114.5123, 1.4519], [114.3871, 1.5], [113.9025, 1.4342], [113.6224, 1.2359], [113.0065, 1.4339], [112.9431, 1.567], [112.4762, 1.5592], [112.1857, 1.4389], [112.0784, 1.1433], [111.8091, 1.0116], [111.1013, 1.0505], [110.5059, 0.862], [109.6541, 1.6149], [109.5389, 1.8963], [109.6289, 2.0275]]], [[[117.0806, 7.1153], [117.0644, 7.2606], [117.2642, 7.3516], [117.2393, 7.1848], [117.0806, 7.1153]]], [[[102.101, 6.2423], [102.34, 6.172], [102.5344, 5.8625], [103.0971, 5.4085], [103.4157, 4.8503], [103.4686, 4.3933], [103.362, 3.7692], [103.4535, 3.5206], [103.4394, 2.9331], [103.812, 2.5805], [104.2185, 1.7229], [104.2502, 1.3886], [104.1148, 1.4122], [103.9816, 1.6238], [103.9917, 1.4547], [103.6947, 1.4495], [103.4801, 1.3294], [103.357, 1.546], [102.727, 1.8556], [101.2956, 2.8852], [101.3543, 3.0111], [101.3, 3.2532], [100.7153, 3.9662], [100.7956, 4.0233], [100.6145, 4.3735], [100.6145, 4.6523], [100.3528, 5.5876], [100.3434, 5.9842], [100.1192, 6.4419], [100.1768, 6.6717], [100.2614, 6.6826], [100.3452, 6.5499], [100.7546, 6.46], [100.8741, 6.2454], [101.0534, 6.2427], [101.0757, 5.9566], [100.9817, 5.7709], [101.1138, 5.6367], [101.2571, 5.7893], [101.5559, 5.9078], [101.6783, 5.7787], [101.8738, 5.8252], [102.101, 6.2423]]], [[[104.1735, 2.7214], [104.1292, 2.7672], [104.1846, 2.8717], [104.2217, 2.7318], [104.1735, 2.7214]]], [[[101.2679, 2.9705], [101.274, 3.0328], [101.3111, 3.0673], [101.3187, 2.9885], [101.2679, 2.9705]]], [[[100.2639, 5.267], [100.1912, 5.2828], [100.2455, 5.4677], [100.3388, 5.4101], [100.2639, 5.267]]], [[[99.9186, 6.3586], [99.7437, 6.2633], [99.6461, 6.4183], [99.8481, 6.4657], [99.9186, 6.3586]]]]}}, {"type": "Feature", "properties": {"SOVEREIGNT": "Malawi", "SOV_A3": "MWI", "mean": 0.703, "GERMAN_NAME": "Malawi", "NOTE_DE": null}, "geometry": {"type": "MultiPolygon", "coordinates": [[[[33.2019, -14.0133], [33.1479, -13.9409], [32.9921, -14.0222], [32.6706, -13.5905], [32.852, -13.457], [32.9676, -13.2252], [32.9456, -12.8044], [33.0216, -12.6305], [33.3978, -12.4899], [33.5123, -12.3478], [33.3402, -12.3082], [33.2523, -12.1126], [33.3038, -11.6908], [33.2329, -11.4177], [33.3798, -11.1578], [33.2613, -10.8933], [33.6617, -10.553], [33.5288, -10.2346], [33.3114, -10.038], [33.351, -9.8623], [33.1958, -9.6261], [32.996, -9.6228], [32.9201, -9.4074], [33.4208, -9.6079], [33.8888, -9.67], [33.9957, -9.4954], [34.3208, -9.7317], [34.5242, -10.0302], [34.5699, -10.2411], [34.6671, -10.7925], [34.6077, -11.0804], [34.7737, -11.3416], [34.8907, -11.3935], [34.9595, -11.5782], [34.6185, -11.6202], [34.3579, -12.1647], [34.5638, -13.3602], [34.6617, -13.4867], [34.9069, -13.5516], [35.2475, -13.8968], [35.8472, -14.6709], [35.8929, -14.8917], [35.7554, -16.0584], [35.3583, -16.1606], [35.1672, -16.5602], [35.2813, -16.8079], [35.2727, -17.1185], [35.0646, -17.0786], [35.0801, -16.8339], [34.4166, -16.2467], [34.4029, -16.0803], [34.2481, -15.8876], [34.5408, -15.2973], [34.5051, -14.598], [34.3327, -14.4087], [33.6365, -14.5682], [33.2019, -14.0133]]], [[[34.7193, -12.1105], [34.6621, -12.1008], [34.6797, -12.0088], [34.7561, -12.0307], [34.7193, -12.1105]]], [[[34.6416, -12.0137], [34.6218, -12.0666], [34.5415, -12.0187], [34.5915, -11.9712], [34.6416, -12.0137]]]]}}, {"type": "Feature", "properties": {"SOVEREIGNT": "Madagascar", "SOV_A3": "MDG", "mean": 1.131, "GERMAN_NAME": "Madagaskar", "NOTE_DE": null}, "geometry": {"type": "MultiPolygon", "coordinates": [[[[49.5384, -12.4321], [49.9376, -13.0722], [50.1738, -14.0402], [50.2354, -14.732], [50.4413, -15.1493], [50.4827, -15.3857], [50.4046, -15.629], [50.185, -15.9579], [50.0204, -15.8019], [49.8926, -15.4577], [49.6644, -15.5216], [49.7126, -16.0768], [49.8311, -16.2559], [49.839, -16.4864], [49.7339, -16.703], [49.7673, -16.8151], [49.5953, -16.9313], [49.4495, -17.2406], [49.4779, -17.8985], [49.3631, -18.3363], [47.9083, -22.4659], [47.558, -23.8747], [47.1775, -24.7873], [47.0349, -24.9789], [46.7286, -25.1499], [46.1587, -25.2302], [45.5082, -25.5633], [45.1151, -25.5432], [44.813, -25.334], [44.3457, -25.2261], [44.0354, -24.9957], [43.9094, -24.6406], [43.67, -24.3003], [43.6463, -23.7419], [43.7222, -23.5296], [43.5696, -23.0805], [43.3575, -22.791], [43.265, -22.3836], [43.2906, -21.9325], [43.5019, -21.3565], [43.8003, -21.1792], [44.4048, -19.9219], [44.4487, -19.4288], [44.2388, -19.0751], [44.2331, -18.7407], [44.0401, -18.2884], [43.9793, -17.3916], [44.4213, -16.7027], [44.4761, -16.2172], [44.9091, -16.1745], [45.2227, -15.9506], [45.3422, -16.0367], [45.5982, -15.9926], [45.7001, -15.8139], [46.1576, -15.7382], [46.3995, -15.9246], [46.3315, -15.7135], [46.4751, -15.5134], [46.9424, -15.2191], [47.0274, -15.4522], [47.0994, -15.4341], [47.0925, -15.1502], [47.3521, -14.7661], [47.4648, -14.7133], [47.4785, -15.0094], [47.774, -14.6367], [47.9641, -14.6725], [47.8115, -14.5448], [47.7733, -14.37], [47.9954, -13.9604], [47.8835, -13.8075], [47.9411, -13.6624], [48.0397, -13.5962], [48.2553, -13.7193], [48.7964, -13.2675], [48.9195, -12.839], [48.7863, -12.471], [48.9318, -12.4391], [49.2072, -12.0796], [49.5384, -12.4321]]], [[[49.9365, -16.903], [49.8239, -17.0866], [50.023, -16.6954], [49.9365, -16.903]]], [[[48.3421, -13.364], [48.2118, -13.3854], [48.1913, -13.26], [48.309, -13.1982], [48.3421, -13.364]]]]}}, {"type": "Feature", "properties": {"SOVEREIGNT": "North Macedonia", "SOV_A3": "MKD", "mean": 1.916, "GERMAN_NAME": "Nordmazedonien", "NOTE_DE": null}, "geometry": {"type": "Polygon", "coordinates": [[[21.5624, 42.2475], [22.2399, 42.3582], [22.344, 42.3139], [22.8368, 41.9935], [23.0035, 41.74], [22.916, 41.3363], [22.7839, 41.3319], [22.7248, 41.1785], [22.6035, 41.1401], [21.9933, 41.1309], [21.5757, 40.869], [20.9641, 40.8499], [20.7092, 40.9284], [20.4889, 41.2726], [20.4486, 41.5214], [20.5663, 41.8736], [20.725, 41.8736], [20.778, 42.0709], [21.0598, 42.1713], [21.2866, 42.1003], [21.3896, 42.2197], [21.5624, 42.2475]]]}}, {"type": "Feature", "properties": {"SOVEREIGNT": "Luxembourg", "SOV_A3": "LUX", "mean": 1.894, "GERMAN_NAME": "Luxemburg", "NOTE_DE": null}, "geometry": {"type": "Polygon", "coordinates": [[[6.1166, 50.1208], [6.2048, 49.9152], [6.4874, 49.7985], [6.3445, 49.4528], [6.0115, 49.4455], [5.7897, 49.5384], [5.8804, 49.6448], [5.7249, 49.8083], [5.744, 49.9195], [5.9762, 50.1672], [6.1166, 50.1208]]]}}, {"type": "Feature", "properties": {"SOVEREIGNT": "Lithuania", "SOV_A3": "LTU", "mean": 2.158, "GERMAN_NAME": "Litauen", "NOTE_DE": null}, "geometry": {"type": "MultiPolygon", "coordinates": [[[[22.7662, 54.3567], [22.6845, 54.563], [22.8246, 54.8713], [22.5672, 55.0591], [22.0725, 55.0636], [21.2359, 55.2641], [21.0462, 56.0701], [22.0844, 56.4068], [24.1206, 56.2643], [24.4737, 56.2841], [24.8409, 56.4112], [25.0699, 56.2003], [25.6632, 56.1048], [26.2813, 55.7504], [26.5934, 55.6676], [26.4577, 55.3423], [26.7756, 55.2731], [26.6013, 55.1301], [26.2917, 55.1396], [26.1751, 55.0032], [25.8594, 54.9194], [25.5472, 54.3319], [25.7481, 54.2597], [25.7492, 54.1569], [25.5105, 54.1597], [25.4612, 54.2928], [25.0461, 54.1331], [24.8694, 54.1451], [24.7682, 53.9747], [24.3178, 53.8931], [24.1915, 53.9505], [23.4848, 53.9398], [23.4535, 54.1434], [23.37, 54.2005], [22.894, 54.3905], [22.7662, 54.3567]]], [[[20.958, 55.2788], [20.8996, 55.2866], [21.1149, 55.6166], [20.958, 55.2788]]]]}}, {"type": "Feature", "properties": {"SOVEREIGNT": "Liechtenstein", "SOV_A3": "LIE", "mean": 2.784, "GERMAN_NAME": "Liechtenstein", "NOTE_DE": null}, "geometry": {"type": "Polygon", "coordinates": [[[9.5801, 47.0574], [9.4876, 47.0623], [9.5276, 47.2707], [9.5801, 47.0574]]]}}, {"type": "Feature", "properties": {"SOVEREIGNT": "Libya", "SOV_A3": "LBY", "mean": 1.807, "GERMAN_NAME": "Libyen", "NOTE_DE": null}, "geometry": {"type": "Polygon", "coordinates": [[[9.5186, 30.2295], [9.8951, 30.3873], [10.2163, 30.7832], [10.257, 30.9408], [10.1151, 31.4638], [10.2746, 31.6849], [10.4758, 31.7359], [10.8265, 32.0808], [11.5051, 32.4137], [11.5339, 32.5249], [11.454, 32.6426], [11.5047, 33.1819], [12.2798, 32.8587], [12.7536, 32.8012], [13.2835, 32.9148], [14.1558, 32.7098], [14.5132, 32.511], [15.1767, 32.3911], [15.3592, 32.1597], [15.4964, 31.6568], [15.7059, 31.4264], [16.1232, 31.2645], [16.7816, 31.2149], [17.8306, 30.9274], [18.1903, 30.7773], [18.6698, 30.4158], [19.1238, 30.2662], [19.7134, 30.4883], [20.1116, 30.9637], [20.1411, 31.1956], [19.9611, 31.5559], [19.9262, 31.8175], [20.1213, 32.2188], [20.621, 32.5801], [21.0624, 32.7754], [21.4249, 32.7993], [21.6358, 32.9373], [22.1874, 32.9184], [23.0906, 32.6187], [23.1061, 32.3314], [23.2864, 32.2139], [23.7976, 32.1587], [24.1296, 32.0093], [24.8784, 31.9843], [25.1505, 31.655], [24.8528, 31.3348], [24.9615, 30.6786], [24.703, 30.2011], [24.9802, 29.1819], [24.9802, 21.9958], [24.9795, 20.0026], [23.9802, 19.996], [23.9802, 19.4965], [15.9842, 23.4453], [14.9791, 22.9961], [14.2155, 22.6198], [13.4811, 23.1801], [11.968, 23.5178], [11.5076, 24.3145], [10.6861, 24.5514], [10.3959, 24.4856], [10.2559, 24.591], [10.028, 25.0511], [10.0006, 25.3321], [9.4484, 26.0671], [9.4912, 26.3337], [9.8833, 26.6307], [9.8944, 26.848], [9.7475, 27.3309], [9.916, 27.7858], [9.8051, 29.1769], [9.6403, 29.6365], [9.3101, 30.1152], [9.5186, 30.2295]]]}}, {"type": "Feature", "properties": {"SOVEREIGNT": "Liberia", "SOV_A3": "LBR", "mean": 0.904, "GERMAN_NAME": "Liberia", "NOTE_DE": null}, "geometry": {"type": "Polygon", "coordinates": [[[-11.5076, 6.9065], [-11.2678, 7.2327], [-10.6476, 7.7594], [-10.5709, 8.0711], [-10.3599, 8.188], [-10.2832, 8.4851], [-10.1475, 8.5198], [-10.0644, 8.4297], [-9.7821, 8.5377], [-9.5182, 8.3461], [-9.3692, 7.7039], [-9.4639, 7.4158], [-9.2633, 7.3778], [-9.1175, 7.216], [-8.8897, 7.2627], [-8.6596, 7.6884], [-8.4865, 7.5584], [-8.3025, 6.981], [-8.3324, 6.8017], [-8.6035, 6.5079], [-8.287, 6.319], [-7.8885, 6.2348], [-7.7967, 5.9752], [-7.4543, 5.8412], [-7.4299, 5.3245], [-7.5688, 5.0808], [-7.5911, 4.8215], [-7.5451, 4.3513], [-8.2589, 4.59], [-9.1323, 5.0548], [-10.2764, 6.0778], [-10.7854, 6.3102], [-10.8492, 6.465], [-11.2916, 6.6882], [-11.5076, 6.9065]]]}}, {"type": "Feature", "properties": {"SOVEREIGNT": "Lesotho", "SOV_A3": "LSO", "mean": 1.112, "GERMAN_NAME": "Lesotho", "NOTE_DE": null}, "geometry": {"type": "Polygon", "coordinates": [[[28.7368, -30.102], [28.392, -30.1475], [28.0568, -30.6312], [27.753, -30.6001], [27.3886, -30.3158], [27.0571, -29.6256], [27.2947, -29.5193], [27.7357, -28.9402], [28.6256, -28.5817], [29.3013, -29.0899], [29.3906, -29.2698], [29.0979, -29.9191], [28.7368, -30.102]]]}}, {"type": "Feature", "properties": {"SOVEREIGNT": "Lebanon", "SOV_A3": "LBN", "mean": 2.399, "GERMAN_NAME": "Libanon", "NOTE_DE": null}, "geometry": {"type": "Polygon", "coordinates": [[[35.8407, 33.4157], [35.817, 33.3952], [35.7385, 33.3355], [35.7032, 33.3159], [35.6028, 33.2407], [35.5326, 33.2504], [35.4113, 33.0756], [35.1085, 33.0838], [35.6118, 34.0322], [35.6478, 34.2482], [35.9779, 34.5475], [35.9761, 34.6292], [36.384, 34.658], [36.4329, 34.6136], [36.33, 34.4996], [36.5042, 34.4322], [36.5849, 34.2212], [36.2778, 33.9252], [36.3649, 33.8393], [36.092, 33.8317], [35.9862, 33.7527], [35.9423, 33.6677], [36.0344, 33.5851], [35.8407, 33.4157]]]}}, {"type": "Feature", "properties": {"SOVEREIGNT": "Latvia", "SOV_A3": "LVA", "mean": 2.338, "GERMAN_NAME": "Lettland", "NOTE_DE": null}, "geometry": {"type": "Polygon", "coordinates": [[[26.5934, 55.6676], [26.2813, 55.7504], [25.6632, 56.1048], [25.0699, 56.2003], [24.8409, 56.4112], [24.4737, 56.2841], [24.1206, 56.2643], [22.0844, 56.4068], [21.0462, 56.0701], [21.0714, 56.8237], [21.3507, 57.0176], [21.4591, 57.3225], [21.7287, 57.5709], [22.5546, 57.7242], [22.6485, 57.5954], [23.1367, 57.3239], [23.2872, 57.0896], [23.6479, 56.9711], [23.9312, 57.0084], [24.3826, 57.2502], [24.3225, 57.8705], [25.2826, 58.0486], [25.9911, 57.8382], [26.462, 57.5445], [26.966, 57.6091], [27.3519, 57.5282], [27.511, 57.5081], [27.8286, 57.2934], [27.6396, 56.8456], [27.8487, 56.8534], [28.1032, 56.5457], [28.2019, 56.2605], [28.1479, 56.1428], [27.8962, 56.0762], [27.5769, 55.7988], [27.0524, 55.8306], [26.5934, 55.6676]]]}}, {"type": "Feature", "properties": {"SOVEREIGNT": "Laos", "SOV_A3": "LAO", "mean": 0.753, "GERMAN_NAME": "Laos", "NOTE_DE": null}, "geometry": {"type": "Polygon", "coordinates": [[[102.1276, 22.3791], [102.5826, 21.9044], [102.6618, 21.6761], [102.8159, 21.8074], [102.9495, 21.6813], [102.8512, 21.2658], [103.1046, 20.8916], [103.6349, 20.6971], [104.1015, 20.9456], [104.5832, 20.6466], [104.3679, 20.4414], [104.6188, 20.3744], [104.6987, 20.2054], [104.8478, 20.2024], [104.928, 20.0181], [104.5878, 19.6187], [104.032, 19.6751], [104.063, 19.4825], [103.8916, 19.3049], [104.7164, 18.8033], [105.1466, 18.6509], [105.1145, 18.4053], [105.4583, 18.1543], [105.6912, 17.7378], [106.5023, 16.954], [106.5462, 16.6508], [106.6564, 16.4926], [106.8512, 16.5157], [106.9307, 16.3533], [107.3962, 16.0429], [107.3919, 15.9516], [107.1658, 15.8026], [107.6532, 15.2551], [107.4804, 14.9799], [107.5193, 14.7051], [107.4146, 14.5628], [107.2925, 14.5925], [106.9379, 14.3273], [106.7835, 14.3351], [106.5016, 14.5782], [106.3551, 14.4547], [106.2255, 14.4762], [106.1654, 14.3724], [105.9789, 14.3431], [106.1247, 14.0492], [106.0667, 13.9213], [105.9044, 13.9246], [105.5314, 14.1561], [105.3503, 14.1096], [105.1833, 14.3462], [105.4972, 14.5907], [105.5465, 14.9325], [105.4904, 15.2565], [105.6408, 15.6566], [105.3989, 15.8298], [105.4061, 15.9874], [105.0472, 16.1603], [104.8193, 16.4661], [104.7437, 16.8844], [104.8161, 17.3004], [104.7398, 17.4617], [104.428, 17.6989], [103.9496, 18.3191], [103.3671, 18.4234], [103.2519, 18.3736], [103.2796, 18.305], [103.0514, 18.0285], [102.6802, 17.8241], [102.1013, 18.2108], [101.7748, 18.0334], [101.6873, 17.8893], [101.1675, 17.499], [100.9558, 17.5411], [100.9086, 17.5838], [101.1441, 18.1427], [101.0469, 18.4419], [101.2863, 18.9772], [101.2118, 19.5482], [100.9666, 19.6107], [100.7441, 19.5147], [100.5137, 19.5534], [100.3978, 19.756], [100.5195, 20.1779], [100.3179, 20.3859], [100.1397, 20.2454], [100.1224, 20.3166], [100.2495, 20.7304], [100.6228, 20.8597], [100.5224, 20.922], [100.536, 20.9925], [100.7031, 21.2513], [101.139, 21.5675], [101.2478, 21.1973], [101.5422, 21.2342], [101.705, 21.1501], [101.8007, 21.2125], [101.723, 21.3149], [101.7366, 21.8266], [101.5246, 22.2536], [101.7388, 22.4954], [101.8418, 22.3886], [102.0243, 22.4393], [102.1276, 22.3791]]]}}, {"type": "Feature", "properties": {"SOVEREIGNT": "Kyrgyzstan", "SOV_A3": "KGZ", "mean": 2.652, "GERMAN_NAME": "Kirgisistan", "NOTE_DE": null}, "geometry": {"type": "Polygon", "coordinates": [[[70.9581, 40.2388], [71.3047, 40.2869], [71.6925, 40.1524], [71.9556, 40.2586], [72.1313, 40.4386], [72.3577, 40.4016], [72.402, 40.5779], [72.604, 40.5254], [73.1368, 40.8107], [72.6583, 40.8699], [72.3642, 41.0434], [72.1875, 41.0259], [72.1644, 41.1736], [71.8786, 41.195], [71.6651, 41.5412], [71.5855, 41.3331], [71.421, 41.3418], [71.3929, 41.1233], [70.8605, 41.2248], [70.6888, 41.4498], [70.4713, 41.4126], [70.201, 41.5145], [70.1808, 41.5714], [70.8033, 41.9227], [70.8565, 42.0309], [71.2284, 42.1628], [71.0362, 42.2846], [70.9469, 42.2487], [70.8929, 42.34], [71.2565, 42.7336], [71.7605, 42.8214], [72.2757, 42.7577], [73.4928, 42.409], [73.4219, 42.5935], [73.5562, 43.0028], [74.2092, 43.2404], [75.3663, 42.8369], [75.6355, 42.8147], [75.8404, 42.9376], [76.9881, 42.9735], [79.1268, 42.7758], [79.4281, 42.4835], [79.921, 42.4132], [80.2093, 42.19], [80.2162, 42.0324], [79.8403, 41.9958], [79.7662, 41.8989], [79.2935, 41.7828], [78.4428, 41.4175], [78.1235, 41.0756], [77.5817, 40.9928], [76.9078, 41.0242], [76.6612, 40.7796], [76.4801, 40.4495], [76.3185, 40.3521], [76.2583, 40.4308], [75.6773, 40.3058], [75.5556, 40.6253], [75.1114, 40.454], [74.8353, 40.4825], [74.8306, 40.3285], [73.9918, 40.0432], [73.8352, 39.8002], [73.9072, 39.5784], [73.6318, 39.4489], [73.1094, 39.362], [72.5633, 39.3772], [72.3577, 39.3368], [72.2299, 39.2075], [72.0427, 39.3521], [71.7785, 39.278], [71.7321, 39.4231], [71.5035, 39.4788], [71.4703, 39.6036], [70.7993, 39.3948], [70.5012, 39.5872], [69.2977, 39.5248], [69.229, 39.7612], [69.2786, 39.9179], [69.3071, 39.9686], [69.4763, 39.9198], [69.5303, 40.0974], [69.967, 40.2022], [70.4515, 40.0493], [70.5153, 39.95], [70.9581, 40.2388]], [[71.7796, 39.9503], [71.79, 39.9953], [71.6691, 39.9462], [71.7529, 39.9071], [71.7796, 39.9503]], [[71.2061, 39.8927], [71.2288, 40.0482], [70.9764, 40.1333], [71.0117, 39.8951], [71.2061, 39.8927]], [[70.7017, 39.8254], [70.6643, 39.8556], [70.4829, 39.8828], [70.5595, 39.791], [70.7017, 39.8254]]]}}, {"type": "Feature", "properties": {"SOVEREIGNT": "Kuwait", "SOV_A3": "KWT", "mean": 1.704, "GERMAN_NAME": "Kuwait", "NOTE_DE": null}, "geometry": {"type": "MultiPolygon", "coordinates": [[[[48.4425, 28.543], [47.6714, 28.5333], [47.4331, 28.9896], [46.5313, 29.0962], [46.9057, 29.5375], [47.1483, 30.001], [47.6437, 30.0973], [47.9789, 29.9827], [48.1434, 29.5724], [47.9695, 29.6167], [47.7225, 29.3931], [48.0516, 29.3555], [48.4425, 28.543]]], [[[48.2755, 29.6243], [48.1797, 29.6115], [48.0815, 29.7989], [48.1848, 29.9787], [48.3482, 29.7826], [48.2755, 29.6243]]]]}}, {"type": "Feature", "properties": {"SOVEREIGNT": "Kosovo", "SOV_A3": "KOS", "mean": 2.163, "GERMAN_NAME": "Kosovo", "NOTE_DE": null}, "geometry": {"type": "Polygon", "coordinates": [[[20.3442, 42.8279], [20.6239, 43.0341], [20.6232, 43.1986], [20.8006, 43.2611], [21.4029, 42.8315], [21.3907, 42.7515], [21.7528, 42.6699], [21.5188, 42.3283], [21.5624, 42.2475], [21.3896, 42.2197], [21.2866, 42.1003], [21.0598, 42.1713], [20.778, 42.0709], [20.725, 41.8736], [20.5663, 41.8736], [20.4853, 42.2233], [20.2405, 42.3389], [20.0641, 42.5474], [20.0544, 42.76], [20.3442, 42.8279]]]}}, {"type": "Feature", "properties": {"SOVEREIGNT": "Kiribati", "SOV_A3": "KIR", "mean": 0.439, "GERMAN_NAME": "Kiribati", "NOTE_DE": null}, "geometry": {"type": "MultiPolygon", "coordinates": [[[[174.7732, -1.2119], [174.7789, -1.2635], [174.7166, -1.1338], [174.744, -1.1474], [174.7732, -1.2119]]], [[[174.5086, -0.8018], [174.4765, -0.829], [174.3811, -0.5918], [174.4747, -0.6421], [174.5086, -0.8018]]], [[[173.0383, 1.3421], [173.0113, 1.3383], [173.1719, 1.3751], [173.1632, 1.3575], [173.0383, 1.3421]]], [[[173.0329, 1.0132], [173.0866, 0.9734], [172.9912, 0.8354], [173.065, 0.9627], [172.9901, 1.0251], [173.0329, 1.0132]]], [[[173.0293, 1.7175], [172.9933, 1.7132], [173.0236, 1.8093], [173.0452, 1.7416], [173.0293, 1.7175]]], [[[173.0189, 1.8458], [173.0236, 1.8227], [172.9346, 1.9436], [172.9692, 1.9128], [173.0189, 1.8458]]], [[[172.9696, 3.1291], [172.9062, 3.0958], [172.8871, 3.1011], [172.9624, 3.1487], [172.9696, 3.1291]]], [[[172.8443, 3.0512], [172.7705, 3.0125], [172.7503, 3.0331], [172.8871, 3.0739], [172.8443, 3.0512]]], [[[169.551, -0.8736], [169.5229, -0.8657], [169.5254, -0.8526], [169.5553, -0.8565], [169.551, -0.8736]]], [[[-151.7825, -11.4409], [-151.8066, -11.4512], [-151.8134, -11.3918], [-151.8026, -11.3927], [-151.7825, -11.4409]]], [[[-154.9562, -4.088], [-154.9947, -4.071], [-155.0149, -4.0481], [-154.9512, -4.0311], [-154.9562, -4.088]]], [[[-155.8638, -5.6267], [-155.9142, -5.6317], [-155.9286, -5.6076], [-155.8724, -5.6114], [-155.8638, -5.6267]]], [[[-157.3423, 1.8556], [-157.1756, 1.7399], [-157.5788, 1.902], [-157.4359, 1.8473], [-157.3653, 1.9461], [-157.4921, 2.0292], [-157.442, 2.025], [-157.3218, 1.9686], [-157.3423, 1.8556]]], [[[-159.3392, 3.9235], [-159.2593, 3.8391], [-159.2748, 3.7966], [-159.4091, 3.8732], [-159.3392, 3.9235]]], [[[-171.0853, -3.1355], [-171.0968, -3.1369], [-171.0878, -3.115], [-171.081, -3.1204], [-171.0853, -3.1355]]], [[[-171.2333, -4.4635], [-171.2545, -4.4664], [-171.2621, -4.4491], [-171.2394, -4.444], [-171.2333, -4.4635]]], [[[-171.6977, -2.7664], [-171.6397, -2.8113], [-171.6286, -2.8559], [-171.6962, -2.8257], [-171.6386, -2.8467], [-171.6977, -2.7664]]], [[[-172.2146, -4.511], [-172.1977, -4.4916], [-172.1808, -4.5148], [-172.2082, -4.518], [-172.2146, -4.511]]], [[[-174.5129, -4.6752], [-174.501, -4.6948], [-174.541, -4.6573], [-174.5312, -4.6596], [-174.5129, -4.6752]]]]}}, {"type": "Feature", "properties": {"SOVEREIGNT": "Kenya", "SOV_A3": "KEN", "mean": 1.337, "GERMAN_NAME": "Kenia", "NOTE_DE": null}, "geometry": {"type": "MultiPolygon", "coordinates": [[[[33.9759, 4.2203], [34.3802, 4.6207], [35.9199, 4.6198], [36.0819, 4.4497], [36.9056, 4.4116], [38.0861, 3.6489], [39.2255, 3.4788], [39.539, 3.4693], [39.8421, 3.8515], [40.7652, 4.273], [41.1403, 3.9629], [41.8841, 3.9776], [41.3419, 3.2016], [40.9646, 2.8146], [40.9787, -0.8703], [41.5219, -1.5722], [41.5327, -1.6953], [41.2674, -1.9451], [40.8897, -2.0237], [40.8984, -2.27], [40.6442, -2.5393], [40.4045, -2.5557], [40.2223, -2.6883], [40.1154, -3.2506], [39.8609, -3.5767], [39.4908, -4.4784], [39.2219, -4.6924], [37.622, -3.5115], [37.6879, -3.2463], [37.644, -3.0455], [33.9032, -1.0019], [33.9432, 0.1738], [34.4817, 1.0422], [34.7985, 1.2445], [34.7834, 1.3811], [34.9782, 1.7737], [34.9058, 2.4798], [34.7424, 2.8181], [34.4479, 3.1635], [34.4378, 3.6506], [34.1649, 3.8129], [33.9759, 4.2203]]], [[[40.9574, -2.1674], [41.0859, -2.0365], [41.1306, -2.053], [41.1183, -2.1002], [40.9574, -2.1674]]], [[[35.763, 4.808], [35.7792, 5.1056], [35.7936, 5.1403], [35.763, 4.808]]], [[[35.3119, 5.3717], [35.2874, 5.384], [35.2647, 5.412], [35.2647, 5.4121], [35.3119, 5.3717]]], [[[35.2683, 5.4923], [35.2683, 5.4922], [35.2647, 5.4128], [35.2683, 5.4923]]]]}}, {"type": "Feature", "properties": {"SOVEREIGNT": "Kazakhstan", "SOV_A3": "KAZ", "mean": 2.912, "GERMAN_NAME": "Kasachstan", "NOTE_DE": null}, "geometry": {"type": "MultiPolygon", "coordinates": [[[[70.9469, 42.2487], [70.5844, 42.0361], [70.4159, 42.0786], [70.0955, 41.8205], [69.1537, 41.4251], [68.5842, 40.8763], [68.5727, 40.6227], [68.415, 40.6196], [68.0478, 40.8093], [68.113, 41.0287], [67.9358, 41.1965], [66.7097, 41.1792], [66.4987, 41.9949], [66.0095, 42.0048], [66.1002, 42.9908], [65.8032, 42.877], [65.4961, 43.3105], [64.9054, 43.7146], [64.4431, 43.5513], [63.2069, 43.628], [61.9901, 43.4921], [61.1606, 44.1686], [61.008, 44.3938], [58.5553, 45.5554], [55.9756, 44.995], [55.9774, 41.3222], [55.4345, 41.2962], [54.8538, 41.9652], [54.1208, 42.3351], [53.056, 42.1477], [52.494, 41.7804], [52.462, 42.1006], [52.6182, 42.4283], [52.5966, 42.7602], [51.8982, 42.8697], [51.616, 43.1583], [51.2956, 43.1741], [51.3017, 43.4824], [50.8308, 44.1928], [50.3311, 44.3255], [50.253, 44.4616], [50.2976, 44.5815], [50.4096, 44.6241], [50.8603, 44.6288], [51.1771, 44.5014], [51.5436, 44.531], [51.3103, 44.6187], [51.0094, 44.9217], [51.4158, 45.3579], [52.4267, 45.4046], [53.2003, 45.332], [52.7737, 45.5728], [53.1352, 46.1917], [53.0639, 46.4753], [53.1701, 46.669], [53.0693, 46.8561], [52.9159, 46.9543], [52.4832, 46.9906], [52.1383, 46.8287], [51.1782, 47.1102], [50.4193, 46.8795], [49.8861, 46.5956], [49.3476, 46.519], [49.362, 46.4102], [49.2857, 46.4368], [49.2324, 46.3371], [48.5412, 46.6055], [48.5585, 46.7572], [48.8835, 46.7055], [48.9595, 46.7747], [48.1671, 47.7088], [47.4821, 47.8039], [47.2923, 47.7409], [47.0933, 47.9476], [47.0648, 48.2325], [46.6609, 48.4121], [46.6091, 48.5739], [46.7027, 48.8056], [47.0313, 49.1503], [46.802, 49.3672], [46.8895, 49.697], [46.9921, 49.8527], [47.2484, 50.0007], [47.3265, 50.2736], [47.5037, 50.4027], [47.7056, 50.3781], [48.3349, 49.8582], [48.759, 49.9284], [48.8432, 50.0131], [48.6251, 50.6127], [48.8083, 50.6013], [49.3235, 50.8517], [49.4981, 51.0836], [50.2469, 51.2895], [50.7941, 51.7291], [51.1634, 51.6473], [51.3445, 51.4753], [51.6091, 51.484], [52.2193, 51.7093], [52.571, 51.4816], [53.3382, 51.4825], [54.1399, 51.0409], [54.4214, 50.7802], [54.4715, 50.5837], [54.5554, 50.5358], [54.65, 50.6601], [54.546, 50.946], [54.6418, 51.0114], [55.6861, 50.5829], [56.0497, 50.7136], [56.144, 50.8446], [56.4914, 51.0194], [57.0116, 51.0652], [57.4422, 50.8889], [57.6539, 50.9251], [57.8389, 51.0918], [58.3591, 51.0638], [58.8836, 50.6945], [59.4524, 50.6204], [59.523, 50.493], [59.8124, 50.582], [60.0587, 50.8502], [60.4248, 50.6792], [60.9421, 50.6955], [61.3896, 50.8609], [61.5851, 51.2297], [61.5548, 51.3247], [61.363, 51.4418], [60.4648, 51.6512], [60.3874, 51.773], [60.0302, 51.9334], [60.9947, 52.3369], [60.7744, 52.6757], [61.0476, 52.9725], [61.9742, 52.9439], [62.0826, 53.0055], [62.0146, 53.1079], [61.66, 53.2285], [61.1992, 53.2872], [61.229, 53.4458], [61.535, 53.5232], [60.9796, 53.6216], [61.2312, 54.0194], [61.9289, 53.9465], [64.4611, 54.3841], [65.0882, 54.3402], [65.2373, 54.5162], [65.477, 54.6233], [66.2226, 54.6674], [68.1558, 54.9766], [68.244, 55.0525], [68.2062, 55.161], [68.9773, 55.3897], [69.4932, 55.3567], [70.1823, 55.1624], [70.7381, 55.305], [70.9102, 55.128], [71.1856, 54.5993], [71.1521, 54.364], [71.0527, 54.2605], [71.0931, 54.2121], [71.3364, 54.1583], [72.0046, 54.2057], [72.186, 54.3256], [72.3873, 54.1231], [72.4467, 53.9419], [72.586, 53.996], [72.6223, 54.1343], [72.9139, 54.1073], [73.23, 53.9578], [73.7124, 54.0423], [73.6789, 53.9295], [73.3056, 53.7074], [73.2858, 53.5984], [73.4068, 53.4475], [73.8589, 53.6197], [74.3514, 53.4876], [74.4519, 53.6473], [74.8342, 53.8257], [75.2201, 53.8938], [75.4372, 54.0896], [76.8372, 54.4422], [76.6547, 54.1453], [76.4218, 54.1515], [76.4848, 54.0226], [77.86, 53.2691], [79.4688, 51.493], [79.9861, 50.7745], [80.4235, 50.9461], [80.448, 51.1834], [80.7353, 51.2934], [81.1273, 51.191], [81.0715, 50.9687], [81.3883, 50.9564], [81.4657, 50.7398], [82.4939, 50.7276], [82.7607, 50.8934], [83.3572, 50.9946], [83.9451, 50.7747], [84.3231, 50.2392], [84.9894, 50.0613], [85.0009, 49.8942], [85.2328, 49.6158], [86.181, 49.4993], [86.6757, 49.7774], [86.7307, 49.6956], [86.6263, 49.5627], [87.0011, 49.2874], [87.2337, 49.2161], [87.3229, 49.0857], [86.8081, 49.0496], [86.7181, 48.6973], [86.5493, 48.5287], [85.7494, 48.385], [85.5258, 47.9157], [85.6565, 47.2546], [85.4848, 47.0635], [85.2335, 47.0364], [84.786, 46.8308], [84.6665, 46.9724], [84.016, 46.9705], [83.0296, 47.1859], [82.3153, 45.5948], [82.3265, 45.5198], [82.6116, 45.4242], [82.5216, 45.1255], [82.2667, 45.2191], [81.9449, 45.1609], [81.6918, 45.3494], [80.0592, 45.0064], [79.872, 44.8837], [80.4815, 44.7147], [80.3551, 44.552], [80.3551, 44.0973], [80.7857, 43.1614], [80.3901, 43.0431], [80.3832, 42.9738], [80.5391, 42.8735], [80.2021, 42.7345], [80.1618, 42.6255], [80.259, 42.2353], [80.2093, 42.19], [79.921, 42.4132], [79.4281, 42.4835], [79.1268, 42.7758], [76.9881, 42.9735], [75.8404, 42.9376], [75.6355, 42.8147], [75.3663, 42.8369], [74.2092, 43.2404], [73.5562, 43.0028], [73.4219, 42.5935], [73.4928, 42.409], [72.2757, 42.7577], [71.7605, 42.8214], [71.2565, 42.7336], [70.8929, 42.34], [70.9469, 42.2487]]], [[[52.6823, 45.4119], [52.5984, 45.4282], [52.5545, 45.474], [52.6596, 45.5181], [52.6823, 45.4119]]], [[[50.3117, 44.9721], [50.2562, 45.0224], [50.3498, 45.0831], [50.3308, 44.9985], [50.3117, 44.9721]]], [[[50.1846, 44.8546], [50.0953, 44.8306], [49.9952, 44.9368], [50.023, 45.0448], [50.1097, 45.0819], [50.0388, 44.9492], [50.1846, 44.8546]]]]}}, {"type": "Feature", "properties": {"SOVEREIGNT": "Jordan", "SOV_A3": "JOR", "mean": 2.115, "GERMAN_NAME": "Jordanien", "NOTE_DE": null}, "geometry": {"type": "Polygon", "coordinates": [[[38.7737, 33.3723], [39.0577, 32.4932], [38.9817, 32.4725], [39.0415, 32.3057], [39.2474, 32.351], [39.2928, 32.2439], [39.1455, 32.1245], [38.9623, 31.995], [36.9585, 31.4915], [37.9802, 30.5], [37.6497, 30.3311], [37.4694, 29.9951], [36.7551, 29.8659], [36.4761, 29.4952], [36.0686, 29.2005], [34.9508, 29.3536], [34.9735, 29.5551], [35.1416, 30.1415], [35.1405, 30.421], [35.4393, 31.1324], [35.4505, 31.4794], [35.5589, 31.7654], [35.5513, 32.3954], [35.6111, 32.682], [35.6114, 32.682], [35.7345, 32.7289], [35.7608, 32.7318], [35.7875, 32.7348], [36.3721, 32.3869], [36.8185, 32.3173], [38.7737, 33.3723]]]}}, {"type": "Feature", "properties": {"SOVEREIGNT": "Japan", "SOV_A3": "JPN", "mean": 1.714, "GERMAN_NAME": "Japan", "NOTE_DE": null}, "geometry": {"type": "MultiPolygon", "coordinates": [[[[143.8243, 44.1171], [144.7153, 43.9279], [145.3694, 44.3275], [145.1264, 43.8694], [145.1397, 43.6625], [145.341, 43.3026], [145.8331, 43.386], [145.5051, 43.1741], [144.9216, 43.0009], [144.1972, 42.9737], [143.9694, 42.8813], [143.4294, 42.4189], [143.2364, 42.0001], [141.8515, 42.5791], [141.4065, 42.547], [140.986, 42.3421], [140.7099, 42.5557], [140.4806, 42.5594], [140.3506, 42.4353], [140.3265, 42.2933], [140.5274, 42.1317], [140.7337, 42.1162], [141.1509, 41.805], [140.9994, 41.7374], [140.6599, 41.8156], [140.27, 41.456], [140.0367, 41.4737], [139.9953, 41.5765], [140.1084, 41.913], [140.0569, 42.0673], [139.8355, 42.278], [139.8603, 42.5817], [140.4324, 42.954], [140.4864, 43.0498], [140.3924, 43.3033], [140.4871, 43.3383], [140.819, 43.2054], [141.1383, 43.1798], [141.3741, 43.2796], [141.3975, 43.6426], [141.6448, 44.0194], [141.7608, 44.4824], [141.7824, 44.7162], [141.5829, 45.156], [141.6679, 45.4013], [141.9375, 45.5094], [142.8847, 44.6701], [143.8243, 44.1171]]], [[[142.1881, 26.6165], [142.1701, 26.6156], [142.1071, 26.7215], [142.1618, 26.7098], [142.1881, 26.6165]]], [[[141.2294, 41.3725], [141.4555, 41.4046], [141.4306, 40.7234], [141.7971, 40.2912], [141.9908, 39.7924], [141.9771, 39.4288], [141.9008, 39.1113], [141.6585, 38.9749], [141.5462, 38.7628], [141.4674, 38.4042], [141.1084, 38.3379], [140.9623, 38.1489], [141.0015, 37.1145], [140.7297, 36.7319], [140.5735, 36.2312], [140.8741, 35.7249], [140.6394, 35.6612], [140.4576, 35.5104], [140.3546, 35.1813], [139.8441, 34.9149], [139.8265, 35.2966], [140.0968, 35.5852], [139.9874, 35.6682], [139.8348, 35.6581], [139.6501, 35.4092], [139.744, 35.2523], [139.6749, 35.1492], [139.4744, 35.2985], [139.2494, 35.278], [139.1342, 35.1548], [139.086, 34.8392], [138.8376, 34.6193], [138.7609, 34.6993], [138.8026, 34.9748], [138.9034, 35.0253], [138.7195, 35.124], [138.5773, 35.0864], [138.1892, 34.5964], [137.5434, 34.6643], [137.0617, 34.5829], [137.2878, 34.7035], [137.2752, 34.7726], [137.0322, 34.766], [136.9634, 34.8349], [136.9443, 34.7216], [136.8712, 34.7332], [136.8972, 35.0355], [136.8043, 35.0503], [136.6902, 34.9842], [136.5328, 34.6785], [136.8802, 34.4336], [136.8536, 34.3241], [136.3298, 34.1769], [135.9162, 33.5616], [135.6955, 33.487], [135.4528, 33.5533], [135.1278, 34.007], [135.1, 34.2883], [135.3092, 34.4168], [135.4158, 34.6176], [135.0417, 34.6311], [134.74, 34.7653], [134.2468, 34.7139], [133.9682, 34.5272], [133.1424, 34.3024], [132.6567, 34.246], [132.4213, 34.3533], [132.3126, 34.325], [132.1466, 33.8388], [131.7405, 34.0521], [131.2326, 33.948], [131.072, 34.0207], [130.919, 33.9757], [130.8891, 34.2618], [131.0043, 34.3925], [131.3542, 34.4131], [132.2596, 35.0223], [132.6978, 35.4184], [132.9231, 35.5113], [133.2673, 35.5566], [133.3764, 35.4589], [133.9812, 35.5073], [135.1742, 35.7471], [135.2653, 35.7218], [135.2322, 35.592], [135.3268, 35.5257], [135.6804, 35.5031], [135.9032, 35.6069], [136.0954, 35.7676], [136.0062, 35.9905], [136.0674, 36.1168], [136.6981, 36.742], [136.7193, 37.1985], [136.8435, 37.3821], [137.3227, 37.522], [137.3374, 37.4375], [136.9, 37.1176], [136.9944, 37.0267], [137.0167, 36.8371], [137.2464, 36.7531], [137.5142, 36.9515], [138.3199, 37.2184], [138.6327, 37.4722], [138.8851, 37.844], [139.3639, 38.0991], [139.5208, 38.5025], [139.802, 38.8817], [140.0648, 39.6244], [139.9946, 39.8551], [139.7415, 39.9208], [139.9078, 40.0217], [140.0112, 40.2603], [139.924, 40.5339], [139.9665, 40.6729], [140.2812, 40.8461], [140.3859, 41.2297], [140.6275, 41.1953], [140.7488, 40.8303], [140.936, 40.9409], [141.1185, 40.8824], [141.2254, 40.9884], [141.2442, 41.2056], [140.8006, 41.1387], [140.8017, 41.2536], [140.9371, 41.5056], [141.2294, 41.3725]]], [[[141.2953, 45.1194], [141.1452, 45.154], [141.1354, 45.2062], [141.2517, 45.2324], [141.2953, 45.1194]]], [[[141.0728, 45.3329], [141.0339, 45.2694], [140.9716, 45.4655], [141.0566, 45.4495], [141.0728, 45.3329]]], [[[139.8412, 33.056], [139.7757, 33.0782], [139.7775, 33.1251], [139.8736, 33.0935], [139.8412, 33.056]]], [[[139.4812, 42.081], [139.4312, 42.1996], [139.5583, 42.2351], [139.505, 42.0963], [139.4812, 42.081]]], [[[139.4564, 34.7266], [139.3923, 34.69], [139.37, 34.7755], [139.4262, 34.7759], [139.4564, 34.7266]]], [[[138.344, 37.8221], [138.2252, 37.8294], [138.3224, 37.9695], [138.25, 38.0785], [138.5035, 38.3159], [138.4534, 38.0757], [138.5751, 38.0656], [138.497, 37.9038], [138.344, 37.8221]]], [[[134.9326, 34.2882], [134.8243, 34.2029], [134.668, 34.2941], [135.0046, 34.5442], [134.9056, 34.3982], [134.9326, 34.2882]]], [[[134.3574, 34.2564], [134.6374, 34.2265], [134.6749, 33.8478], [134.739, 33.8206], [134.3772, 33.6083], [134.1817, 33.2473], [133.9588, 33.4483], [133.632, 33.5109], [133.286, 33.3599], [132.9771, 32.842], [132.8043, 32.7519], [132.642, 32.7624], [132.7089, 32.9026], [132.4951, 32.9167], [132.4278, 33.0593], [132.5113, 33.2931], [132.4051, 33.3313], [132.4126, 33.4304], [132.0325, 33.34], [132.643, 33.6901], [132.7842, 33.9924], [132.935, 34.0953], [133.1931, 33.9332], [133.5819, 34.0172], [133.6435, 34.1347], [133.6028, 34.2439], [133.9484, 34.348], [134.3574, 34.2564]]], [[[134.352, 34.4836], [134.2519, 34.423], [134.182, 34.5192], [134.326, 34.5345], [134.352, 34.4836]]], [[[133.3706, 36.2038], [133.2392, 36.1786], [133.2061, 36.2935], [133.2957, 36.3402], [133.3706, 36.2038]]], [[[132.5786, 34.1151], [132.5494, 34.075], [132.4609, 34.0872], [132.5433, 34.1726], [132.5786, 34.1151]]], [[[132.2661, 33.9452], [132.3147, 33.9086], [132.445, 33.9133], [132.3601, 33.8471], [132.2089, 33.8728], [132.2661, 33.9452]]], [[[131.1746, 33.6026], [131.6962, 33.6028], [131.7106, 33.5023], [131.5375, 33.274], [131.8968, 33.2546], [131.8478, 33.1182], [132.0022, 32.8825], [131.6602, 32.4656], [131.3373, 31.4047], [131.0709, 31.4369], [131.0983, 31.2562], [130.6857, 31.0151], [130.7898, 31.2692], [130.7041, 31.5774], [130.7962, 31.6241], [130.7764, 31.7062], [130.6551, 31.7184], [130.5561, 31.563], [130.5403, 31.403], [130.6447, 31.2675], [130.5889, 31.1786], [130.2008, 31.2919], [130.1472, 31.4086], [130.294, 31.4507], [130.3221, 31.6014], [130.1878, 31.7687], [130.1943, 32.0908], [130.3948, 32.2191], [130.6404, 32.6192], [130.4978, 32.6568], [130.5471, 32.8316], [130.3819, 33.0927], [130.2375, 33.1777], [130.127, 33.1048], [130.1749, 32.8514], [130.3264, 32.8528], [130.3405, 32.7018], [130.0543, 32.7707], [129.7684, 32.5709], [129.8267, 32.7252], [129.6899, 32.8754], [129.6791, 33.06], [129.8282, 32.8927], [129.9916, 32.8516], [129.8969, 33.0224], [129.5801, 33.2362], [129.61, 33.3436], [129.844, 33.3218], [129.8257, 33.437], [130.365, 33.6343], [130.4838, 33.8346], [130.7156, 33.9278], [130.9532, 33.8721], [131.1746, 33.6026]]], [[[130.9597, 30.397], [130.8722, 30.3864], [130.8704, 30.4442], [131.0605, 30.8285], [130.9597, 30.397]]], [[[130.6227, 30.263], [130.4456, 30.2648], [130.388, 30.3882], [130.4971, 30.4656], [130.6436, 30.389], [130.6227, 30.263]]], [[[130.3812, 32.4237], [130.2926, 32.4194], [130.2418, 32.4628], [130.4614, 32.5157], [130.3812, 32.4237]]], [[[130.0824, 32.2297], [129.9603, 32.2438], [130.0096, 32.5216], [130.1677, 32.5412], [130.1994, 32.3406], [130.0824, 32.2297]]], [[[129.7958, 33.7489], [129.6748, 33.7397], [129.7173, 33.8584], [129.7763, 33.8293], [129.7958, 33.7489]]], [[[129.718, 31.6571], [129.7069, 31.7182], [129.7871, 31.7871], [129.7936, 31.7425], [129.718, 31.6571]]], [[[129.4527, 28.2089], [129.3663, 28.1277], [129.1647, 28.2497], [129.6896, 28.5175], [129.7105, 28.4321], [129.4527, 28.2089]]], [[[129.4919, 33.223], [129.3703, 33.176], [129.4621, 33.3313], [129.5701, 33.361], [129.4919, 33.223]]], [[[129.3857, 34.3536], [129.3652, 34.3055], [129.2666, 34.3704], [129.326, 34.6073], [129.4509, 34.6867], [129.4754, 34.5405], [129.3857, 34.3536]]], [[[129.2795, 34.1235], [129.2144, 34.0828], [129.1863, 34.145], [129.2147, 34.3206], [129.3371, 34.2847], [129.2795, 34.1235]]], [[[129.3242, 28.1049], [129.2324, 28.1011], [129.1924, 28.1924], [129.2576, 28.1761], [129.3242, 28.1049]]], [[[129.0769, 32.8403], [128.9973, 32.9519], [129.1096, 33.1326], [129.182, 32.9932], [129.0769, 32.8403]]], [[[128.998, 27.7208], [128.9001, 27.7278], [128.9077, 27.8981], [128.9516, 27.9102], [128.998, 27.7208]]], [[[128.6654, 32.7839], [128.8385, 32.7629], [128.8947, 32.6521], [128.6931, 32.6048], [128.6654, 32.7839]]], [[[128.2589, 26.6527], [127.8673, 26.4424], [127.9047, 26.3282], [127.7902, 26.2551], [127.8035, 26.1525], [127.6531, 26.0947], [127.729, 26.4339], [127.9454, 26.5939], [127.9072, 26.6935], [128.0977, 26.6677], [128.255, 26.882], [128.3317, 26.8122], [128.2589, 26.6527]]], [[[125.4441, 24.7432], [125.2688, 24.7324], [125.2835, 24.8718], [125.3347, 24.8046], [125.4441, 24.7432]]], [[[124.2932, 24.516], [124.2341, 24.358], [124.1359, 24.3476], [124.0847, 24.4358], [124.2104, 24.4587], [124.3018, 24.5872], [124.2932, 24.516]]], [[[123.8885, 24.2801], [123.6808, 24.2881], [123.6797, 24.3178], [123.7715, 24.4145], [123.935, 24.362], [123.8885, 24.2801]]]]}}, {"type": "Feature", "properties": {"SOVEREIGNT": "Jamaica", "SOV_A3": "JAM", "mean": 1.495, "GERMAN_NAME": "Jamaika", "NOTE_DE": null}, "geometry": {"type": "Polygon", "coordinates": [[[-77.2613, 18.4574], [-76.3498, 18.1519], [-76.2108, 17.9134], [-76.5247, 17.8662], [-76.8531, 17.9737], [-76.9441, 17.8487], [-77.1195, 17.8799], [-77.2051, 17.7149], [-77.3614, 17.8336], [-77.7682, 17.8773], [-78.0447, 18.174], [-78.3395, 18.2873], [-78.2167, 18.448], [-77.8733, 18.5221], [-77.2613, 18.4574]]]}}, {"type": "Feature", "properties": {"SOVEREIGNT": "Italy", "SOV_A3": "ITA", "mean": 1.984, "GERMAN_NAME": "Italien", "NOTE_DE": null}, "geometry": {"type": "MultiPolygon", "coordinates": [[[[7.0213, 45.9258], [7.1289, 45.8805], [7.5386, 45.9782], [7.7881, 45.9218], [8.125, 46.161], [8.0959, 46.271], [8.4224, 46.446], [8.4584, 46.2459], [8.8184, 46.0772], [8.7781, 45.9963], [9.0236, 45.8458], [9.0031, 46.015], [9.2511, 46.2868], [9.2601, 46.4751], [9.4275, 46.4822], [9.5287, 46.3063], [9.9394, 46.3618], [10.1284, 46.2382], [10.0384, 46.4831], [10.087, 46.5998], [10.4308, 46.5499], [10.4528, 46.865], [10.9932, 46.7771], [11.2444, 46.9757], [11.7758, 46.9861], [12.1693, 47.0821], [12.1542, 46.9353], [12.3882, 46.7027], [13.7, 46.5203], [13.3782, 46.2616], [13.6327, 46.1771], [13.4804, 46.0093], [13.614, 45.9617], [13.5834, 45.8123], [13.8746, 45.6148], [13.7198, 45.5875], [13.7832, 45.6273], [13.6284, 45.7708], [13.4653, 45.7099], [13.2064, 45.7713], [13.0304, 45.6375], [12.2744, 45.4461], [12.2258, 45.2416], [12.5235, 44.9681], [12.3846, 44.7983], [12.2791, 44.8322], [12.2485, 44.7225], [12.3964, 44.224], [12.6913, 43.9947], [13.5643, 43.5712], [14.0103, 42.6895], [14.5406, 42.2442], [15.1688, 41.934], [16.1646, 41.8962], [16.1512, 41.7585], [15.9136, 41.6209], [15.9003, 41.5121], [17.9548, 40.6552], [18.4606, 40.2211], [18.4858, 40.1048], [18.3436, 39.8214], [18.078, 39.937], [17.8652, 40.2801], [17.3958, 40.3402], [17.1801, 40.5028], [16.9281, 40.458], [16.6696, 40.1373], [16.522, 39.7476], [16.5976, 39.6388], [17.1146, 39.3805], [17.1747, 38.9982], [16.6167, 38.8001], [16.5454, 38.4091], [16.2823, 38.2496], [16.0569, 37.9417], [15.7246, 37.9391], [15.6458, 38.0344], [15.6429, 38.1755], [15.8222, 38.303], [15.9046, 38.4836], [15.8791, 38.6139], [15.9723, 38.7125], [16.197, 38.7592], [16.2099, 38.9412], [16.1073, 39.0239], [16.0238, 39.3536], [15.6926, 39.9903], [15.2944, 40.0701], [14.951, 40.239], [14.9478, 40.4693], [14.7656, 40.6685], [14.3401, 40.5988], [14.4607, 40.7288], [14.3088, 40.8126], [14.0445, 40.8123], [13.7335, 41.2356], [13.0887, 41.2437], [12.6308, 41.4695], [11.8071, 42.0821], [11.6372, 42.2876], [11.2963, 42.4233], [11.1033, 42.4167], [11.1847, 42.4566], [11.1678, 42.5352], [10.7084, 42.9363], [10.5147, 42.9674], [10.5208, 43.2038], [10.3207, 43.5131], [10.1882, 43.9475], [9.2893, 44.3193], [8.7658, 44.4224], [8.552, 44.3462], [8.0051, 43.8767], [7.4932, 43.7672], [7.4821, 43.8649], [7.6772, 44.0832], [7.6372, 44.165], [7.3186, 44.1381], [6.9003, 44.3358], [6.8431, 44.5107], [7.0306, 44.7166], [6.9928, 44.8273], [6.7383, 44.9214], [6.6346, 45.0682], [6.6922, 45.1444], [7.0781, 45.2401], [7.1465, 45.3817], [6.7909, 45.7408], [7.0213, 45.9258]], [[12.4854, 43.9014], [12.5037, 43.9897], [12.3968, 43.9345], [12.4263, 43.8941], [12.4854, 43.9014]], [[12.4393, 41.8984], [12.4386, 41.9062], [12.4274, 41.9007], [12.4306, 41.8976], [12.4393, 41.8984]]], [[[15.5767, 38.2204], [15.2343, 37.7848], [15.0997, 37.4587], [15.2959, 37.0551], [15.1159, 36.8392], [15.1126, 36.6879], [14.5017, 36.7986], [14.2591, 37.0464], [13.8004, 37.1358], [12.9242, 37.5704], [12.6402, 37.5944], [12.4357, 37.8197], [12.5476, 38.0529], [12.7345, 38.1831], [12.9026, 38.0349], [13.291, 38.1914], [13.7889, 37.9811], [14.506, 38.0457], [14.7897, 38.167], [15.1188, 38.1527], [15.4986, 38.2909], [15.6346, 38.2676], [15.5767, 38.2204]]], [[[13.9383, 40.7057], [13.8678, 40.7088], [13.8714, 40.7619], [13.9621, 40.7395], [13.9383, 40.7057]]], [[[12.0512, 36.7569], [11.9407, 36.7804], [11.9364, 36.8286], [12.0242, 36.821], [12.0512, 36.7569]]], [[[10.3952, 42.8581], [10.4193, 42.7131], [10.1097, 42.785], [10.3588, 42.8223], [10.3952, 42.8581]]], [[[9.632, 40.882], [9.8051, 40.4995], [9.6428, 40.2683], [9.7069, 40.017], [9.5625, 39.166], [9.0563, 39.2392], [8.9667, 38.9638], [8.6485, 38.9267], [8.4181, 39.2058], [8.399, 39.4815], [8.5477, 39.8393], [8.408, 39.9174], [8.4713, 40.2926], [8.1898, 40.6517], [8.2244, 40.9133], [8.5718, 40.8503], [9.2284, 41.2571], [9.6154, 41.0172], [9.5539, 40.9322], [9.632, 40.882]]], [[[8.4789, 39.0676], [8.4213, 38.9687], [8.3587, 39.0988], [8.3669, 39.116], [8.4789, 39.0676]]], [[[8.2859, 41.0398], [8.2528, 40.9942], [8.2057, 40.9975], [8.3201, 41.1219], [8.2859, 41.0398]]]]}}, {"type": "Feature", "properties": {"SOVEREIGNT": "Israel", "SOV_A3": "ISR", "mean": 2.017, "GERMAN_NAME": "Israel", "NOTE_DE": null}, "geometry": {"type": "MultiPolygon", "coordinates": [[[[35.7875, 32.7348], [35.7608, 32.7318], [35.7871, 32.7349], [35.8332, 32.8202], [35.7875, 32.7348]]], [[[35.6111, 32.682], [35.5513, 32.3954], [35.1931, 32.5345], [35.0649, 32.4604], [34.9559, 32.161], [34.9537, 31.8413], [35.2035, 31.75], [34.9508, 31.6023], [34.8727, 31.3969], [35.1013, 31.3662], [35.4505, 31.4794], [35.4393, 31.1324], [35.1405, 30.421], [35.1416, 30.1415], [34.9735, 29.5551], [34.9044, 29.4773], [34.2452, 31.2084], [34.5257, 31.5255], [34.4774, 31.5849], [34.6783, 31.8956], [35.1085, 33.0838], [35.4113, 33.0756], [35.5326, 33.2504], [35.6028, 33.2407], [35.6028, 33.2405], [35.5916, 32.7226], [35.6111, 32.682]]]]}}, {"type": "Feature", "properties": {"SOVEREIGNT": "Palestine", "SOV_A3": "PSX", "mean": 1.924, "GERMAN_NAME": "Palästina", "NOTE_DE": null}, "geometry": {"type": "MultiPolygon", "coordinates": [[[[35.5513, 32.3954], [35.5589, 31.7654], [35.4505, 31.4794], [35.1013, 31.3662], [34.8727, 31.3969], [34.9508, 31.6023], [35.2035, 31.75], [34.9537, 31.8413], [34.9559, 32.161], [35.0649, 32.4604], [35.1931, 32.5345], [35.5513, 32.3954]]], [[[34.4774, 31.5849], [34.5257, 31.5255], [34.2452, 31.2084], [34.1981, 31.3226], [34.4774, 31.5849]]]]}}, {"type": "Feature", "properties": {"SOVEREIGNT": "Ireland", "SOV_A3": "IRL", "mean": 1.315, "GERMAN_NAME": "Irland", "NOTE_DE": null}, "geometry": {"type": "MultiPolygon", "coordinates": [[[[-7.2185, 55.0919], [-7.3769, 55.0277], [-7.5505, 54.768], [-7.9105, 54.6984], [-7.7542, 54.595], [-8.1189, 54.477], [-8.1182, 54.4141], [-7.855, 54.2152], [-7.3553, 54.1211], [-7.0076, 54.4067], [-6.6469, 54.1633], [-6.6497, 54.0587], [-6.2181, 54.0887], [-6.1569, 54.0172], [-6.3077, 54.0111], [-6.3477, 53.9413], [-6.1418, 53.5775], [-6.0273, 52.9272], [-6.2174, 52.5431], [-6.4633, 52.3454], [-6.325, 52.2467], [-6.8902, 52.1592], [-6.9658, 52.2496], [-7.0033, 52.1659], [-7.5274, 52.099], [-8.0577, 51.8256], [-8.4091, 51.8888], [-8.3356, 51.793], [-8.408, 51.7121], [-9.2965, 51.4982], [-9.8354, 51.4833], [-9.5251, 51.681], [-9.5798, 51.6892], [-10.1209, 51.6007], [-9.5989, 51.8744], [-10.0842, 51.7709], [-10.3412, 51.7989], [-10.3786, 51.8686], [-9.9095, 52.1229], [-10.3902, 52.1349], [-10.3567, 52.2069], [-10.132, 52.2821], [-9.772, 52.2501], [-9.9059, 52.4037], [-9.6323, 52.5469], [-8.7835, 52.6795], [-8.9901, 52.7554], [-9.1755, 52.6349], [-9.5611, 52.6538], [-9.9167, 52.5697], [-9.4649, 52.8232], [-9.3937, 52.8963], [-9.4621, 52.9473], [-9.2993, 53.0976], [-8.93, 53.2072], [-9.5143, 53.2382], [-9.6259, 53.3344], [-9.8757, 53.3427], [-9.7954, 53.395], [-10.0914, 53.4128], [-10.1169, 53.5484], [-9.7205, 53.6044], [-9.9095, 53.6577], [-9.9016, 53.7273], [-9.5783, 53.8054], [-9.5787, 53.8799], [-9.9142, 53.8638], [-9.8563, 54.0953], [-9.9344, 54.0753], [-9.9772, 54.1871], [-10.0928, 54.1557], [-10.0564, 54.2577], [-9.5621, 54.3084], [-9.146, 54.2097], [-9.0023, 54.2879], [-8.5455, 54.2413], [-8.6233, 54.3468], [-8.2305, 54.5073], [-8.1333, 54.6408], [-8.4566, 54.6094], [-8.764, 54.6812], [-8.3774, 54.8895], [-8.3932, 55.0204], [-8.2748, 55.1462], [-7.7506, 55.1858], [-7.7625, 55.2483], [-7.6671, 55.2564], [-7.5566, 55.1223], [-7.6588, 54.9709], [-7.4785, 55.0469], [-7.5177, 55.2479], [-7.3017, 55.2988], [-7.3658, 55.36], [-6.9615, 55.2379], [-7.2185, 55.0919]]], [[[-9.9481, 53.9132], [-9.9524, 53.8846], [-10.2656, 53.9778], [-9.9963, 54.0036], [-9.9481, 53.9132]]]]}}, {"type": "Feature", "properties": {"SOVEREIGNT": "Iraq", "SOV_A3": "IRQ", "mean": 2.258, "GERMAN_NAME": "Irak", "NOTE_DE": null}, "geometry": {"type": "Polygon", "coordinates": [[[42.3589, 37.1086], [42.7747, 37.3719], [43.6758, 37.2273], [44.1146, 37.3019], [44.2817, 36.9781], [44.606, 37.1761], [44.7651, 37.1426], [44.8807, 36.7993], [45.0193, 36.6984], [45.0531, 36.4716], [45.2411, 36.356], [45.3617, 36.0153], [45.7764, 35.8218], [46.2735, 35.7732], [45.9949, 35.6081], [45.9755, 35.4769], [46.1123, 35.3216], [46.1339, 35.1275], [45.6781, 34.7984], [45.6374, 34.5738], [45.5006, 34.5817], [45.4376, 34.415], [45.5427, 34.2154], [45.3969, 33.9709], [45.7382, 33.6028], [45.8793, 33.6097], [45.8732, 33.492], [46.0197, 33.4157], [46.1457, 33.2296], [46.1126, 32.9578], [46.3772, 32.9293], [47.1213, 32.4666], [47.3712, 32.4237], [47.8298, 31.7944], [47.6793, 31.4006], [47.6793, 31.0023], [48.0105, 30.9898], [48.0149, 30.4656], [48.3309, 30.2854], [48.4346, 30.0376], [48.5466, 29.9623], [48.1416, 30.0409], [47.9789, 29.9827], [47.6437, 30.0973], [47.1483, 30.001], [46.9057, 29.5375], [46.5313, 29.0962], [44.691, 29.2022], [42.0745, 31.0805], [40.3692, 31.939], [39.1455, 32.1245], [39.2928, 32.2439], [39.2474, 32.351], [39.0415, 32.3057], [38.9817, 32.4725], [39.0577, 32.4932], [38.7737, 33.3723], [40.9869, 34.4289], [41.1947, 34.7691], [41.2163, 35.2881], [41.3541, 35.6404], [41.2458, 36.0733], [41.2958, 36.3834], [41.4168, 36.5146], [41.7887, 36.5973], [42.3589, 37.1086]]]}}, {"type": "Feature", "properties": {"SOVEREIGNT": "Iran", "SOV_A3": "IRN", "mean": 2.661, "GERMAN_NAME": "Iran", "NOTE_DE": null}, "geometry": {"type": "MultiPolygon", "coordinates": [[[[61.2622, 35.6196], [61.1891, 35.312], [61.1002, 35.2723], [61.1495, 35.0937], [61.08, 34.8557], [60.9511, 34.6539], [60.7261, 34.5181], [60.8896, 34.3194], [60.6426, 34.3071], [60.4856, 34.0948], [60.5108, 33.6389], [60.9169, 33.5052], [60.5605, 33.1378], [60.562, 33.0588], [60.8294, 32.2495], [60.8208, 31.4952], [61.6603, 31.3825], [61.755, 31.2853], [61.8108, 30.9132], [60.8435, 29.8586], [61.3183, 29.3727], [61.6229, 28.7916], [61.89, 28.5467], [62.353, 28.4146], [62.5646, 28.2351], [62.758, 28.2435], [62.812, 27.497], [62.763, 27.2501], [63.1669, 27.2524], [63.3016, 27.1514], [63.1579, 26.6496], [62.4394, 26.5609], [62.2392, 26.357], [61.8425, 26.2259], [61.7543, 25.8432], [61.6618, 25.7512], [61.588, 25.2024], [61.4123, 25.1021], [60.6638, 25.2823], [60.5105, 25.4371], [60.4003, 25.3116], [59.456, 25.4815], [59.046, 25.4173], [58.798, 25.5546], [58.2029, 25.5916], [57.9365, 25.6915], [57.7961, 25.653], [57.7324, 25.7249], [57.3346, 25.7915], [56.9821, 26.9054], [56.8129, 27.0899], [56.3561, 27.2002], [55.6501, 26.9776], [55.424, 26.7706], [55.2941, 26.786], [54.7591, 26.505], [54.2472, 26.6965], [53.7058, 26.7256], [53.4548, 26.9433], [52.6916, 27.3234], [52.476, 27.6165], [52.0307, 27.8245], [51.589, 27.8642], [51.279, 28.1313], [51.0619, 28.7261], [50.8672, 28.8702], [50.8758, 29.0627], [50.6753, 29.1465], [50.6497, 29.4202], [50.1691, 29.9213], [50.0716, 30.1986], [49.5549, 30.0289], [49.002, 30.3739], [49.1903, 30.3755], [49.2245, 30.4724], [49.002, 30.5066], [49.0373, 30.4505], [48.8911, 30.3278], [48.9192, 30.1209], [48.5466, 29.9623], [48.4346, 30.0376], [48.3309, 30.2854], [48.0149, 30.4656], [48.0105, 30.9898], [47.6793, 31.0023], [47.6793, 31.4006], [47.8298, 31.7944], [47.3712, 32.4237], [47.1213, 32.4666], [46.3772, 32.9293], [46.1126, 32.9578], [46.1457, 33.2296], [46.0197, 33.4157], [45.8732, 33.492], [45.8793, 33.6097], [45.7382, 33.6028], [45.3969, 33.9709], [45.5427, 34.2154], [45.4376, 34.415], [45.5006, 34.5817], [45.6374, 34.5738], [45.6781, 34.7984], [46.1339, 35.1275], [46.1123, 35.3216], [45.9755, 35.4769], [45.9949, 35.6081], [46.2735, 35.7732], [45.7764, 35.8218], [45.3617, 36.0153], [45.2411, 36.356], [45.0531, 36.4716], [45.0193, 36.6984], [44.8807, 36.7993], [44.7651, 37.1426], [44.7943, 37.2905], [44.574, 37.4354], [44.5898, 37.7103], [44.2115, 37.908], [44.4498, 38.3343], [44.2986, 38.3864], [44.2716, 38.8359], [44.1708, 38.9345], [44.178, 39.1448], [44.0232, 39.3774], [44.3893, 39.422], [44.4559, 39.6667], [44.5869, 39.7686], [44.8173, 39.6504], [45.1413, 39.2544], [45.4797, 39.0063], [46.1144, 38.8779], [46.4906, 38.9067], [46.5489, 38.9046], [46.5547, 38.9044], [46.5633, 38.9114], [46.8503, 39.1466], [46.9561, 39.1726], [46.9889, 39.1802], [47.0655, 39.253], [47.1858, 39.339], [47.1883, 39.341], [47.3222, 39.4144], [47.3219, 39.4147], [47.9958, 39.6839], [48.3223, 39.3991], [48.1045, 39.2412], [48.2921, 39.0188], [47.9965, 38.8536], [48.5927, 38.4112], [48.8688, 38.4355], [48.9249, 38.0153], [49.0808, 37.6676], [49.3724, 37.5199], [50.1306, 37.4071], [50.5331, 37.0136], [51.1184, 36.7425], [51.7621, 36.6144], [52.1902, 36.6217], [53.7677, 36.9303], [53.9153, 36.9303], [53.6795, 36.8531], [53.97, 36.8182], [54.024, 36.9013], [53.9142, 37.3436], [54.1918, 37.3325], [54.6994, 37.4701], [54.9002, 37.7778], [55.3808, 38.0512], [56.2722, 38.0805], [56.4407, 38.2494], [57.1934, 38.2164], [57.3536, 37.9733], [57.9804, 37.8304], [58.2616, 37.6657], [58.8156, 37.6834], [59.3016, 37.5107], [59.455, 37.2528], [60.0626, 36.9628], [60.3413, 36.6377], [61.1196, 36.6426], [61.2121, 36.1904], [61.1531, 35.9768], [61.2521, 35.8676], [61.2622, 35.6196]]], [[[56.0951, 26.8013], [55.9543, 26.701], [55.8478, 26.7308], [55.4237, 26.583], [55.2952, 26.6392], [55.7624, 26.8121], [55.7578, 26.9476], [55.9072, 26.9098], [56.2139, 27.0033], [56.2794, 26.9521], [56.0951, 26.8013]]]]}}, {"type": "Feature", "properties": {"SOVEREIGNT": "Indonesia", "SOV_A3": "IDN", "mean": 1.066, "GERMAN_NAME": "Indonesien", "NOTE_DE": null}, "geometry": {"type": "MultiPolygon", "coordinates": [[[[140.9734, -2.6096], [140.9749, -6.3461], [140.8622, -6.7401], [140.9752, -6.9053], [140.9763, -9.1188], [140.0029, -8.1956], [140.117, -7.9236], [139.9348, -8.1012], [139.3855, -8.1892], [139.2487, -7.9823], [139.1929, -8.0863], [138.8905, -8.2378], [138.8563, -8.1451], [139.0881, -7.5873], [138.7479, -7.2516], [138.8649, -7.2014], [139.0626, -7.2271], [139.1767, -7.1905], [138.8458, -7.1364], [138.6014, -6.9364], [138.8646, -6.8583], [138.4387, -6.3435], [138.2961, -5.949], [138.3746, -5.8436], [138.1996, -5.807], [138.3397, -5.6756], [138.087, -5.7091], [138.0607, -5.4653], [137.2798, -4.9455], [137.196, -4.9904], [136.6189, -4.8188], [135.9795, -4.531], [135.1954, -4.4506], [134.7541, -4.1953], [134.6796, -4.079], [134.7066, -3.9548], [134.8866, -3.9384], [134.2663, -3.9459], [134.1471, -3.7968], [133.974, -3.818], [133.6784, -3.4794], [133.6971, -3.2482], [133.8415, -3.0548], [133.7004, -3.0875], [133.6532, -3.3643], [133.5182, -3.4118], [133.4008, -3.899], [133.2486, -4.0624], [132.9145, -4.057], [132.7539, -3.7036], [132.8698, -3.5509], [132.7514, -3.2947], [132.3482, -2.9752], [132.0541, -2.9146], [131.9713, -2.7886], [132.2308, -2.6803], [132.7251, -2.7891], [133.0336, -2.4874], [133.191, -2.4378], [133.7, -2.6246], [133.7533, -2.4506], [133.9048, -2.3909], [133.8991, -2.3045], [133.7911, -2.2937], [133.9218, -2.1021], [132.9627, -2.2726], [132.3075, -2.2424], [132.0235, -1.9904], [131.9302, -1.5596], [131.2938, -1.3935], [130.996, -1.4247], [131.1908, -1.1659], [131.2574, -0.8554], [131.8042, -0.7037], [132.1286, -0.4541], [132.3939, -0.3556], [132.8565, -0.4173], [133.4728, -0.7261], [133.9747, -0.7443], [134.1115, -0.8467], [134.0719, -1.0017], [134.2594, -1.3631], [134.1057, -1.721], [134.195, -2.309], [134.46, -2.8325], [134.4834, -2.5829], [134.6274, -2.5367], [134.7022, -2.9337], [134.8434, -2.9092], [134.8869, -3.2098], [135.0374, -3.333], [135.2516, -3.3685], [135.4867, -3.345], [135.8593, -2.9953], [136.013, -2.7343], [136.2434, -2.5831], [136.3899, -2.2734], [137.0721, -2.1051], [137.1711, -2.0256], [137.1236, -1.8409], [137.8062, -1.4832], [138.6496, -1.7911], [139.7894, -2.3482], [140.6224, -2.4458], [140.7474, -2.607], [140.9734, -2.6096]]], [[[138.5355, -8.2737], [138.2961, -8.4051], [137.6503, -8.3862], [137.8324, -7.9321], [138.0819, -7.5663], [138.2954, -7.4385], [138.7699, -7.3905], [138.9891, -7.6961], [138.7861, -8.0592], [138.5355, -8.2737]]], [[[138.8952, -8.3886], [138.5942, -8.3714], [138.5632, -8.3091], [138.7962, -8.1737], [138.8952, -8.3886]]], [[[135.4741, -1.5919], [136.2016, -1.655], [136.8925, -1.7996], [136.2283, -1.8935], [135.4878, -1.6684], [135.4741, -1.5919]]], [[[135.383, -0.6513], [135.8935, -0.7258], [136.3752, -1.0941], [136.1649, -1.2149], [135.9151, -1.1784], [135.747, -0.823], [135.6458, -0.8818], [135.4316, -0.7688], [135.383, -0.6513]]], [[[134.9654, -1.1161], [134.8617, -1.1142], [134.8279, -0.9787], [134.8894, -0.9384], [134.9964, -1.034], [134.9654, -1.1161]]], [[[134.8196, -6.4343], [134.7955, -6.3932], [134.8858, -6.3236], [134.8196, -6.4343]]], [[[134.7469, -5.7071], [134.7141, -6.2953], [134.6374, -6.3654], [134.4412, -6.335], [134.155, -6.0629], [134.3019, -6.0097], [134.343, -5.8331], [134.2054, -5.7072], [134.3412, -5.713], [134.5708, -5.4274], [134.7469, -5.7071]]], [[[134.6745, -6.7498], [134.6292, -6.7129], [134.7357, -6.6233], [134.726, -6.6686], [134.6745, -6.7498]]], [[[134.7163, -6.5494], [134.6608, -6.5589], [134.6338, -6.4773], [134.6792, -6.4562], [134.7163, -6.5494]]], [[[134.537, -6.4423], [134.3228, -6.8488], [134.2, -6.9088], [134.091, -6.8338], [134.1072, -6.4716], [134.1946, -6.4598], [134.1244, -6.4265], [134.1147, -6.1908], [134.537, -6.4423]]], [[[134.3743, -2.1237], [134.335, -2.0952], [134.3696, -2.0277], [134.4189, -2.0518], [134.3743, -2.1237]]], [[[133.5708, -4.2458], [133.6219, -4.2993], [133.3209, -4.111], [133.4642, -4.1998], [133.5708, -4.2458]]], [[[132.9264, -5.902], [132.845, -5.9879], [133.1384, -5.3178], [133.1197, -5.576], [132.9264, -5.902]]], [[[132.8072, -5.8508], [132.7464, -5.9471], [132.6816, -5.9126], [132.6301, -5.6071], [132.7377, -5.6618], [132.8072, -5.8508]]], [[[131.9821, -7.2021], [131.9695, -7.2514], [131.751, -7.1167], [131.9223, -7.1044], [131.9821, -7.2021]]], [[[131.3254, -7.9997], [131.1138, -7.9974], [131.1379, -7.6848], [131.2599, -7.4705], [131.6433, -7.1127], [131.7362, -7.1971], [131.6437, -7.2669], [131.6912, -7.4389], [131.6246, -7.6262], [131.3254, -7.9997]]], [[[130.8132, -0.0041], [131.2768, -0.1497], [131.3398, -0.2905], [131.2178, -0.3741], [131.0054, -0.3608], [130.622, -0.0858], [130.7613, -0.2915], [130.8992, -0.3444], [130.8963, -0.4161], [130.7502, -0.4439], [130.6886, -0.2967], [130.5507, -0.3665], [130.4964, -0.2674], [130.2368, -0.2098], [130.3624, -0.0728], [130.8132, -0.0041]]], [[[130.8621, -8.3188], [130.7754, -8.3499], [131.0202, -8.0913], [131.1764, -8.1309], [130.8621, -8.3188]]], [[[131.0018, -1.3155], [130.7822, -1.2555], [130.6731, -0.9597], [131.0331, -0.9176], [131.0018, -1.3155]]], [[[130.9053, -0.7775], [130.8326, -0.8629], [130.4024, -0.9238], [130.4841, -0.8325], [130.9053, -0.7775]]], [[[129.7547, -2.8658], [129.9844, -2.9767], [130.379, -2.9894], [130.5698, -3.1308], [130.671, -3.3915], [130.7736, -3.4188], [130.86, -3.5703], [130.8052, -3.8577], [129.844, -3.3271], [129.5117, -3.3285], [129.4678, -3.4532], [128.9674, -3.3261], [128.9577, -3.2411], [128.8627, -3.235], [128.6391, -3.4334], [128.5167, -3.4492], [128.1319, -3.1574], [127.9022, -3.4962], [127.8781, -3.2221], [128.1985, -2.866], [128.9912, -2.8287], [129.1165, -2.9371], [129.484, -2.7858], [129.7547, -2.8658]]], [[[130.6267, -0.5288], [130.5691, -0.53], [130.4654, -0.4866], [130.6159, -0.4173], [130.6843, -0.4692], [130.6267, -0.5288]]], [[[130.3534, -1.6904], [130.419, -1.9714], [130.248, -2.0478], [129.8865, -1.9865], [129.7378, -1.8668], [130.3534, -1.6904]]], [[[129.839, -7.9545], [129.7133, -8.0408], [129.592, -7.9174], [129.6089, -7.8034], [129.8131, -7.8197], [129.839, -7.9545]]], [[[129.5488, -0.187], [129.3703, -0.0664], [129.3087, 0.0454], [129.542, -0.1391], [129.5488, -0.187]]], [[[127.7326, 0.8483], [127.8809, 0.8321], [127.9673, 1.0427], [128.1607, 1.1577], [128.2226, 1.4006], [128.6884, 1.5726], [128.7025, 1.1064], [128.2989, 0.8769], [128.2607, 0.7339], [128.6114, 0.5499], [128.6917, 0.3604], [128.8997, 0.2163], [127.9832, 0.4718], [127.8874, 0.2983], [127.9778, -0.2485], [128.4256, -0.8926], [128.0465, -0.706], [127.6916, -0.242], [127.7089, 0.288], [127.5371, 0.6108], [127.6081, 0.8483], [127.4284, 1.14], [127.6318, 1.8437], [128.0365, 2.199], [127.8867, 1.8329], [128.0109, 1.7014], [128.0116, 1.3317], [127.6527, 1.0139], [127.6343, 0.9361], [127.7326, 0.8483]]], [[[128.7226, -3.5469], [128.6197, -3.5885], [128.5851, -3.5122], [128.5948, -3.4948], [128.7226, -3.5469]]], [[[128.4541, 2.0518], [128.296, 2.0348], [128.2179, 2.2974], [128.3302, 2.4694], [128.602, 2.5976], [128.6884, 2.4737], [128.6233, 2.2243], [128.4541, 2.0518]]], [[[128.6701, -7.1834], [128.6251, -7.2087], [128.5297, -7.1346], [128.6276, -7.0687], [128.6701, -7.1834]]], [[[128.5624, -3.5854], [128.3914, -3.6378], [128.4515, -3.5148], [128.5624, -3.5854]]], [[[128.2755, -3.6746], [127.9781, -3.7711], [127.9249, -3.6994], [128.0163, -3.6009], [128.3291, -3.5158], [128.2755, -3.6746]]], [[[128.1531, -1.6606], [127.5616, -1.7284], [127.3949, -1.5898], [127.4569, -1.4537], [127.6466, -1.3324], [127.9051, -1.4391], [128.1531, -1.6606]]], [[[127.8233, -8.0989], [128.0987, -8.1349], [128.1193, -8.1708], [128.0235, -8.2553], [127.8208, -8.1902], [127.8233, -8.0989]]], [[[127.9879, -2.9366], [127.9378, -3.0201], [127.8341, -3.0045], [127.9385, -2.9524], [127.9879, -2.9366]]], [[[127.567, -0.3189], [127.6826, -0.4684], [127.6048, -0.6102], [127.8802, -0.8087], [127.7611, -0.8837], [127.6239, -0.766], [127.4626, -0.806], [127.4687, -0.643], [127.2999, -0.5003], [127.3251, -0.3359], [127.4551, -0.4064], [127.567, -0.3189]]], [[[127.6063, -3.3152], [127.6293, -3.3591], [127.4878, -3.2881], [127.5544, -3.2542], [127.6063, -3.3152]]], [[[127.4194, -7.623], [127.3553, -7.6465], [127.3708, -7.5128], [127.4752, -7.531], [127.4194, -7.623]]], [[[127.4533, -0.0058], [127.3967, 0.0166], [127.4313, 0.1426], [127.4493, 0.069], [127.4533, -0.0058]]], [[[127.4198, 0.6421], [127.3737, 0.6348], [127.3827, 0.7436], [127.4425, 0.7336], [127.4198, 0.6421]]], [[[127.3726, 0.7914], [127.306, 0.7695], [127.2927, 0.8426], [127.3539, 0.8476], [127.3726, 0.7914]]], [[[127.3003, -0.781], [127.1563, -0.7608], [127.2092, -0.6194], [127.2581, -0.6234], [127.3003, -0.781]]], [[[127.2499, -0.4953], [127.1192, -0.5204], [127.1264, -0.2787], [127.2902, -0.2844], [127.2499, -0.4953]]], [[[126.8611, -3.088], [127.2272, -3.391], [127.2297, -3.633], [126.6865, -3.8237], [126.2145, -3.605], [126.0565, -3.4209], [126.0266, -3.1706], [126.0881, -3.1055], [126.8611, -3.088]]], [[[126.8164, 4.0334], [126.7045, 4.0708], [126.8135, 4.2586], [126.7221, 4.3442], [126.7574, 4.548], [126.865, 4.4799], [126.9212, 4.2911], [126.8164, 4.0334]]], [[[126.8517, 3.7685], [126.7995, 3.7839], [126.779, 3.8431], [126.8571, 3.8124], [126.8517, 3.7685]]], [[[126.8009, -7.6678], [126.8128, -7.7379], [126.5774, -7.8075], [126.4719, -7.9504], [126.0399, -7.8858], [125.7983, -7.9846], [125.9755, -7.6633], [126.2138, -7.7067], [126.6094, -7.5718], [126.8009, -7.6678]]], [[[126.7192, 3.8745], [126.7217, 3.8325], [126.6375, 4.0419], [126.7397, 3.9178], [126.7192, 3.8745]]], [[[126.0241, -1.7897], [126.3319, -1.8229], [125.479, -1.9402], [125.3872, -1.843], [126.0241, -1.7897]]], [[[126.055, -2.4512], [125.978, -2.4154], [125.8628, -2.0771], [125.9229, -1.9749], [125.9927, -2.0119], [126.055, -2.4512]]], [[[125.6579, 3.4361], [125.5114, 3.4611], [125.4689, 3.7333], [125.5435, 3.6704], [125.6579, 3.4361]]], [[[125.4074, 2.6516], [125.3602, 2.7469], [125.3908, 2.8054], [125.4466, 2.763], [125.4074, 2.6516]]], [[[124.9696, -1.7054], [125.1878, -1.7128], [125.3141, -1.877], [125.0067, -1.9431], [124.8346, -1.8944], [124.4177, -2.0053], [124.3295, -1.8588], [124.4177, -1.6592], [124.9696, -1.7054]]], [[[124.889, 0.9953], [124.4275, 0.4706], [123.7539, 0.3055], [123.2654, 0.3266], [122.9968, 0.4935], [121.0129, 0.4416], [120.5791, 0.5282], [120.349, 0.4493], [120.1924, 0.2686], [120.0131, -0.1962], [120.0628, -0.5555], [120.2407, -0.8683], [120.5175, -1.0394], [120.6673, -1.3702], [121.0337, -1.4065], [121.1486, -1.3395], [121.5755, -0.8285], [121.7375, -0.9255], [121.9697, -0.9332], [122.2801, -0.757], [122.8888, -0.7551], [122.8294, -0.6589], [123.1714, -0.5708], [123.3799, -0.6485], [123.4342, -0.7782], [123.3781, -1.004], [123.2258, -1.0017], [123.0494, -0.8723], [122.9029, -0.9009], [122.2505, -1.5552], [121.8585, -1.6932], [121.6511, -1.8952], [121.3556, -1.8781], [121.5748, -2.1509], [121.7696, -2.241], [122.0828, -2.7494], [122.2916, -2.9076], [122.3989, -3.201], [122.3171, -3.2751], [122.2531, -3.6203], [122.5785, -3.8824], [122.6897, -4.0844], [122.8478, -4.0646], [122.8723, -4.392], [122.7196, -4.3408], [122.7218, -4.4107], [122.1141, -4.5404], [122.0381, -4.8325], [121.5885, -4.7596], [121.4866, -4.5811], [121.618, -4.0927], [121.3127, -3.9195], [120.8919, -3.5205], [121.0543, -3.1671], [121.0521, -2.7516], [120.8793, -2.6456], [120.6536, -2.6674], [120.2612, -2.9493], [120.4365, -3.7074], [120.3623, -4.0858], [120.4199, -4.6174], [120.2792, -5.1461], [120.4304, -5.5911], [119.9516, -5.5777], [119.7172, -5.6933], [119.5574, -5.6111], [119.3605, -5.3141], [119.5941, -4.5232], [119.6236, -4.0344], [119.48, -3.7298], [119.4674, -3.5129], [119.3623, -3.4589], [118.9947, -3.5375], [118.8676, -3.398], [118.7834, -2.7207], [119.0923, -2.4829], [119.1722, -2.1401], [119.3219, -1.9298], [119.309, -1.4082], [119.5081, -0.9066], [119.7115, -0.6808], [119.8443, -0.8618], [119.7219, -0.0884], [119.8655, 0.0402], [119.8094, 0.2387], [119.9134, 0.4451], [120.2695, 0.9708], [120.416, 0.8488], [120.6025, 0.8545], [120.8681, 1.2529], [121.0816, 1.3277], [121.4042, 1.2437], [121.5917, 1.068], [122.4367, 1.018], [122.8384, 0.8457], [123.0667, 0.9418], [123.9307, 0.8505], [124.5337, 1.2305], [124.6003, 1.3924], [124.7878, 1.4676], [124.9469, 1.6722], [125.1111, 1.6857], [125.2339, 1.5023], [124.889, 0.9953]]], [[[124.9221, -8.9426], [124.9369, -9.0535], [125.1489, -9.0426], [125.1007, -9.1898], [124.9603, -9.2137], [125.0683, -9.5119], [124.4275, -10.1486], [123.7474, -10.3471], [123.6049, -10.2701], [123.7165, -10.0786], [123.5894, -9.9668], [123.7093, -9.6148], [124.0365, -9.3417], [124.0901, -9.4165], [124.2824, -9.4279], [124.4444, -9.1903], [124.9221, -8.9426]]], [[[124.5754, -8.1409], [124.5995, -8.2019], [125.0503, -8.1796], [125.1248, -8.2048], [125.1316, -8.3265], [124.3807, -8.4152], [124.4307, -8.1833], [124.5754, -8.1409]]], [[[124.2867, -8.3294], [124.1467, -8.5315], [123.9278, -8.4488], [124.2395, -8.2034], [124.3043, -8.2288], [124.2867, -8.3294]]], [[[124.0513, -5.9736], [124.0423, -6.0216], [123.9757, -5.8801], [124.0228, -5.9021], [124.0513, -5.9736]]], [[[123.9249, -8.2725], [123.7838, -8.2996], [123.553, -8.5667], [123.2301, -8.5306], [123.476, -8.3223], [123.3914, -8.2805], [123.6005, -8.2914], [123.7759, -8.1904], [123.9249, -8.2725]]], [[[123.8482, -1.9555], [123.8036, -1.9943], [123.7834, -1.8782], [123.8482, -1.9555]]], [[[123.6268, -5.2716], [123.6229, -5.3729], [123.5825, -5.3672], [123.5429, -5.2711], [123.6268, -5.2716]]], [[[123.5977, -1.7043], [123.4825, -1.6814], [123.5285, -1.5028], [123.6164, -1.6274], [123.5977, -1.7043]]], [[[123.2125, -1.1713], [123.2377, -1.3893], [123.4349, -1.2369], [123.5473, -1.3374], [123.512, -1.4474], [123.3669, -1.5072], [123.2747, -1.4372], [123.1729, -1.616], [123.1505, -1.3046], [122.8903, -1.5872], [122.8107, -1.4322], [122.9079, -1.1822], [123.2125, -1.1713]]], [[[123.4162, -10.3027], [123.3259, -10.3374], [123.3255, -10.2642], [123.4587, -10.1399], [123.4969, -10.1939], [123.4051, -10.2272], [123.4162, -10.3027]]], [[[122.9489, -10.9093], [122.8262, -10.8992], [122.8456, -10.7619], [123.3712, -10.4749], [123.418, -10.6514], [122.9489, -10.9093]]], [[[123.3176, -8.3548], [123.2974, -8.3987], [123.0249, -8.3956], [123.2171, -8.2355], [123.3359, -8.269], [123.3176, -8.3548]]], [[[123.2423, -4.113], [123.076, -4.2271], [122.9691, -4.0299], [123.2117, -3.9976], [123.2423, -4.113]]], [[[123.1797, -4.5513], [123.1955, -4.8227], [123.1192, -4.7235], [123.0551, -4.7483], [122.9716, -5.1385], [123.1498, -5.224], [123.1873, -5.3329], [122.9687, -5.4059], [122.8121, -5.6713], [122.6451, -5.6635], [122.5864, -5.4889], [122.7664, -5.2101], [122.8532, -4.6185], [122.9468, -4.4426], [123.0746, -4.3869], [123.1797, -4.5513]]], [[[122.9774, -8.5452], [122.8877, -8.5873], [123.0105, -8.4483], [123.1531, -8.4757], [122.9774, -8.5452]]], [[[123.1527, -1.8164], [123.0789, -1.8989], [123.1066, -1.7866], [123.1527, -1.8164]]], [[[122.783, -8.6116], [121.6515, -8.8987], [121.5845, -8.8204], [121.4146, -8.8147], [121.3282, -8.9169], [121.0352, -8.9355], [120.5506, -8.8017], [120.1208, -8.7769], [119.9095, -8.8576], [119.8079, -8.6976], [119.8749, -8.4199], [120.6104, -8.2404], [121.4445, -8.5778], [121.9665, -8.4551], [122.3233, -8.6283], [122.8507, -8.3044], [122.9191, -8.222], [122.7585, -8.1861], [122.9169, -8.1057], [123.0058, -8.3291], [122.8111, -8.4811], [122.8467, -8.5622], [122.783, -8.6116]]], [[[122.6451, -5.2693], [122.5637, -5.3875], [122.3071, -5.3809], [122.2829, -5.3195], [122.3963, -5.0697], [122.369, -4.7672], [122.702, -4.6186], [122.7599, -4.9338], [122.6141, -5.1386], [122.6451, -5.2693]]], [[[122.0428, -5.438], [121.9795, -5.4648], [121.8085, -5.2561], [121.9136, -5.0722], [122.041, -5.1588], [122.0428, -5.438]]], [[[121.883, -10.5903], [121.7048, -10.5556], [121.8671, -10.4388], [121.9982, -10.4469], [121.883, -10.5903]]], [[[121.8643, -0.4069], [121.8812, -0.5027], [121.6551, -0.5262], [121.7494, -0.4071], [121.8643, -0.4069]]], [[[120.0124, -9.3746], [120.2212, -9.5064], [120.2911, -9.6478], [120.5557, -9.719], [120.7846, -9.9571], [120.8041, -10.1085], [120.439, -10.294], [120.2554, -10.2423], [119.6009, -9.7737], [119.0854, -9.7068], [118.9587, -9.5192], [119.296, -9.3672], [119.795, -9.3805], [119.9422, -9.3014], [120.0124, -9.3746]]], [[[120.7745, -7.1188], [120.641, -7.1157], [120.6334, -7.0182], [120.7817, -7.0629], [120.7745, -7.1188]]], [[[120.5283, -6.2986], [120.4873, -6.4648], [120.4772, -5.7753], [120.5492, -5.9691], [120.5283, -6.2986]]], [[[119.4641, -8.741], [119.3857, -8.7359], [119.4465, -8.4292], [119.5574, -8.5188], [119.4641, -8.741]]], [[[119.0739, -8.2388], [119.021, -8.2], [119.0977, -8.1392], [119.1347, -8.1972], [119.0739, -8.2388]]], [[[118.2423, -8.3178], [118.612, -8.2807], [118.7139, -8.415], [118.7942, -8.3058], [118.9263, -8.2977], [119.1297, -8.6681], [119.0062, -8.7495], [118.7459, -8.7354], [118.8327, -8.8333], [118.4785, -8.8564], [118.3978, -8.8133], [118.3787, -8.6745], [118.1901, -8.8404], [117.0615, -9.099], [116.7886, -9.0063], [116.8351, -8.5323], [117.1648, -8.3673], [117.5669, -8.4263], [117.806, -8.7111], [117.9694, -8.7279], [118.2347, -8.5919], [117.815, -8.3421], [117.7552, -8.1496], [118.1174, -8.1224], [118.2423, -8.3178]]], [[[109.6289, 2.0275], [109.5389, 1.8963], [109.6541, 1.6149], [110.5059, 0.862], [111.1013, 1.0505], [111.8091, 1.0116], [112.0784, 1.1433], [112.1857, 1.4389], [112.4762, 1.5592], [112.9431, 1.567], [113.0065, 1.4339], [113.6224, 1.2359], [113.9025, 1.4342], [114.3871, 1.5], [114.5123, 1.4519], [114.8306, 1.9801], [114.7863, 2.2505], [115.1791, 2.5232], [115.0808, 2.6343], [115.1175, 2.895], [115.2471, 3.0258], [115.4545, 3.0343], [115.5661, 3.4458], [115.5686, 3.9388], [115.6787, 4.193], [115.8609, 4.348], [116.0215, 4.2908], [116.5147, 4.3708], [117.1007, 4.3371], [117.5745, 4.1706], [117.4654, 4.0761], [117.7772, 3.6892], [117.6299, 3.6364], [117.5097, 3.7303], [117.4503, 3.6286], [117.0561, 3.6227], [117.3463, 3.4268], [117.3524, 3.1937], [117.6105, 3.0643], [117.6379, 2.9508], [117.5691, 2.9293], [117.6976, 2.8873], [117.6389, 2.8254], [117.7858, 2.7467], [118.0666, 2.3177], [118.0418, 2.2154], [117.7894, 2.0268], [118.0803, 1.7019], [118.985, 0.9821], [118.8925, 0.887], [118.5346, 0.8136], [118.1962, 0.8745], [117.9115, 1.0987], [117.9644, 0.8896], [117.7451, 0.7297], [117.5223, 0.236], [117.4629, -0.3238], [117.5626, -0.7709], [117.2408, -0.9255], [116.9139, -1.2237], [116.7969, -1.1838], [116.74, -1.0441], [116.7533, -1.3273], [116.2756, -1.7849], [116.4243, -1.7849], [116.452, -1.9232], [116.3141, -2.14], [116.528, -2.208], [116.5654, -2.2996], [116.5294, -2.5105], [116.3167, -2.5518], [116.3073, -2.6032], [116.3753, -2.578], [116.3307, -2.9023], [116.2259, -2.9771], [116.1662, -2.9345], [116.2573, -3.1263], [115.9563, -3.595], [114.6934, -4.1696], [114.6254, -4.1117], [114.5257, -3.3766], [114.4461, -3.4818], [114.3442, -3.4445], [114.3442, -3.2352], [114.2362, -3.3612], [114.0821, -3.2789], [113.9587, -3.3943], [113.7052, -3.4552], [113.6336, -3.4198], [113.6102, -3.1958], [113.3431, -3.2464], [113.0338, -2.9335], [112.9715, -3.1871], [112.7581, -3.3221], [112.6004, -3.4004], [112.285, -3.3209], [111.8581, -3.5517], [111.8231, -3.0573], [111.6946, -2.8896], [111.6255, -2.9755], [111.3677, -2.9337], [110.93, -3.0711], [110.8295, -2.9951], [110.8994, -2.9087], [110.7032, -3.021], [110.5739, -2.8915], [110.2561, -2.9661], [110.0966, -2.0015], [109.9598, -1.8628], [110.0361, -1.5257], [109.9832, -1.2749], [109.7873, -1.0113], [109.2588, -0.8073], [109.3726, -0.6381], [109.121, -0.391], [109.2574, 0.0311], [108.9446, 0.3557], [108.9168, 0.9127], [108.9586, 1.1347], [109.1314, 1.2539], [109.0101, 1.2397], [109.076, 1.4959], [109.3784, 1.9226], [109.6289, 2.0275]]], [[[117.649, 4.1691], [117.8848, 4.1863], [117.923, 4.0542], [117.7369, 4.004], [117.649, 4.1691]]], [[[117.6584, 3.2804], [117.5605, 3.3283], [117.5479, 3.432], [117.6807, 3.4077], [117.6584, 3.2804]]], [[[117.5565, -8.3673], [117.4903, -8.3487], [117.4906, -8.1835], [117.6652, -8.1482], [117.5565, -8.3673]]], [[[116.6407, -8.6139], [116.5143, -8.821], [116.5867, -8.8862], [116.2393, -8.9123], [115.8573, -8.7878], [116.0765, -8.7448], [116.0611, -8.4374], [116.4016, -8.2043], [116.7188, -8.336], [116.6407, -8.6139]]], [[[116.4243, -3.4644], [116.3879, -3.6366], [116.3267, -3.5391], [116.4268, -3.3999], [116.4243, -3.4644]]], [[[116.3033, -3.8681], [116.0935, -4.054], [116.0589, -4.007], [116.0636, -3.4578], [116.2699, -3.2511], [116.3033, -3.8681]]], [[[115.448, -8.1552], [115.7043, -8.4072], [115.3339, -8.6156], [115.1449, -8.8489], [115.0552, -8.5729], [114.6131, -8.3784], [114.4677, -8.1663], [114.5044, -8.1166], [114.9386, -8.1871], [115.1539, -8.0658], [115.448, -8.1552]]], [[[115.61, -8.7698], [115.5819, -8.8041], [115.4804, -8.7154], [115.5614, -8.6698], [115.61, -8.7698]]], [[[115.3771, -6.9708], [115.2205, -6.9525], [115.2406, -6.8613], [115.4145, -6.8397], [115.5463, -6.9387], [115.3771, -6.9708]]], [[[107.3739, -6.0075], [107.6669, -6.2158], [108.2951, -6.2651], [108.5158, -6.4713], [108.6778, -6.7904], [109.2941, -6.867], [109.5004, -6.8101], [110.4263, -6.9472], [110.8349, -6.4242], [110.9721, -6.4357], [111.1816, -6.6866], [111.5402, -6.6483], [112.0874, -6.8934], [112.5392, -6.9263], [112.6486, -7.2214], [112.7944, -7.3045], [112.7944, -7.5524], [113.0137, -7.6577], [113.4975, -7.7239], [114.0706, -7.6329], [114.4094, -7.7924], [114.3871, -8.4051], [114.5951, -8.6847], [114.5836, -8.7696], [113.2534, -8.2867], [112.6789, -8.4091], [111.5099, -8.3051], [110.6071, -8.1494], [110.0386, -7.8905], [109.2815, -7.7048], [108.7412, -7.6671], [108.4517, -7.7969], [107.9175, -7.724], [107.285, -7.4717], [106.4552, -7.3688], [106.417, -7.2395], [106.5196, -7.0536], [106.1981, -6.9277], [105.2556, -6.8352], [105.3708, -6.6644], [105.4835, -6.7816], [105.6552, -6.4695], [105.787, -6.457], [105.8684, -6.1163], [106.075, -5.9141], [106.8252, -6.0983], [107.0117, -6.0085], [107.0463, -5.9042], [107.3739, -6.0075]]], [[[114.4126, -7.1336], [114.3467, -7.1634], [114.2989, -7.0975], [114.3835, -7.0806], [114.4126, -7.1336]]], [[[113.8445, -7.1053], [113.4709, -7.2184], [113.1271, -7.2242], [112.726, -7.0727], [112.8682, -6.8998], [113.0673, -6.88], [113.9749, -6.8731], [114.0735, -6.9602], [113.8445, -7.1053]]], [[[112.7195, -5.811], [112.6022, -5.8436], [112.586, -5.8036], [112.69, -5.7261], [112.7195, -5.811]]], [[[109.7103, -1.1807], [109.4637, -1.2775], [109.4759, -0.9852], [109.7434, -1.0392], [109.7103, -1.1807]]], [[[108.9532, -1.6196], [108.838, -1.6616], [108.8038, -1.5677], [108.9568, -1.5641], [108.9532, -1.6196]]], [[[108.8873, 2.9054], [108.8387, 2.8529], [108.7865, 2.8856], [108.8859, 2.9989], [108.8873, 2.9054]]], [[[108.316, 3.6897], [108.1004, 3.7046], [108.2433, 3.8103], [108.0885, 3.8522], [108.0024, 3.9828], [108.2483, 4.2172], [108.393, 3.9861], [108.316, 3.6897]]], [[[108.2073, -2.9977], [108.0554, -3.2268], [107.8581, -3.0864], [107.6144, -3.2093], [107.5636, -2.9201], [107.6662, -2.5662], [107.8379, -2.5303], [108.2152, -2.6969], [108.2904, -2.8301], [108.2073, -2.9977]]], [[[107.4732, -2.8997], [107.4092, -2.9007], [107.4192, -2.8382], [107.4995, -2.8452], [107.4732, -2.8997]]], [[[106.8864, -3.0054], [106.8141, -3.0146], [106.7428, -2.9328], [106.9106, -2.934], [106.8864, -3.0054]]], [[[106.0458, -1.6694], [106.3659, -2.4649], [106.8184, -2.5734], [106.6121, -2.8955], [106.6672, -3.0718], [105.9987, -2.825], [105.7859, -2.1814], [105.5526, -2.079], [105.3428, -2.1252], [105.1332, -2.0426], [105.1908, -1.9169], [105.3748, -1.8131], [105.373, -1.6573], [105.4594, -1.5747], [105.5854, -1.5268], [105.701, -1.7311], [105.7204, -1.5339], [105.9101, -1.5049], [106.0458, -1.6694]]], [[[106.2852, 3.157], [106.2838, 3.0881], [106.201, 3.2048], [106.2712, 3.2162], [106.2852, 3.157]]], [[[96.4925, 5.2294], [96.8428, 5.2745], [97.5473, 5.206], [97.9084, 4.88], [97.9998, 4.6622], [98.2486, 4.4145], [98.3073, 4.0927], [98.6586, 3.928], [98.7778, 3.7595], [99.7322, 3.1831], [100.5238, 2.1891], [100.8878, 1.9483], [100.8284, 2.2425], [101.0462, 2.2575], [101.3007, 2.0119], [101.4767, 1.6932], [101.7849, 1.6215], [102.02, 1.442], [102.2392, 0.9904], [102.39, 0.842], [102.8494, 0.7155], [103.0319, 0.5789], [103.0074, 0.4152], [102.5499, 0.2165], [102.8958, 0.2786], [103.339, 0.5137], [103.479, 0.4802], [103.6727, 0.2889], [103.7868, 0.0469], [103.4286, -0.1919], [103.4052, -0.3623], [103.5093, -0.4656], [103.4387, -0.5756], [103.5327, -0.7546], [103.721, -0.8867], [104.1987, -1.0543], [104.3607, -1.0384], [104.5158, -1.8194], [104.8452, -2.0931], [104.8262, -2.2342], [104.6472, -2.4298], [104.6508, -2.5952], [104.9709, -2.3708], [105.3971, -2.3802], [105.5822, -2.492], [106.0444, -3.1062], [106.0584, -3.2171], [105.8439, -3.6135], [105.9306, -3.8331], [105.8313, -4.1629], [105.8871, -5.0095], [105.7485, -5.8183], [105.6185, -5.7996], [105.3492, -5.5496], [105.0814, -5.7456], [104.6397, -5.5205], [104.684, -5.8926], [104.6015, -5.9046], [103.8315, -5.0796], [102.5376, -4.1521], [102.1276, -3.5991], [101.5786, -3.1669], [100.8896, -2.2486], [100.8554, -1.9343], [100.2891, -0.7988], [99.86, -0.3139], [99.6699, 0.045], [99.159, 0.3517], [98.7965, 1.4946], [98.5953, 1.8647], [97.7007, 2.3585], [97.5909, 2.8465], [97.3914, 2.9753], [96.9688, 3.5751], [96.801, 3.7086], [96.4446, 3.8162], [95.5785, 4.662], [95.2066, 5.2841], [95.2278, 5.5647], [95.6289, 5.609], [96.1332, 5.2943], [96.4925, 5.2294]]], [[[105.7604, 2.863], [105.706, 2.8889], [105.6923, 3.0624], [105.8367, 2.9765], [105.7604, 2.863]]], [[[105.2528, -6.6405], [105.1905, -6.6625], [105.1214, -6.615], [105.2607, -6.524], [105.2528, -6.6405]]], [[[104.7786, -0.1759], [104.8431, -0.1405], [105.0054, -0.2828], [104.9144, -0.3234], [104.7023, -0.2087], [104.4471, -0.1893], [104.5428, 0.0178], [104.7786, -0.1759]]], [[[104.6894, 0.0596], [104.6037, 0.0952], [104.4993, 0.2321], [104.5439, 0.2233], [104.6894, 0.0596]]], [[[104.5853, 1.2161], [104.6627, 1.0494], [104.5752, 0.832], [104.4287, 0.9566], [104.4392, 1.0505], [104.252, 1.0149], [104.3618, 1.1815], [104.5853, 1.2161]]], [[[104.4741, -0.3347], [104.59, -0.4666], [104.3632, -0.6586], [104.257, -0.4633], [104.4741, -0.3347]]], [[[104.2394, 0.8341], [104.1767, 0.8049], [104.1083, 0.9335], [104.2271, 0.8799], [104.2394, 0.8341]]], [[[104.0248, 1.1805], [104.14, 1.1656], [104.0662, 0.9896], [103.9323, 1.0713], [104.0248, 1.1805]]], [[[103.8286, 0.8011], [103.7422, 0.8301], [103.7519, 0.8913], [103.8066, 0.8464], [103.8286, 0.8011]]], [[[103.7364, -0.3479], [103.6065, -0.383], [103.4614, -0.3576], [103.5489, -0.2276], [103.7238, -0.2768], [103.7364, -0.3479]]], [[[103.4502, 0.6643], [103.3444, 0.778], [103.3862, 0.8696], [103.4974, 0.7228], [103.4502, 0.6643]]], [[[103.424, 1.0484], [103.4297, 0.9934], [103.3156, 1.0713], [103.38, 1.1336], [103.424, 1.0484]]], [[[103.2846, 0.5419], [103.1396, 0.5491], [103.1874, 0.6999], [103.2951, 0.614], [103.2846, 0.5419]]], [[[103.1666, 0.8702], [102.7018, 1.0538], [102.7256, 1.1588], [102.9995, 1.0678], [103.1666, 0.8702]]], [[[103.0276, 0.7467], [102.4905, 0.8566], [102.5067, 1.0888], [102.5492, 1.1302], [103.0024, 0.8594], [103.0276, 0.7467]]], [[[102.4919, 1.4591], [102.4995, 1.3308], [102.0786, 1.4985], [102.0239, 1.608], [102.4919, 1.4591]]], [[[102.4271, 0.9901], [102.2795, 1.0757], [102.2565, 1.3971], [102.443, 1.2343], [102.4271, 0.9901]]], [[[102.3674, -5.4788], [102.286, -5.4835], [102.1107, -5.3224], [102.3717, -5.3663], [102.3674, -5.4788]]], [[[101.7082, 2.0783], [101.7734, 1.9435], [101.7194, 1.7892], [101.5008, 1.7333], [101.4098, 2.0218], [101.6409, 2.1268], [101.7082, 2.0783]]], [[[100.4252, -3.1829], [100.4651, -3.3285], [100.2041, -2.9868], [100.1984, -2.7856], [100.4547, -3.0021], [100.4252, -3.1829]]], [[[100.2041, -2.741], [100.0151, -2.8198], [99.9878, -2.5253], [100.202, -2.6796], [100.2041, -2.741]]], [[[99.843, -2.343], [99.6069, -2.2575], [99.5374, -2.1615], [99.5723, -2.0258], [99.6864, -2.0634], [99.843, -2.343]]], [[[99.1637, -1.7779], [98.8278, -1.6099], [98.6018, -1.1979], [98.6759, -0.9705], [98.9326, -0.954], [99.2674, -1.6278], [99.2714, -1.7383], [99.1637, -1.7779]]], [[[98.4592, -0.5305], [98.3098, -0.5319], [98.4272, -0.2266], [98.3231, -0.0008], [98.4153, -0.0175], [98.5442, -0.2577], [98.4592, -0.5305]]], [[[97.4814, 1.465], [97.9318, 0.9739], [97.8206, 0.5643], [97.6841, 0.5961], [97.6038, 0.8339], [97.4055, 0.947], [97.0793, 1.4254], [97.2442, 1.4236], [97.3558, 1.5396], [97.4814, 1.465]]], [[[97.3342, 2.0756], [97.3284, 2.0533], [97.1085, 2.2168], [97.2914, 2.2009], [97.3342, 2.0756]]], [[[96.4637, 2.3599], [95.8085, 2.6556], [95.7171, 2.826], [95.8064, 2.916], [95.8956, 2.889], [96.4173, 2.5152], [96.4637, 2.3599]]], [[[95.3621, 5.8124], [95.2833, 5.7985], [95.2178, 5.8895], [95.3592, 5.8766], [95.3621, 5.8124]]]]}}, {"type": "Feature", "properties": {"SOVEREIGNT": "India", "SOV_A3": "IND", "mean": 0.435, "GERMAN_NAME": "Indien", "NOTE_DE": null}, "geometry": {"type": "MultiPolygon", "coordinates": [[[[97.3353, 27.9378], [97.3252, 27.9274], [97.3392, 28.0308], [97.3353, 27.9378]]], [[[75.3025, 32.3189], [75.5121, 32.3107], [75.8343, 32.5189], [75.9243, 32.7228], [75.8418, 32.8769], [76.5046, 33.1619], [76.789, 33.1334], [77.2192, 32.8469], [77.4366, 32.8245], [77.739, 32.9519], [77.9871, 32.6204], [78.3427, 32.7308], [78.3643, 32.6058], [78.2729, 32.4631], [78.3895, 32.5199], [78.4957, 32.2158], [78.7355, 31.9581], [78.6934, 31.7404], [78.8028, 31.6181], [78.7434, 31.3239], [78.8446, 31.3015], [78.9756, 31.1055], [79.3698, 31.08], [79.5653, 30.949], [79.7946, 30.9682], [80.1496, 30.7898], [80.1913, 30.5683], [80.682, 30.4149], [81.0103, 30.1645], [80.848, 30.1396], [80.4019, 29.7302], [80.0707, 28.8303], [80.4185, 28.6121], [80.587, 28.6496], [81.1691, 28.3349], [81.3109, 28.1763], [81.8527, 27.8672], [81.9877, 27.9139], [82.4514, 27.6719], [82.6775, 27.6735], [82.7333, 27.519], [83.2899, 27.3709], [83.4472, 27.4652], [83.8288, 27.3777], [84.0909, 27.4912], [84.61, 27.2986], [84.6852, 27.041], [85.2403, 26.7505], [85.5683, 26.8398], [85.7001, 26.7817], [85.7944, 26.6041], [86.0071, 26.6493], [86.7012, 26.4351], [87.0162, 26.5554], [87.0897, 26.4332], [87.2873, 26.3603], [87.8493, 26.4368], [87.9951, 26.3823], [88.1614, 26.7249], [87.9843, 27.1339], [88.147, 27.7493], [88.1099, 27.8706], [88.1412, 27.9489], [88.5779, 28.0933], [88.8036, 28.0069], [88.849, 27.8687], [88.7489, 27.5218], [88.8915, 27.3161], [88.7388, 27.1755], [88.8576, 26.9615], [89.1481, 26.8162], [89.5452, 26.7963], [89.61, 26.7194], [90.123, 26.7546], [90.3459, 26.8903], [90.7397, 26.7718], [92.0498, 26.8749], [92.6254, 26.9632], [93.2309, 26.8803], [93.6662, 26.9714], [94.2076, 27.5381], [94.748, 27.6839], [95.2084, 27.9008], [95.3124, 28.0806], [95.7502, 28.2377], [96.3798, 28.1443], [97.0498, 27.7601], [96.877, 27.5867], [97.102, 27.1155], [96.9533, 27.1333], [96.7316, 27.3315], [96.1908, 27.2613], [95.1288, 26.5972], [95.0507, 26.3473], [95.1324, 26.0413], [94.9456, 25.7002], [94.5798, 25.3198], [94.5532, 25.2158], [94.7076, 25.0488], [94.1277, 23.8764], [93.6834, 24.0064], [93.4937, 23.9727], [93.3263, 24.0642], [93.4149, 23.682], [93.3915, 23.3392], [93.3494, 23.085], [93.1643, 23.032], [93.0786, 22.7182], [93.151, 22.2305], [93.043, 22.184], [92.9645, 22.0038], [92.6891, 22.1309], [92.575, 21.9781], [92.4915, 22.6854], [92.3615, 22.9289], [92.246, 23.6836], [91.9295, 23.686], [91.9378, 23.5048], [91.7542, 23.2873], [91.751, 23.0535], [91.6196, 22.9796], [91.4363, 23.1999], [91.3704, 23.1979], [91.3686, 23.0745], [91.3154, 23.1044], [91.1606, 23.6607], [91.3672, 24.0934], [91.877, 24.1954], [91.9518, 24.3568], [92.102, 24.408], [92.2283, 24.8813], [92.4432, 24.8494], [92.4684, 24.944], [92.0498, 25.1695], [90.4395, 25.1578], [89.8332, 25.2929], [89.8228, 25.9415], [89.6709, 26.2138], [89.5859, 26.186], [89.5499, 26.0053], [89.3695, 26.0062], [89.1863, 26.106], [89.0185, 26.4103], [88.9242, 26.375], [88.9703, 26.2509], [88.8281, 26.2522], [88.6827, 26.2917], [88.4181, 26.5715], [88.3461, 26.5047], [88.4404, 26.3695], [88.1509, 26.0873], [88.0847, 25.8884], [88.5023, 25.5371], [88.7691, 25.4904], [88.9516, 25.2594], [88.8173, 25.1762], [88.4562, 25.1886], [88.3133, 24.8817], [88.1499, 24.9145], [88.0235, 24.6278], [88.1455, 24.4858], [88.7237, 24.2749], [88.5675, 23.6744], [88.741, 23.4366], [88.7244, 23.255], [88.9282, 23.1865], [88.8504, 23.0405], [89.0513, 22.0932], [89.0279, 21.9372], [88.9494, 21.9379], [89.0517, 21.6541], [88.9073, 21.6531], [88.8576, 21.7447], [88.7449, 21.5845], [88.6913, 21.7336], [88.7403, 22.0054], [88.6416, 22.122], [88.5847, 21.6598], [88.4461, 21.6143], [88.2874, 21.7582], [88.2535, 21.6223], [88.1221, 21.6359], [88.057, 21.6942], [88.1963, 22.1396], [87.9414, 22.3742], [87.9616, 22.255], [88.1592, 22.1217], [87.9483, 21.8254], [87.6783, 21.6536], [87.1008, 21.5007], [86.8596, 21.2367], [86.9755, 20.7002], [86.7505, 20.3131], [86.4989, 20.1717], [86.3765, 20.0068], [86.2451, 20.0531], [86.3121, 19.9879], [86.2163, 19.8959], [85.5751, 19.6928], [85.497, 19.6968], [85.5597, 19.7534], [85.5042, 19.8877], [85.2486, 19.7576], [85.1806, 19.5948], [85.371, 19.6788], [85.4416, 19.6265], [84.7709, 19.1254], [84.1042, 18.2927], [83.6542, 18.07], [83.1984, 17.609], [82.3596, 17.0961], [82.2819, 16.9361], [82.3596, 16.7828], [82.2588, 16.5598], [81.762, 16.3295], [81.2861, 16.3371], [80.9787, 15.7583], [80.826, 15.7659], [80.7817, 15.8673], [80.6467, 15.8951], [80.2936, 15.7107], [80.0535, 15.0739], [80.1787, 14.4783], [80.1118, 14.2122], [80.3065, 13.485], [80.1564, 13.7139], [80.0621, 13.6061], [80.3425, 13.3614], [80.2291, 12.6902], [79.8583, 11.9888], [79.7539, 11.5752], [79.7932, 11.4466], [79.6931, 11.3126], [79.7989, 11.3387], [79.8486, 11.1969], [79.8382, 10.3226], [79.3144, 10.2568], [79.2579, 10.0352], [78.94, 9.5659], [78.9191, 9.4529], [79.0199, 9.3333], [79.4116, 9.1924], [78.9796, 9.2686], [78.4216, 9.1051], [78.1926, 8.8909], [78.0601, 8.3844], [77.5176, 8.0783], [77.0658, 8.3159], [76.5535, 8.9029], [76.3246, 9.4522], [76.2425, 9.9271], [76.3429, 9.8273], [76.3757, 9.54], [76.4589, 9.5362], [76.3465, 9.922], [76.1957, 10.0861], [75.7237, 11.3617], [75.1967, 12.0576], [74.9454, 12.5645], [74.3824, 14.4946], [73.9493, 15.0748], [73.8006, 15.3969], [73.932, 15.3969], [73.7718, 15.5731], [73.8327, 15.6594], [73.68, 15.709], [73.3377, 16.4598], [73.1562, 17.6219], [72.8754, 18.6428], [73.0057, 19.0211], [72.9719, 19.1534], [72.8347, 18.9757], [72.8031, 19.0793], [72.8117, 19.299], [72.9874, 19.2775], [72.7879, 19.363], [72.7995, 19.5198], [72.6677, 19.831], [72.8938, 20.6728], [72.8139, 21.1173], [72.6925, 21.1777], [72.6238, 21.3719], [72.7347, 21.4706], [72.6133, 21.4618], [73.1127, 21.7504], [72.5431, 21.6966], [72.7001, 21.9719], [72.5223, 21.9762], [72.5529, 22.1599], [72.8092, 22.2333], [72.1828, 22.2697], [72.3066, 22.1892], [72.2746, 22.0897], [72.0373, 21.8231], [72.2105, 21.7282], [72.2541, 21.531], [72.0154, 21.1556], [71.6766, 21.0147], [71.4801, 21.1008], [71.4048, 21.0013], [70.8213, 21.1535], [70.8252, 21.3925], [70.5891, 21.2821], [70.5369, 21.3899], [70.876, 21.6163], [70.7835, 21.7843], [70.7082, 21.7435], [70.7601, 21.5782], [70.4094, 21.6898], [70.291, 21.5453], [69.8734, 21.7902], [70.0084, 21.2086], [69.0086, 22.1967], [68.9834, 22.3855], [69.1314, 22.4164], [69.2765, 22.2853], [70.1772, 22.5728], [70.5135, 23.0025], [70.4893, 23.0895], [70.3396, 22.9397], [70.1182, 22.947], [69.6646, 22.7592], [69.2358, 22.8486], [68.6407, 23.1898], [68.4175, 23.5715], [68.7768, 23.8521], [68.235, 23.597], [68.1652, 23.8573], [68.3812, 23.9509], [68.7242, 23.9646], [68.7811, 24.3138], [69.5591, 24.2732], [69.8053, 24.1654], [70.4893, 24.4122], [70.5469, 24.4183], [70.5793, 24.2791], [70.7161, 24.2381], [71.0441, 24.4], [70.9699, 24.5719], [71.0477, 24.6876], [70.6521, 25.4229], [70.6485, 25.6669], [70.2647, 25.7065], [70.1002, 25.9101], [70.1477, 26.5064], [69.5069, 26.7428], [69.5371, 27.1229], [69.8964, 27.4735], [70.1445, 27.8491], [70.4037, 28.0251], [70.629, 27.9375], [70.7979, 27.7097], [71.8703, 27.9625], [72.3419, 28.752], [72.9035, 29.0287], [73.3816, 29.9343], [73.8093, 30.0933], [73.9335, 30.2221], [73.8993, 30.4354], [74.3395, 30.8934], [74.6329, 31.0345], [74.5177, 31.1857], [74.5941, 31.4653], [74.5098, 31.7128], [74.5555, 31.8185], [75.2539, 32.1403], [75.3025, 32.3189]]], [[[96.4356, 29.0507], [96.5098, 28.9009], [96.477, 28.9592], [96.4356, 29.0507]]], [[[96.3557, 29.2491], [96.3399, 29.2097], [96.3424, 29.2578], [96.3557, 29.2491]]], [[[96.162, 28.9098], [96.3467, 29.0274], [96.1624, 28.9098], [96.162, 28.9098]]], [[[96.3291, 28.5074], [96.3298, 28.4969], [96.279, 28.4281], [96.3291, 28.5074]]], [[[94.677, 29.297], [94.7332, 29.2515], [94.744, 29.2338], [94.677, 29.297]]], [[[93.8591, 7.2068], [93.9297, 6.9735], [93.8289, 6.7486], [93.6564, 7.1362], [93.8591, 7.2068]]], [[[93.6384, 7.2618], [93.5974, 7.3187], [93.6924, 7.4106], [93.7335, 7.3564], [93.6384, 7.2618]]], [[[93.4941, 8.2246], [93.5369, 8.0566], [93.4901, 8.0194], [93.4563, 8.1718], [93.4941, 8.2246]]], [[[93.4473, 7.8991], [93.3652, 7.8766], [93.3346, 8.0069], [93.3756, 8.0179], [93.4473, 7.8991]]], [[[93.2064, 28.5909], [93.2518, 28.6295], [93.322, 28.6454], [93.2064, 28.5909]]], [[[93.1704, 8.2121], [93.0642, 8.2749], [93.097, 8.3494], [93.1406, 8.2494], [93.1704, 8.2121]]], [[[92.6074, 11.9494], [92.6765, 12.1924], [92.7881, 12.2258], [92.7208, 12.5413], [92.8572, 13.3581], [93.0624, 13.5454], [93.066, 13.2217], [92.8864, 12.9424], [92.9649, 12.8506], [92.9901, 12.5385], [92.8637, 12.4361], [92.8796, 12.228], [92.7478, 11.9928], [92.7975, 11.8746], [92.7006, 11.5126], [92.534, 11.8732], [92.6074, 11.9494]]], [[[92.9818, 11.9593], [93.0174, 12.0369], [93.0621, 11.8993], [92.9818, 11.9593]]], [[[92.8817, 28.228], [92.6603, 28.0525], [92.6434, 28.0616], [92.8817, 28.228]]], [[[92.8094, 9.1733], [92.7435, 9.1309], [92.7132, 9.2049], [92.7856, 9.2405], [92.8094, 9.1733]]], [[[92.6859, 12.7999], [92.6798, 12.9393], [92.7107, 12.9617], [92.7309, 12.9486], [92.6859, 12.7999]]], [[[92.6931, 11.3812], [92.5959, 11.3864], [92.6402, 11.5091], [92.6902, 11.4635], [92.6931, 11.3812]]], [[[92.4807, 27.846], [92.6355, 27.9319], [92.5469, 27.8791], [92.4807, 27.846]]], [[[92.5102, 10.8975], [92.5743, 10.7043], [92.4728, 10.5208], [92.3694, 10.5474], [92.3529, 10.7512], [92.5102, 10.8975]]], [[[92.2506, 27.8415], [92.2222, 27.8269], [92.184, 27.8182], [92.2506, 27.8415]]], [[[91.8248, 27.7465], [91.7636, 27.7538], [91.8267, 27.7469], [92.0868, 27.7986], [91.9778, 27.7304], [91.8248, 27.7465]]], [[[91.5792, 27.6115], [91.5929, 27.6604], [91.6414, 27.5361], [91.6948, 27.4714], [91.6581, 27.4935], [91.5792, 27.6115]]], [[[78.8093, 32.4361], [78.9191, 32.3581], [78.8377, 32.4119], [78.8093, 32.4361]]], [[[74.6761, 32.5025], [74.7888, 32.4578], [74.6859, 32.4939], [74.6761, 32.5025]]], [[[74.3057, 32.8104], [74.3287, 32.7907], [74.3053, 32.8106], [74.3057, 32.8104]]], [[[73.0558, 8.2746], [73.0752, 8.3063], [73.0795, 8.3164], [73.0673, 8.269], [73.0284, 8.2534], [73.0558, 8.2746]]], [[[72.7879, 11.216], [72.7732, 11.1962], [72.7926, 11.2628], [72.7959, 11.2606], [72.7879, 11.216]]], [[[70.5426, 20.8158], [70.6895, 21.0072], [70.8087, 20.9661], [70.8796, 20.7146], [70.5426, 20.8158]]], [[[70.3695, 21.3523], [70.4382, 21.3523], [70.489, 21.2112], [70.4008, 21.2355], [70.3695, 21.3523]]]]}}, {"type": "Feature", "properties": {"SOVEREIGNT": "Iceland", "SOV_A3": "ISL", "mean": 2.816, "GERMAN_NAME": "Island", "NOTE_DE": null}, "geometry": {"type": "Polygon", "coordinates": [[[-15.5432, 66.2285], [-14.5957, 66.3815], [-14.9121, 66.2843], [-15.1162, 66.1024], [-14.6983, 66.0202], [-14.6882, 65.8971], [-14.8272, 65.7642], [-14.3919, 65.7874], [-14.3181, 65.6843], [-14.4733, 65.5753], [-14.1669, 65.6422], [-13.6179, 65.5193], [-13.6676, 65.399], [-13.8048, 65.3547], [-13.641, 65.2751], [-13.7547, 65.1926], [-13.5808, 65.143], [-13.5697, 65.0682], [-13.8541, 64.993], [-13.853, 64.8622], [-14.0445, 64.7419], [-14.3851, 64.7452], [-14.4654, 64.6357], [-14.4326, 64.5383], [-14.6281, 64.4159], [-15.833, 64.1768], [-16.6405, 63.8654], [-17.8159, 63.713], [-17.9469, 63.5358], [-18.6536, 63.4066], [-20.198, 63.5557], [-20.4939, 63.6873], [-20.3629, 63.7649], [-20.414, 63.8051], [-20.6509, 63.7375], [-21.1365, 63.8879], [-21.1059, 63.9398], [-21.4486, 63.8584], [-22.6521, 63.8277], [-22.7428, 64.0193], [-22.7011, 64.0832], [-22.5099, 63.9914], [-22.1877, 64.0393], [-21.6686, 64.3491], [-21.4634, 64.3791], [-22.0534, 64.3139], [-21.9012, 64.3916], [-22.0005, 64.4131], [-21.9505, 64.515], [-21.5905, 64.6263], [-22.106, 64.5331], [-22.3249, 64.6244], [-22.2475, 64.7268], [-22.4671, 64.795], [-23.3469, 64.8243], [-23.8189, 64.7391], [-24.0262, 64.8634], [-22.7882, 65.0465], [-21.8922, 65.0489], [-21.7636, 65.1737], [-22.0992, 65.1263], [-22.5092, 65.1968], [-21.8443, 65.4474], [-22.9023, 65.5804], [-23.8999, 65.4075], [-24.4755, 65.5252], [-24.2491, 65.6149], [-23.8567, 65.5384], [-24.01, 65.6161], [-24.0925, 65.7765], [-23.6158, 65.6795], [-23.2854, 65.7499], [-23.8326, 65.8492], [-23.5251, 65.8801], [-23.7775, 66.0176], [-23.7372, 66.0695], [-23.4344, 66.0243], [-23.5986, 66.1089], [-23.4524, 66.1811], [-23.0625, 66.0863], [-23.019, 65.9822], [-22.66, 66.0259], [-22.6161, 65.8676], [-22.4415, 65.9084], [-22.4455, 66.07], [-22.948, 66.2128], [-22.4844, 66.2663], [-23.1169, 66.3387], [-22.8894, 66.4405], [-22.426, 66.4301], [-21.4069, 66.0256], [-21.5167, 65.9676], [-21.309, 65.8954], [-21.3748, 65.7418], [-21.6585, 65.7236], [-21.3648, 65.5781], [-21.4321, 65.474], [-21.2301, 65.4205], [-21.1297, 65.2666], [-20.9396, 65.5651], [-20.8042, 65.6364], [-20.4547, 65.571], [-20.3568, 65.719], [-20.3568, 66.0334], [-20.2074, 66.1002], [-19.4895, 65.768], [-19.383, 66.0757], [-18.8458, 66.184], [-18.277, 65.8848], [-18.142, 65.734], [-18.0992, 65.8303], [-18.2972, 66.1575], [-17.907, 66.1434], [-17.5506, 65.9645], [-17.1531, 66.2028], [-16.8381, 66.1252], [-16.485, 66.196], [-16.4281, 66.2784], [-16.5408, 66.4466], [-16.2492, 66.5228], [-15.9853, 66.5147], [-15.5432, 66.2285]]]}}, {"type": "Feature", "properties": {"SOVEREIGNT": "Hungary", "SOV_A3": "HUN", "mean": 1.533, "GERMAN_NAME": "Ungarn", "NOTE_DE": null}, "geometry": {"type": "Polygon", "coordinates": [[[22.1319, 48.4052], [22.2536, 48.4072], [22.3501, 48.2561], [22.5823, 48.1341], [22.7691, 48.1096], [22.8768, 47.9473], [22.6086, 47.7663], [22.2907, 47.7279], [21.9998, 47.5049], [21.9955, 47.3957], [21.1218, 46.2825], [20.2419, 46.1086], [19.6134, 46.1691], [19.2782, 46.0029], [18.9052, 45.9319], [18.6658, 45.9076], [18.3584, 45.7529], [17.8072, 45.7904], [17.3108, 45.9963], [16.8716, 46.3392], [16.5163, 46.4998], [16.2837, 46.8573], [16.0929, 46.8634], [16.4533, 47.0068], [16.4428, 47.3995], [16.6765, 47.536], [16.4212, 47.6745], [16.5908, 47.7507], [16.7859, 47.6788], [17.0667, 47.7076], [17.03, 47.8371], [17.1474, 48.006], [17.7619, 47.7703], [18.7242, 47.7873], [18.7918, 48.0002], [19.4668, 48.1106], [19.6252, 48.2231], [19.9503, 48.1466], [20.3337, 48.2955], [20.49, 48.527], [21.4515, 48.5523], [21.7215, 48.3465], [22.1319, 48.4052]]]}}, {"type": "Feature", "properties": {"SOVEREIGNT": "Honduras", "SOV_A3": "HND", "mean": 1.33, "GERMAN_NAME": "Honduras", "NOTE_DE": null}, "geometry": {"type": "MultiPolygon", "coordinates": [[[[-83.1574, 14.9931], [-83.5365, 14.9771], [-83.6355, 14.8764], [-84.4534, 14.6438], [-84.646, 14.6612], [-84.8605, 14.8098], [-84.9851, 14.7525], [-85.1615, 14.5251], [-85.1795, 14.3432], [-85.6821, 13.9826], [-85.7339, 13.8588], [-86.0403, 14.0501], [-86.3319, 13.7701], [-86.7588, 13.7462], [-86.7293, 13.2843], [-86.9183, 13.2236], [-87.0094, 13.0078], [-87.3373, 12.9794], [-87.4893, 13.3529], [-87.8143, 13.3992], [-87.7369, 13.4513], [-87.7153, 13.8128], [-87.8021, 13.8901], [-87.9911, 13.8796], [-88.1509, 13.9874], [-88.4825, 13.8543], [-88.5124, 13.9789], [-88.7075, 14.032], [-89.1204, 14.3701], [-89.3627, 14.416], [-89.1719, 14.607], [-89.2223, 14.866], [-89.1427, 15.0724], [-88.2283, 15.729], [-88.1311, 15.701], [-87.702, 15.9107], [-87.4867, 15.7902], [-87.2859, 15.8345], [-86.9071, 15.7623], [-86.3567, 15.7833], [-85.9362, 15.9534], [-85.9855, 16.0242], [-85.4837, 15.8996], [-84.9736, 15.9898], [-84.5596, 15.802], [-84.426, 15.8295], [-84.5196, 15.8727], [-84.2615, 15.8227], [-83.7654, 15.4054], [-83.9728, 15.5196], [-84.1114, 15.4926], [-84.0952, 15.4009], [-83.9274, 15.394], [-83.7604, 15.2203], [-83.4979, 15.2222], [-83.6463, 15.3683], [-83.3691, 15.2399], [-83.1574, 14.9931]]], [[[-85.8711, 16.4616], [-85.9474, 16.4036], [-85.8336, 16.5109], [-85.8711, 16.4616]]], [[[-86.4201, 16.3784], [-86.5803, 16.3002], [-86.6303, 16.3017], [-86.4384, 16.4138], [-86.2555, 16.4283], [-86.4201, 16.3784]]]]}}, {"type": "Feature", "properties": {"SOVEREIGNT": "Haiti", "SOV_A3": "HTI", "mean": 1.272, "GERMAN_NAME": "Haiti", "NOTE_DE": null}, "geometry": {"type": "MultiPolygon", "coordinates": [[[[-71.7792, 19.7182], [-71.7465, 19.2858], [-71.6453, 19.1636], [-71.8073, 18.9871], [-71.7432, 18.7328], [-72.0003, 18.5978], [-71.7619, 18.3413], [-71.7684, 18.0391], [-72.06, 18.2286], [-72.8765, 18.1517], [-73.3852, 18.2512], [-73.7473, 18.1903], [-73.8849, 18.0419], [-74.0854, 18.2153], [-74.4191, 18.3461], [-74.4781, 18.4499], [-74.3874, 18.6247], [-74.2276, 18.6627], [-72.7894, 18.4348], [-72.618, 18.5508], [-72.3761, 18.5744], [-72.3477, 18.6749], [-72.811, 19.0716], [-72.7411, 19.1313], [-72.7033, 19.441], [-73.0529, 19.6107], [-73.3963, 19.6586], [-73.4007, 19.8075], [-72.8765, 19.9282], [-72.2199, 19.7445], [-71.7792, 19.7182]]], [[[-72.6641, 20.0375], [-72.6389, 19.986], [-72.9604, 20.0623], [-72.7912, 20.0918], [-72.6641, 20.0375]]], [[[-72.8045, 18.7776], [-72.8221, 18.7072], [-73.0781, 18.7908], [-73.2765, 18.9541], [-73.0691, 18.9321], [-72.8045, 18.7776]]]]}}, {"type": "Feature", "properties": {"SOVEREIGNT": "Guyana", "SOV_A3": "GUY", "mean": 0.886, "GERMAN_NAME": "Guyana", "NOTE_DE": null}, "geometry": {"type": "MultiPolygon", "coordinates": [[[[-56.6164, 1.9226], [-56.4943, 1.9381], [-56.5256, 1.9273], [-56.6164, 1.9226]]], [[[-56.8864, 2.3258], [-56.9022, 2.3503], [-56.8406, 2.2771], [-56.8864, 2.3258]]], [[[-56.9792, 2.5133], [-56.9454, 2.4569], [-56.9378, 2.4242], [-56.9792, 2.5133]]], [[[-57.2971, 1.9614], [-57.1189, 2.0139], [-57.2755, 1.9593], [-57.2971, 1.9614]]], [[[-60.0176, 8.5493], [-59.8366, 8.3738], [-59.6663, 8.3626], [-59.2001, 8.0746], [-58.511, 7.3981], [-58.4804, 7.0381], [-58.673, 6.3907], [-58.4149, 6.8512], [-57.9826, 6.7859], [-57.5401, 6.3315], [-57.2276, 6.1784], [-57.1949, 5.5484], [-57.3187, 5.3354], [-57.2096, 5.1955], [-57.331, 5.0201], [-57.7111, 4.9909], [-57.881, 4.8805], [-57.8461, 4.6681], [-58.0546, 4.172], [-57.8328, 3.676], [-57.6496, 3.5174], [-57.6467, 3.3946], [-57.5279, 3.3535], [-57.5495, 3.3528], [-57.5974, 3.3691], [-57.6161, 3.1303], [-57.4861, 2.9737], [-57.4544, 2.7391], [-57.7709, 2.59], [-57.9196, 2.3854], [-57.9167, 1.7921], [-58.2241, 1.7559], [-58.4272, 1.4754], [-58.506, 1.4386], [-58.5118, 1.2846], [-58.8624, 1.2036], [-59.231, 1.3759], [-59.6666, 1.7463], [-59.7563, 1.9006], [-59.7552, 2.2741], [-59.8895, 2.3628], [-59.996, 2.7655], [-59.8312, 3.3493], [-59.8546, 3.5875], [-59.6789, 3.6998], [-59.5579, 3.9599], [-59.7386, 4.2269], [-59.7034, 4.3812], [-60.1487, 4.5332], [-60.0317, 4.7405], [-59.9906, 5.0829], [-60.2416, 5.258], [-60.742, 5.2021], [-61.3907, 5.9389], [-61.1286, 6.2144], [-61.2035, 6.5884], [-61.1455, 6.6944], [-60.7178, 6.7684], [-60.3521, 7.0029], [-60.3452, 7.15], [-60.6332, 7.2111], [-60.6066, 7.3208], [-60.7186, 7.5359], [-60.5137, 7.8132], [-60.0324, 8.0536], [-59.8492, 8.2487], [-60.0176, 8.5493]]], [[[-58.0243, 1.5292], [-57.9829, 1.6484], [-58.0117, 1.5399], [-58.0243, 1.5292]]], [[[-58.281, 1.5745], [-58.173, 1.5477], [-58.1446, 1.5193], [-58.281, 1.5745]]]]}}, {"type": "Feature", "properties": {"SOVEREIGNT": "Guinea-Bissau", "SOV_A3": "GNB", "mean": 0.68, "GERMAN_NAME": "Guinea-Bissau", "NOTE_DE": null}, "geometry": {"type": "MultiPolygon", "coordinates": [[[[-16.7118, 12.3549], [-15.5749, 12.4904], [-15.1962, 12.6798], [-13.7292, 12.6739], [-13.7079, 12.3127], [-13.9488, 12.1782], [-13.7382, 12.0097], [-13.7328, 11.736], [-14.2656, 11.6599], [-14.6828, 11.5086], [-15.0432, 10.9402], [-15.0547, 11.142], [-15.2221, 11.0308], [-15.2167, 11.1562], [-15.3931, 11.2173], [-15.3546, 11.3963], [-15.4795, 11.4103], [-15.4291, 11.4989], [-15.0727, 11.5978], [-15.2304, 11.6867], [-15.4129, 11.6152], [-15.5018, 11.7238], [-15.4672, 11.8427], [-15.2109, 11.8708], [-15.0784, 11.9689], [-15.9417, 11.7866], [-15.9201, 11.9376], [-16.1383, 11.9172], [-16.328, 12.0517], [-16.2445, 12.2372], [-16.4367, 12.2042], [-16.7118, 12.3549]]], [[[-15.5533, 11.537], [-15.6195, 11.5336], [-15.4824, 11.6323], [-15.4845, 11.5676], [-15.5533, 11.537]]], [[[-15.725, 11.2156], [-15.7797, 11.1946], [-15.6584, 11.2866], [-15.6872, 11.2344], [-15.725, 11.2156]]], [[[-15.896, 11.0823], [-15.964, 11.0589], [-15.9378, 11.1929], [-15.909, 11.1615], [-15.896, 11.0823]]], [[[-15.9018, 11.4659], [-16.0231, 11.4772], [-15.9644, 11.5983], [-15.9154, 11.5891], [-15.9018, 11.4659]]], [[[-15.9864, 11.8819], [-16.0382, 11.7597], [-16.1523, 11.8767], [-16.022, 11.8866], [-15.9864, 11.8819]]], [[[-16.1145, 11.0594], [-16.2366, 11.1136], [-16.0674, 11.1972], [-16.053, 11.1175], [-16.1145, 11.0594]]]]}}, {"type": "Feature", "properties": {"SOVEREIGNT": "Guinea", "SOV_A3": "GIN", "mean": 0.983, "GERMAN_NAME": "Guinea", "NOTE_DE": null}, "geometry": {"type": "Polygon", "coordinates": [[[-10.2832, 8.4851], [-10.3945, 8.4809], [-10.5576, 8.3157], [-10.712, 8.3351], [-10.5007, 8.6876], [-10.6159, 9.0591], [-10.7469, 9.0952], [-10.6904, 9.3142], [-11.2736, 9.9965], [-11.9112, 9.993], [-11.9227, 9.9227], [-12.1423, 9.8753], [-12.4281, 9.8981], [-12.7557, 9.3737], [-12.9588, 9.2632], [-13.0279, 9.1035], [-13.2928, 9.0492], [-13.2694, 9.1705], [-13.4361, 9.4204], [-13.5682, 9.5435], [-13.6914, 9.5359], [-13.6899, 9.9278], [-13.8202, 9.8871], [-14.0449, 10.1412], [-14.4268, 10.2485], [-14.6097, 10.5498], [-14.5935, 10.7666], [-14.6774, 10.689], [-14.776, 10.9317], [-14.8866, 10.9679], [-15.0126, 10.8043], [-15.0432, 10.9402], [-14.6828, 11.5086], [-14.2656, 11.6599], [-13.7328, 11.736], [-13.7382, 12.0097], [-13.9488, 12.1782], [-13.7079, 12.3127], [-13.7292, 12.6739], [-13.083, 12.6335], [-13.0614, 12.4899], [-12.9307, 12.5323], [-12.399, 12.3401], [-11.3895, 12.4043], [-11.5022, 12.1987], [-11.3053, 12.0156], [-10.933, 12.2053], [-10.7091, 11.8986], [-10.4658, 12.1388], [-10.275, 12.2127], [-9.754, 12.03], [-9.6583, 12.1431], [-9.358, 12.2554], [-9.3955, 12.4646], [-9.043, 12.4023], [-8.8184, 11.9224], [-8.822, 11.6733], [-8.3986, 11.3666], [-8.6668, 11.0094], [-8.3374, 10.9905], [-8.2665, 10.4859], [-8.0073, 10.3219], [-7.9907, 10.1624], [-8.1553, 9.9732], [-8.1369, 9.4958], [-8.0311, 9.3977], [-7.8961, 9.4159], [-7.918, 9.1886], [-7.778, 9.0808], [-7.9382, 8.9798], [-7.9511, 8.7869], [-7.7197, 8.643], [-7.6811, 8.4103], [-8.0491, 8.4952], [-8.237, 8.4556], [-8.2561, 8.2537], [-8.0487, 8.1697], [-8.0098, 8.0784], [-8.2319, 7.5567], [-8.4865, 7.5584], [-8.6596, 7.6884], [-8.8897, 7.2627], [-9.1175, 7.216], [-9.2633, 7.3778], [-9.4639, 7.4158], [-9.3692, 7.7039], [-9.5182, 8.3461], [-9.7821, 8.5377], [-10.0644, 8.4297], [-10.1475, 8.5198], [-10.2832, 8.4851]]]}}, {"type": "Feature", "properties": {"SOVEREIGNT": "Guatemala", "SOV_A3": "GTM", "mean": 1.663, "GERMAN_NAME": "Guatemala", "NOTE_DE": null}, "geometry": {"type": "Polygon", "coordinates": [[[-92.2352, 14.5453], [-92.075, 15.0743], [-92.2042, 15.2749], [-91.7366, 16.0702], [-90.447, 16.0726], [-90.4172, 16.3911], [-90.6342, 16.5109], [-90.7106, 16.708], [-91.4097, 17.256], [-90.9928, 17.2525], [-90.9892, 17.8164], [-89.1615, 17.8149], [-89.2374, 15.8944], [-88.894, 15.8906], [-88.6035, 15.7642], [-88.5361, 15.8496], [-88.5941, 15.9503], [-88.2283, 15.729], [-89.1427, 15.0724], [-89.2223, 14.866], [-89.1719, 14.607], [-89.3627, 14.416], [-89.5737, 14.3901], [-89.547, 14.2412], [-90.0482, 13.9041], [-90.0953, 13.7366], [-90.6069, 13.9291], [-91.3773, 13.9902], [-92.2352, 14.5453]]]}}, {"type": "Feature", "properties": {"SOVEREIGNT": "Grenada", "SOV_A3": "GRD", "mean": 0.892, "GERMAN_NAME": "Grenada", "NOTE_DE": null}, "geometry": {"type": "Polygon", "coordinates": [[[-61.7154, 12.0128], [-61.782, 12.0084], [-61.715, 12.1851], [-61.607, 12.2233], [-61.6272, 12.0541], [-61.7154, 12.0128]]]}}, {"type": "Feature", "properties": {"SOVEREIGNT": "Greece", "SOV_A3": "GRC", "mean": 1.601, "GERMAN_NAME": "Griechenland", "NOTE_DE": null}, "geometry": {"type": "MultiPolygon", "coordinates": [[[[27.8426, 35.9292], [27.7155, 35.9573], [27.7162, 36.1715], [27.9146, 36.3454], [28.2318, 36.4338], [28.0878, 36.0653], [27.8426, 35.9292]]], [[[27.8602, 36.5539], [27.8383, 36.5381], [27.7857, 36.6075], [27.8624, 36.6412], [27.8602, 36.5539]]], [[[26.9494, 36.7271], [27.2148, 36.8986], [27.3523, 36.8689], [27.151, 36.7776], [26.9494, 36.7271]]], [[[27.1762, 35.4653], [27.1377, 35.4092], [27.0708, 35.5979], [27.223, 35.8204], [27.1572, 35.6295], [27.2335, 35.4786], [27.1762, 35.4653]]], [[[26.8245, 37.8113], [27.0549, 37.7093], [26.845, 37.6447], [26.5812, 37.7237], [26.8245, 37.8113]]], [[[27.0196, 36.959], [26.9199, 36.9451], [26.8886, 37.0872], [27.0402, 37.0015], [27.0196, 36.959]]], [[[26.3209, 41.7165], [26.5815, 41.6013], [26.6247, 41.4017], [26.3306, 41.2387], [26.331, 40.9546], [26.039, 40.7269], [25.8558, 40.8442], [25.1044, 40.9947], [24.793, 40.8576], [24.477, 40.9478], [24.0824, 40.7241], [23.7627, 40.7479], [23.8668, 40.4184], [24.2127, 40.3277], [24.3434, 40.1477], [23.9132, 40.3587], [23.7278, 40.3298], [23.9676, 40.1145], [23.947, 39.9656], [23.6644, 40.2239], [23.4261, 40.264], [23.4333, 40.1154], [23.6742, 39.9588], [23.6274, 39.9241], [23.3955, 39.9899], [23.312, 40.2164], [22.8966, 40.3999], [22.8512, 40.4906], [22.9221, 40.5908], [22.6294, 40.4955], [22.5924, 40.037], [23.3278, 39.1749], [23.1547, 39.1014], [23.1619, 39.2578], [22.9214, 39.3064], [22.839, 39.2587], [22.8861, 39.17], [22.9657, 39.031], [23.0668, 39.0379], [22.569, 38.8675], [23.253, 38.6611], [23.6839, 38.3525], [23.9668, 38.2751], [24.0244, 38.1399], [24.0198, 37.6777], [23.5017, 38.0349], [23.0362, 37.8783], [23.1975, 37.6202], [23.3962, 37.5798], [23.4891, 37.4403], [23.1615, 37.3339], [23.015, 37.4817], [22.7749, 37.5852], [22.7256, 37.5421], [23.0604, 36.8534], [23.0409, 36.6445], [23.1601, 36.4482], [22.7173, 36.7939], [22.6086, 36.7797], [22.4894, 36.447], [22.4278, 36.4758], [22.376, 36.7019], [22.0804, 37.0289], [21.9555, 36.99], [21.8925, 36.7373], [21.5829, 37.0808], [21.679, 37.3873], [21.1246, 37.8915], [21.4036, 38.1967], [21.6585, 38.1751], [21.8248, 38.3282], [22.9203, 37.9582], [22.8933, 38.051], [23.1219, 38.0734], [23.1489, 38.1762], [22.8343, 38.2348], [22.4217, 38.4386], [22.3198, 38.3569], [21.9652, 38.4124], [21.4724, 38.3214], [21.3309, 38.4874], [21.3032, 38.3739], [21.1826, 38.3456], [20.7686, 38.8744], [20.8932, 38.9412], [21.1117, 38.8963], [21.1185, 39.0301], [20.7135, 39.0351], [20.301, 39.3271], [20.0014, 39.7093], [20.2484, 39.6784], [20.3823, 39.8026], [20.311, 39.9795], [20.6574, 40.1173], [20.806, 40.4453], [20.95, 40.4943], [21.0307, 40.6226], [20.9641, 40.8499], [21.5757, 40.869], [21.9933, 41.1309], [22.6035, 41.1401], [22.7248, 41.1785], [22.7839, 41.3319], [22.916, 41.3363], [24.4878, 41.5553], [24.7736, 41.356], [24.9936, 41.3649], [25.2513, 41.2436], [25.9234, 41.3118], [26.1355, 41.3857], [26.0854, 41.7042], [26.3209, 41.7165]]], [[[26.4102, 39.3295], [26.5783, 39.1096], [26.584, 39.0315], [26.4886, 39.0749], [26.5473, 38.9942], [26.1607, 39.0259], [26.1078, 39.0811], [26.273, 39.1976], [26.0725, 39.0957], [25.8442, 39.2], [26.1654, 39.3736], [26.4102, 39.3295]]], [[[26.4606, 36.5855], [26.3313, 36.5113], [26.2701, 36.5469], [26.3698, 36.6386], [26.4606, 36.5855]]], [[[26.0293, 37.5295], [26.0862, 37.6348], [26.3515, 37.6742], [26.205, 37.5685], [26.0293, 37.5295]]], [[[23.8524, 35.5356], [24.1659, 35.5953], [24.1976, 35.5375], [24.109, 35.4958], [24.3538, 35.3594], [24.7214, 35.4248], [25.4756, 35.3061], [25.7301, 35.3485], [25.7913, 35.1228], [26.3202, 35.3151], [26.2442, 35.0447], [26.1657, 35.0185], [24.7999, 34.9345], [24.7088, 35.089], [24.4636, 35.1603], [23.5928, 35.2572], [23.5698, 35.5349], [23.6727, 35.514], [23.7368, 35.6555], [23.8524, 35.5356]]], [[[26.0941, 38.2182], [25.9987, 38.1616], [25.8918, 38.2433], [25.9915, 38.3536], [25.846, 38.574], [26.1603, 38.5407], [26.0941, 38.2182]]], [[[25.8594, 36.7904], [25.7431, 36.7897], [26.0008, 36.9373], [26.0646, 36.9027], [25.8594, 36.7904]]], [[[25.6858, 40.4264], [25.5728, 40.4004], [25.4479, 40.4828], [25.5685, 40.5158], [25.6858, 40.4264]]], [[[25.5458, 36.9675], [25.4569, 36.9296], [25.3618, 37.0704], [25.5253, 37.1964], [25.5879, 37.1527], [25.5458, 36.9675]]], [[[25.4824, 36.3926], [25.436, 36.3402], [25.3705, 36.359], [25.409, 36.4739], [25.4824, 36.3926]]], [[[25.4029, 37.4193], [25.3071, 37.413], [25.3125, 37.4894], [25.463, 37.4712], [25.4029, 37.4193]]], [[[25.4378, 39.9833], [25.3572, 39.8082], [25.2495, 39.8943], [25.0623, 39.8525], [25.058, 39.9996], [25.2859, 39.9564], [25.449, 40.0349], [25.4378, 39.9833]]], [[[25.3816, 36.674], [25.3644, 36.6584], [25.26, 36.7585], [25.4068, 36.7174], [25.3816, 36.674]]], [[[25.279, 37.0683], [25.1995, 36.9912], [25.1055, 37.0348], [25.2351, 37.1487], [25.279, 37.0683]]], [[[25.256, 37.5996], [25.1563, 37.5451], [24.9964, 37.6768], [25.2254, 37.6307], [25.256, 37.5996]]], [[[24.9918, 37.7596], [24.9622, 37.6923], [24.7002, 37.9616], [24.9565, 37.9047], [24.9918, 37.7596]]], [[[24.9428, 37.4935], [24.9378, 37.3898], [24.9115, 37.3906], [24.9064, 37.5088], [24.9428, 37.4935]]], [[[24.7743, 40.6153], [24.6458, 40.5793], [24.5166, 40.6873], [24.7192, 40.7864], [24.7743, 40.6153]]], [[[24.721, 36.9215], [24.6764, 36.9591], [24.6814, 37.0216], [24.7632, 36.9492], [24.721, 36.9215]]], [[[24.6746, 38.8092], [24.541, 38.7887], [24.4856, 38.9803], [24.5641, 38.9423], [24.6746, 38.8092]]], [[[23.4153, 38.9588], [23.5251, 38.8133], [24.1274, 38.6484], [24.2757, 38.2201], [24.5634, 38.1475], [24.5785, 38.0203], [24.3596, 38.0186], [24.0403, 38.39], [23.6508, 38.4431], [23.6173, 38.5525], [23.2522, 38.8012], [22.8703, 38.8704], [23.2584, 39.0313], [23.4153, 38.9588]]], [[[24.5356, 36.7637], [24.5306, 36.684], [24.3261, 36.6556], [24.3574, 36.7443], [24.5356, 36.7637]]], [[[24.5234, 37.1251], [24.4248, 37.1318], [24.4413, 37.1869], [24.5292, 37.1924], [24.5234, 37.1251]]], [[[24.4356, 37.3445], [24.379, 37.3141], [24.4312, 37.4751], [24.4813, 37.408], [24.4356, 37.3445]]], [[[24.356, 37.5769], [24.289, 37.5283], [24.379, 37.6827], [24.4006, 37.6491], [24.356, 37.5769]]], [[[23.888, 39.1584], [23.8412, 39.1466], [23.9708, 39.2677], [23.9398, 39.2005], [23.888, 39.1584]]], [[[23.7796, 39.1145], [23.6662, 39.0954], [23.5939, 39.2085], [23.7796, 39.1145]]], [[[23.551, 37.9259], [23.4668, 37.9023], [23.4193, 37.9311], [23.4837, 37.991], [23.551, 37.9259]]], [[[23.0539, 36.1897], [22.911, 36.221], [22.9506, 36.3839], [23.0971, 36.2465], [23.0539, 36.1897]]], [[[20.8885, 37.8053], [20.994, 37.7079], [20.8186, 37.6647], [20.6196, 37.8549], [20.6916, 37.9295], [20.8885, 37.8053]]], [[[20.6124, 38.3834], [20.6246, 38.268], [20.7888, 38.1422], [20.7614, 38.0706], [20.5234, 38.1067], [20.4522, 38.2341], [20.3524, 38.18], [20.563, 38.4749], [20.6124, 38.3834]]], [[[20.7585, 38.3294], [20.7092, 38.3187], [20.6235, 38.4803], [20.7013, 38.4514], [20.7585, 38.3294]]], [[[20.6869, 38.6087], [20.5548, 38.5825], [20.5926, 38.76], [20.6941, 38.8442], [20.6869, 38.6087]]], [[[20.0778, 39.4328], [20.0997, 39.3765], [19.8841, 39.4614], [19.6465, 39.7672], [19.9262, 39.7738], [19.8466, 39.6681], [19.9554, 39.4704], [20.0778, 39.4328]]]]}}, {"type": "Feature", "properties": {"SOVEREIGNT": "Ghana", "SOV_A3": "GHA", "mean": 1.198, "GERMAN_NAME": "Ghana", "NOTE_DE": null}, "geometry": {"type": "Polygon", "coordinates": [[[-0.0686, 11.1156], [0.0095, 11.0209], [-0.0862, 10.673], [0.3807, 10.2919], [0.3238, 9.6876], [0.2644, 9.6447], [0.3425, 9.6042], [0.2335, 9.4637], [0.4052, 9.4916], [0.5258, 9.3986], [0.4887, 8.8515], [0.3724, 8.7593], [0.6863, 8.3548], [0.5837, 8.1458], [0.6053, 7.7284], [0.4999, 7.5468], [0.5096, 7.435], [0.6349, 7.3536], [0.5254, 6.851], [0.7367, 6.4525], [0.9851, 6.3202], [1.1871, 6.0894], [0.9499, 5.8101], [0.2597, 5.7572], [-0.7976, 5.2268], [-1.5017, 5.0381], [-2.0018, 4.7625], [-3.1142, 5.0888], [-3.0868, 5.1284], [-3.0191, 5.1308], [-2.8157, 5.153], [-2.7549, 5.4325], [-2.7938, 5.6001], [-2.9983, 5.7112], [-3.224, 6.441], [-3.2359, 6.8073], [-2.9857, 7.2049], [-2.7898, 7.932], [-2.5058, 8.2088], [-2.6005, 8.8005], [-2.747, 9.045], [-2.6959, 9.4814], [-2.7805, 9.7459], [-2.7913, 10.4325], [-2.9147, 10.5923], [-2.8298, 10.9983], [-1.0424, 11.0099], [-0.6273, 10.9273], [-0.2993, 11.167], [-0.0686, 11.1156]]]}}, {"type": "Feature", "properties": {"SOVEREIGNT": "Germany", "SOV_A3": "DEU", "mean": 1.704, "GERMAN_NAME": "Deutschland", "NOTE_DE": null}, "geometry": {"type": "MultiPolygon", "coordinates": [[[[9.524, 47.5242], [9.1827, 47.6708], [8.881, 47.6564], [8.5725, 47.7756], [8.4033, 47.6878], [8.5671, 47.6519], [8.4541, 47.5962], [7.6156, 47.5929], [7.5292, 47.6739], [7.6167, 48.1568], [7.8381, 48.636], [8.1405, 48.8865], [8.1347, 48.9736], [7.4507, 49.1522], [6.7354, 49.1605], [6.5342, 49.3948], [6.3445, 49.4528], [6.4874, 49.7985], [6.2048, 49.9152], [6.1166, 50.1208], [6.1753, 50.2328], [6.3646, 50.3163], [6.3409, 50.4518], [6.203, 50.4992], [6.2361, 50.5968], [5.9938, 50.7504], [6.0485, 50.9048], [5.8574, 51.0301], [6.1299, 51.1475], [6.0759, 51.2242], [6.1987, 51.45], [5.9488, 51.8027], [6.1666, 51.8806], [6.5176, 51.8539], [6.8002, 51.9674], [6.7246, 52.0802], [6.9773, 52.2055], [7.0353, 52.3803], [6.7487, 52.464], [6.7106, 52.6177], [7.0331, 52.6512], [7.1901, 52.9996], [7.1973, 53.2823], [7.0533, 53.3759], [7.0742, 53.4776], [7.2851, 53.6815], [8.0091, 53.6909], [8.1671, 53.5434], [8.1085, 53.4677], [8.2453, 53.4453], [8.3338, 53.6062], [8.4926, 53.5144], [8.4951, 53.3943], [8.5286, 53.7811], [8.6189, 53.875], [9.2054, 53.8559], [9.5852, 53.6005], [9.7839, 53.5546], [9.3119, 53.8592], [8.9782, 53.9262], [8.9033, 54.0003], [8.9066, 54.2607], [8.6449, 54.2949], [8.6481, 54.3976], [8.9519, 54.4676], [8.9573, 54.5384], [8.6823, 54.7918], [8.6704, 54.9034], [9.2551, 54.8081], [9.7396, 54.8256], [10.0222, 54.6739], [10.0287, 54.5814], [9.8685, 54.4724], [10.1436, 54.4884], [10.2123, 54.4089], [10.3603, 54.4382], [10.7314, 54.3162], [11.0133, 54.3791], [11.0644, 54.2805], [10.8106, 54.0752], [10.8546, 54.0099], [11.3996, 53.9446], [11.7963, 54.1454], [12.1113, 54.1684], [12.5754, 54.4672], [13.0286, 54.411], [13.448, 54.1409], [13.7241, 54.1533], [13.8656, 53.8533], [14.2587, 53.7298], [14.411, 53.199], [14.1288, 52.8783], [14.6194, 52.5285], [14.5546, 52.3596], [14.7526, 52.0819], [14.6018, 51.8324], [14.7249, 51.6617], [14.7246, 51.5239], [14.906, 51.4634], [15.0165, 51.2528], [14.8095, 50.859], [14.6583, 50.8326], [14.5456, 50.9939], [14.3196, 51.038], [14.2558, 51.0019], [14.3689, 50.8986], [13.5567, 50.7045], [12.9426, 50.4065], [12.5491, 50.3935], [12.2773, 50.1816], [12.0897, 50.3019], [12.2078, 50.0974], [12.512, 49.8957], [12.3907, 49.7397], [12.6812, 49.4146], [13.8148, 48.767], [13.7238, 48.5425], [13.4865, 48.5819], [13.3746, 48.3613], [12.7604, 48.107], [12.9534, 47.8907], [12.8976, 47.7218], [13.0542, 47.6552], [13.0142, 47.478], [12.6859, 47.6694], [12.4828, 47.6373], [12.2092, 47.7184], [12.1855, 47.6196], [11.7168, 47.5835], [11.0421, 47.3931], [10.8729, 47.5202], [10.4395, 47.5516], [10.3693, 47.366], [10.1832, 47.2787], [10.2004, 47.3634], [9.9715, 47.5052], [9.749, 47.5757], [9.524, 47.5242]]], [[[14.2116, 53.9504], [14.2137, 53.8709], [13.9257, 53.879], [13.8278, 54.1272], [14.2116, 53.9504]]], [[[13.7094, 54.3827], [13.7072, 54.2812], [13.4822, 54.3374], [13.3645, 54.2458], [13.1622, 54.3645], [13.1766, 54.5443], [13.4228, 54.6993], [13.6575, 54.5596], [13.5805, 54.4639], [13.7094, 54.3827]]], [[[11.283, 54.4179], [11.1292, 54.4159], [11.0119, 54.466], [11.085, 54.5335], [11.283, 54.4179]]], [[[8.3075, 54.7869], [8.2957, 54.9083], [8.4051, 55.0587], [8.3799, 54.8999], [8.6297, 54.8918], [8.3075, 54.7869]]], [[[8.588, 54.7127], [8.5487, 54.6882], [8.4004, 54.7142], [8.5099, 54.7604], [8.588, 54.7127]]]]}}, {"type": "Feature", "properties": {"SOVEREIGNT": "Georgia", "SOV_A3": "GEO", "mean": 1.675, "GERMAN_NAME": "Georgien", "NOTE_DE": null}, "geometry": {"type": "MultiPolygon", "coordinates": [[[[41.51, 41.5176], [41.7588, 41.8172], [41.5777, 42.3979], [41.9283, 42.6546], [41.9071, 42.9221], [42.0878, 43.1991], [42.419, 43.2243], [42.8899, 43.1325], [43.7953, 42.7031], [43.5721, 42.5406], [43.6553, 42.1076], [43.8317, 42.0616], [44.0815, 42.172], [44.3047, 42.0099], [44.4876, 41.9977], [44.624, 42.1357], [44.6172, 42.3044], [44.1996, 42.6536], [44.5765, 42.7485], [44.7713, 42.6168], [44.871, 42.7564], [45.1604, 42.6749], [45.3437, 42.5298], [45.6554, 42.5177], [45.7274, 42.4752], [45.6385, 42.2049], [46.4298, 41.891], [46.1821, 41.6572], [46.6724, 41.2868], [46.5345, 41.0886], [46.1706, 41.1977], [45.9218, 41.1866], [45.7256, 41.2616], [45.7155, 41.3376], [45.281, 41.4494], [45.0013, 41.2909], [44.8112, 41.2594], [44.8415, 41.2113], [43.4396, 41.1071], [43.4022, 41.1766], [43.2056, 41.1991], [42.7542, 41.5789], [42.6069, 41.5789], [42.4665, 41.4397], [41.9258, 41.4958], [41.8236, 41.4322], [41.51, 41.5176]]], [[[40.1157, 43.561], [39.9915, 43.4388], [40.0236, 43.4848], [40.0848, 43.5532], [40.1157, 43.561]]]]}}, {"type": "Feature", "properties": {"SOVEREIGNT": "Gambia", "SOV_A3": "GMB", "mean": 0.878, "GERMAN_NAME": "Gambia", "NOTE_DE": null}, "geometry": {"type": "Polygon", "coordinates": [[[-16.5624, 13.5872], [-15.5097, 13.5861], [-15.4269, 13.7271], [-15.1083, 13.8121], [-14.4056, 13.5037], [-13.9776, 13.5434], [-13.8267, 13.4077], [-13.8476, 13.3353], [-14.2468, 13.2359], [-15.1512, 13.5565], [-15.2862, 13.3959], [-15.8143, 13.3251], [-15.8344, 13.1564], [-16.6488, 13.1541], [-16.7632, 13.0642], [-16.8248, 13.3411], [-16.6693, 13.4749], [-16.5566, 13.3032], [-16.4133, 13.2697], [-16.1851, 13.2828], [-16.1584, 13.3839], [-15.4276, 13.4683], [-16.1354, 13.4482], [-16.3518, 13.3433], [-16.4407, 13.3532], [-16.5624, 13.5872]]]}}, {"type": "Feature", "properties": {"SOVEREIGNT": "Gabon", "SOV_A3": "GAB", "mean": 1.134, "GERMAN_NAME": "Gabun", "NOTE_DE": null}, "geometry": {"type": "Polygon", "coordinates": [[[13.2936, 2.1615], [13.1722, 1.7887], [13.2162, 1.2483], [13.8512, 1.4186], [14.181, 1.3702], [14.4297, 0.9016], [14.3242, 0.6242], [14.0874, 0.5366], [13.9495, 0.3538], [13.8602, -0.2033], [14.0694, -0.2702], [14.474, -0.5734], [14.384, -1.89], [14.163, -2.2176], [14.1997, -2.3541], [13.9938, -2.4906], [13.8868, -2.4654], [13.7338, -2.1386], [13.4649, -2.3955], [12.9919, -2.3134], [12.7935, -1.9319], [12.5905, -1.8269], [12.4321, -1.9289], [12.4465, -2.33], [12.0645, -2.4126], [11.6055, -2.3425], [11.5378, -2.8368], [11.7603, -2.9831], [11.7153, -3.177], [11.9342, -3.3185], [11.833, -3.5314], [11.8798, -3.6659], [11.6858, -3.6821], [11.5044, -3.5203], [11.2344, -3.6909], [11.1303, -3.9164], [10.3477, -3.0132], [9.722, -2.4675], [10.0021, -2.5883], [10.0622, -2.5499], [9.6244, -2.3672], [9.299, -1.9029], [9.4829, -1.9624], [9.4833, -1.8945], [9.2655, -1.8249], [9.0362, -1.3089], [9.3188, -1.6319], [9.5009, -1.5552], [9.2957, -1.5153], [9.3465, -1.3251], [9.2039, -1.3824], [9.0646, -1.2984], [8.7032, -0.5911], [8.8213, -0.7084], [8.9465, -0.6888], [9.2968, -0.3514], [9.3548, 0.3436], [9.4682, 0.1598], [9.7969, 0.0443], [9.8127, 0.1256], [10.0014, 0.195], [9.7767, 0.1926], [9.5463, 0.296], [9.3249, 0.552], [9.4952, 0.6648], [9.6179, 0.5765], [9.5909, 1.0319], [9.7605, 1.0748], [9.9067, 0.9601], [11.3355, 0.9998], [11.3287, 2.1674], [11.3485, 2.2996], [11.5591, 2.3021], [13.2205, 2.2564], [13.2936, 2.1615]]]}}, {"type": "Feature", "properties": {"SOVEREIGNT": "France", "SOV_A3": "FRA", "mean": 1.706, "GERMAN_NAME": "Frankreich", "NOTE_DE": null}, "geometry": {"type": "MultiPolygon", "coordinates": [[[[55.6562, -21.3691], [55.3103, -21.2174], [55.2329, -21.0584], [55.3114, -20.904], [55.662, -20.9062], [55.8391, -21.1386], [55.7974, -21.3394], [55.6562, -21.3691]]], [[[45.1176, -12.9849], [45.0427, -12.7013], [45.0924, -12.6531], [45.2231, -12.7522], [45.1802, -12.9768], [45.1176, -12.9849]]], [[[9.4541, 42.6586], [9.5261, 42.5528], [9.5506, 42.1296], [9.1863, 41.3848], [8.8076, 41.5884], [8.8868, 41.7007], [8.7179, 41.7615], [8.7403, 41.9252], [8.6218, 41.9307], [8.701, 42.0956], [8.5876, 42.1609], [8.5664, 42.2188], [8.6755, 42.2839], [8.5657, 42.3578], [8.8148, 42.608], [9.1381, 42.7329], [9.3134, 42.7131], [9.3631, 43.0174], [9.4631, 42.9809], [9.4541, 42.6586]]], [[[7.0213, 45.9258], [6.7909, 45.7408], [7.1465, 45.3817], [7.0781, 45.2401], [6.6922, 45.1444], [6.6346, 45.0682], [6.7383, 44.9214], [6.9928, 44.8273], [7.0306, 44.7166], [6.8431, 44.5107], [6.9003, 44.3358], [7.3186, 44.1381], [7.6372, 44.165], [7.6772, 44.0832], [7.4821, 43.8649], [7.4932, 43.7672], [7.4385, 43.7504], [7.3777, 43.7318], [6.7167, 43.3737], [6.5702, 43.1989], [6.1159, 43.0722], [5.4067, 43.2286], [5.3203, 43.3449], [5.0733, 43.3666], [5.0596, 43.4445], [4.7122, 43.3734], [4.2241, 43.4796], [4.0527, 43.5931], [3.9109, 43.5631], [3.2589, 43.1932], [3.0519, 42.9152], [3.0908, 42.5909], [3.2114, 42.4313], [2.8913, 42.4561], [2.6516, 42.3403], [2.2005, 42.421], [2.0327, 42.3537], [1.7062, 42.5033], [1.7098, 42.6045], [1.4283, 42.596], [1.2933, 42.71], [0.6968, 42.845], [0.6316, 42.6897], [-0.0412, 42.6892], [-0.2993, 42.8253], [-0.5863, 42.799], [-0.7627, 42.9398], [-1.3001, 43.1009], [-1.4607, 43.0518], [-1.4107, 43.2402], [-1.7534, 43.3248], [-1.7941, 43.4074], [-1.4848, 43.5638], [-1.2454, 44.5599], [-1.0769, 44.6899], [-1.1529, 44.764], [-1.2451, 44.6666], [-1.0809, 45.5323], [-0.8264, 45.3806], [-0.691, 45.0936], [-0.5485, 45.0007], [-0.7907, 45.4679], [-1.1961, 45.7144], [-1.2098, 45.7708], [-1.0316, 45.741], [-1.1464, 46.3113], [-1.7865, 46.5147], [-2.0594, 46.8103], [-2.0191, 47.0377], [-2.1969, 47.163], [-2.0277, 47.2735], [-1.7426, 47.2159], [-1.9755, 47.3107], [-2.5033, 47.3121], [-2.5299, 47.3815], [-2.4277, 47.4709], [-2.7704, 47.5137], [-2.7329, 47.6019], [-2.7873, 47.6257], [-2.9641, 47.6012], [-3.9008, 47.8376], [-4.3123, 47.8229], [-4.4278, 47.969], [-4.6787, 48.0395], [-4.3295, 48.17], [-4.5772, 48.2899], [-4.2413, 48.3036], [-4.7194, 48.363], [-4.7209, 48.54], [-3.2315, 48.8408], [-3.0033, 48.7906], [-2.6923, 48.5369], [-2.446, 48.6483], [-2.0795, 48.645], [-2.0036, 48.5822], [-1.9057, 48.6971], [-1.8247, 48.6306], [-1.3765, 48.6527], [-1.5655, 48.8056], [-1.5831, 49.2023], [-1.8135, 49.4901], [-1.8563, 49.6838], [-1.2587, 49.6802], [-1.1385, 49.3879], [-0.1636, 49.2969], [0.4171, 49.4485], [0.1294, 49.5085], [0.1867, 49.7031], [1.2454, 49.9981], [1.5928, 50.2522], [1.5795, 50.7393], [1.6724, 50.8849], [2.5249, 51.0971], [2.5969, 50.8758], [2.7592, 50.7505], [3.107, 50.7793], [3.2733, 50.5315], [3.5955, 50.4773], [3.6895, 50.306], [3.9497, 50.3361], [4.1747, 50.2465], [4.1492, 49.9716], [4.5452, 49.9601], [4.8188, 50.1531], [4.79, 49.9596], [4.8677, 49.7881], [5.2789, 49.6779], [5.5075, 49.5109], [5.7897, 49.5384], [6.0115, 49.4455], [6.3445, 49.4528], [6.5342, 49.3948], [6.7354, 49.1605], [7.4507, 49.1522], [8.1347, 48.9736], [8.1405, 48.8865], [7.8381, 48.636], [7.6167, 48.1568], [7.5292, 47.6739], [7.6156, 47.5929], [7.3431, 47.433], [6.9683, 47.4532], [6.9003, 47.3942], [7.0007, 47.3225], [6.667, 47.0265], [6.4564, 46.9484], [6.41, 46.7554], [6.1609, 46.611], [6.068, 46.4585], [6.0961, 46.2794], [5.9701, 46.2148], [6.0068, 46.1424], [6.1994, 46.1931], [6.2728, 46.2523], [6.2347, 46.3326], [6.4291, 46.4305], [6.7581, 46.4158], [6.8168, 46.2752], [6.7721, 46.1651], [7.0213, 45.9258]]], [[[-1.2137, 45.8166], [-1.3685, 45.9678], [-1.3887, 46.0504], [-1.1785, 45.9041], [-1.2137, 45.8166]]], [[[-54.1561, 5.359], [-53.9894, 5.676], [-53.8472, 5.7822], [-53.4545, 5.5635], [-52.8994, 5.425], [-52.2906, 4.9421], [-52.3244, 4.7708], [-52.22, 4.8628], [-52.058, 4.7174], [-51.9619, 4.5145], [-52.003, 4.3524], [-51.8276, 4.6356], [-51.6527, 4.0611], [-52.328, 3.1817], [-52.7006, 2.3637], [-53.0099, 2.1818], [-53.2298, 2.2049], [-53.3346, 2.3397], [-53.5088, 2.2531], [-53.7677, 2.3548], [-54.1201, 2.1281], [-54.1669, 2.2644], [-54.0064, 2.5749], [-53.9887, 2.8654], [-54.0816, 3.3068], [-54.0834, 3.325], [-53.9905, 3.5896], [-54.3509, 4.054], [-54.4798, 4.8364], [-54.452, 5.0135], [-54.1561, 5.359]]], [[[-54.1882, 2.8748], [-54.1853, 3.0579], [-54.1705, 2.9935], [-54.1882, 2.8748]]], [[[-60.8366, 14.4373], [-61.0638, 14.467], [-61.0112, 14.602], [-61.1412, 14.6525], [-61.2132, 14.8486], [-61.1275, 14.8754], [-60.927, 14.7553], [-60.8366, 14.4373]]], [[[-61.4447, 16.2193], [-61.5401, 16.2995], [-61.4713, 16.5067], [-61.1725, 16.2561], [-61.4447, 16.2193]]], [[[-61.2863, 15.886], [-61.3183, 15.9549], [-61.2499, 16.0063], [-61.2035, 15.9213], [-61.2863, 15.886]]], [[[-61.6704, 15.9621], [-61.7593, 16.062], [-61.7482, 16.3554], [-61.5523, 16.2708], [-61.5638, 16.0478], [-61.6704, 15.9621]]]]}}, {"type": "Feature", "properties": {"SOVEREIGNT": "Saint Pierre and Miquelon", "SOV_A3": "SPM", "mean": 1.523, "GERMAN_NAME": "Saint-Pierre und Miquelon", "NOTE_DE": null}, "geometry": {"type": "MultiPolygon", "coordinates": [[[[-56.1509, 46.7626], [-56.1718, 46.7528], [-56.2434, 46.7672], [-56.1527, 46.8112], [-56.1509, 46.7626]]], [[[-56.2672, 46.8386], [-56.3849, 46.8195], [-56.3647, 47.0989], [-56.2873, 47.071], [-56.2672, 46.8386]]]]}}, {"type": "Feature", "properties": {"SOVEREIGNT": "Wallis and Futuna", "SOV_A3": "WLF", "mean": 0.535, "GERMAN_NAME": "Wallis und Futuna", "NOTE_DE": null}, "geometry": {"type": "MultiPolygon", "coordinates": [[[[-176.1606, -13.3329], [-176.1955, -13.3017], [-176.148, -13.2217], [-176.1282, -13.2682], [-176.1606, -13.3329]]], [[[-178.0466, -14.3184], [-178.1586, -14.312], [-178.1942, -14.2556], [-178.1424, -14.2426], [-178.0466, -14.3184]]]]}}, {"type": "Feature", "properties": {"SOVEREIGNT": "Saint Martin", "SOV_A3": "MAF", "mean": 0.881, "GERMAN_NAME": "Saint-Martin", "NOTE_DE": null}, "geometry": {"type": "Polygon", "coordinates": []}}, {"type": "Feature", "properties": {"SOVEREIGNT": "Saint Barthelemy", "SOV_A3": "BLM", "mean": 0.881, "GERMAN_NAME": "Saint-Barthélemy", "NOTE_DE": null}, "geometry": {"type": "Polygon", "coordinates": [[[-62.8318, 17.8765], [-62.8588, 17.8836], [-62.8742, 17.9221], [-62.7997, 17.9086], [-62.8318, 17.8765]]]}}, {"type": "Feature", "properties": {"SOVEREIGNT": "French Polynesia", "SOV_A3": "PYF", "mean": 0.404, "GERMAN_NAME": "Französisch-Polynesien", "NOTE_DE": null}, "geometry": {"type": "MultiPolygon", "coordinates": [[[[-136.2938, -18.5444], [-136.314, -18.5664], [-136.4785, -18.4709], [-136.4263, -18.4744], [-136.2938, -18.5444]]], [[[-136.9717, -18.342], [-136.9713, -18.3609], [-137.0674, -18.2653], [-137.0296, -18.2727], [-136.9717, -18.342]]], [[[-138.506, -20.8571], [-138.5348, -20.8759], [-138.5463, -20.7712], [-138.515, -20.8134], [-138.506, -20.8571]]], [[[-138.6511, -10.5153], [-138.6878, -10.5323], [-138.6903, -10.4256], [-138.6244, -10.4629], [-138.6511, -10.5153]]], [[[-139.0244, -9.6952], [-138.8746, -9.7473], [-138.8275, -9.7417], [-139.1342, -9.8295], [-139.1666, -9.7704], [-139.0244, -9.6952]]], [[[-139.0597, -9.9314], [-139.1338, -10.0095], [-139.1342, -9.9264], [-139.0597, -9.9314]]], [[[-139.5561, -8.9404], [-139.6209, -8.948], [-139.6119, -8.8725], [-139.5082, -8.8972], [-139.5561, -8.9404]]], [[[-140.0756, -9.426], [-140.1444, -9.3594], [-140.0709, -9.3281], [-140.031, -9.3448], [-140.0756, -9.426]]], [[[-140.0727, -8.9105], [-140.2174, -8.9298], [-140.2401, -8.7975], [-140.0576, -8.8014], [-140.0727, -8.9105]]], [[[-140.8093, -17.8567], [-140.8514, -17.8666], [-140.8035, -17.7517], [-140.6862, -17.6838], [-140.6383, -17.6781], [-140.8093, -17.8567]]], [[[-140.6854, -18.3798], [-140.6718, -18.4163], [-140.7816, -18.3342], [-140.6854, -18.3798]]], [[[-140.8298, -18.1893], [-140.8226, -18.2169], [-140.9734, -18.0591], [-140.9252, -18.0837], [-140.8298, -18.1893]]], [[[-142.5117, -16.0962], [-142.5297, -16.1072], [-142.4811, -16.0178], [-142.5117, -16.0962]]], [[[-143.4405, -16.6197], [-143.3862, -16.669], [-143.5507, -16.6209], [-143.5154, -16.6123], [-143.4405, -16.6197]]], [[[-143.5712, -16.6346], [-143.6108, -16.6404], [-143.7073, -16.5808], [-143.6702, -16.5808], [-143.5712, -16.6346]]], [[[-145.0515, -15.8562], [-145.0576, -15.9012], [-145.1606, -15.7569], [-145.1336, -15.762], [-145.0515, -15.8562]]], [[[-145.4868, -16.3297], [-145.6092, -16.1653], [-145.6138, -16.0792], [-145.5771, -16.1599], [-145.4868, -16.3297]]], [[[-149.3215, -17.6901], [-149.1778, -17.7366], [-149.1818, -17.8623], [-149.3413, -17.7324], [-149.5789, -17.735], [-149.635, -17.5644], [-149.3791, -17.5222], [-149.3215, -17.6901]]], [[[-149.8136, -17.5452], [-149.8867, -17.553], [-149.9022, -17.4695], [-149.7823, -17.4877], [-149.8136, -17.5452]]], [[[-151.4099, -16.8778], [-151.4855, -16.8637], [-151.4667, -16.7396], [-151.3645, -16.8643], [-151.4099, -16.8778]]], [[[-151.4667, -16.6574], [-151.5042, -16.647], [-151.5056, -16.5739], [-151.4379, -16.6234], [-151.4667, -16.6574]]]]}}, {"type": "Feature", "properties": {"SOVEREIGNT": "New Caledonia", "SOV_A3": "NCL", "mean": 1.202, "GERMAN_NAME": "Neukaledonien", "NOTE_DE": null}, "geometry": {"type": "MultiPolygon", "coordinates": [[[[168.0109, -21.43], [168.1391, -21.4451], [168.1207, -21.6158], [167.9666, -21.6416], [167.8154, -21.3927], [167.9886, -21.3379], [168.0109, -21.43]]], [[[167.5443, -22.6231], [167.4439, -22.6391], [167.4435, -22.5414], [167.5296, -22.5792], [167.5443, -22.6231]]], [[[167.4007, -21.1607], [167.0727, -20.9972], [167.0328, -20.9225], [167.1894, -20.8035], [167.0558, -20.7202], [167.2041, -20.6735], [167.2981, -20.7325], [167.2934, -20.8915], [167.4306, -21.0553], [167.4007, -21.1607]]], [[[164.2025, -20.2462], [164.4361, -20.2823], [165.1917, -20.7688], [165.6626, -21.2672], [166.9424, -22.0901], [166.9701, -22.3229], [166.7739, -22.3761], [166.4679, -22.256], [166.1767, -22.0892], [166.0961, -21.9566], [165.3285, -21.58], [164.9275, -21.2898], [164.3745, -20.7393], [164.0405, -20.1729], [164.2025, -20.2462]]], [[[166.5468, -20.6986], [166.4935, -20.7085], [166.6245, -20.4183], [166.6706, -20.4503], [166.5468, -20.6986]]], [[[159.9516, -19.3119], [159.9282, -19.1742], [159.9599, -19.1145], [159.975, -19.2383], [159.9516, -19.3119]]]]}}, {"type": "Feature", "properties": {"SOVEREIGNT": "French Southern and Antarctic Lands", "SOV_A3": "ATF", "mean": 1.091, "GERMAN_NAME": "Französische Süd- und Antarktisgebiete", "NOTE_DE": null}, "geometry": {"type": "MultiPolygon", "coordinates": [[[[69.1847, -49.1095], [69.5929, -48.971], [69.644, -49.1173], [69.405, -49.1817], [69.5425, -49.2556], [70.3201, -49.0587], [70.4843, -49.084], [70.5556, -49.2015], [70.386, -49.4339], [70.1657, -49.343], [69.76, -49.4301], [69.9864, -49.5816], [70.1657, -49.5094], [70.3072, -49.5833], [70.1243, -49.7045], [69.153, -49.5297], [68.9928, -49.705], [68.8146, -49.6996], [68.8722, -49.4443], [68.7988, -49.2317], [68.8834, -49.1649], [68.7696, -49.0659], [68.8319, -48.8488], [69.0025, -48.6612], [69.0814, -48.6792], [69.1361, -48.8611], [69.0522, -49.0819], [69.1847, -49.1095]]], [[[69.2822, -49.059], [69.2207, -49.0668], [69.167, -48.883], [69.3686, -48.8905], [69.3946, -48.9512], [69.2822, -49.059]]], [[[51.8345, -46.4399], [51.6966, -46.4281], [51.6592, -46.3736], [51.742, -46.3269], [51.8345, -46.4399]]]]}}, {"type": "Feature", "properties": {"SOVEREIGNT": "Aland", "SOV_A3": "ALD", "mean": 2.406, "GERMAN_NAME": "Åland", "NOTE_DE": null}, "geometry": {"type": "MultiPolygon", "coordinates": [[[[20.6113, 60.0407], [20.5216, 60.0117], [20.3978, 60.0407], [20.49, 60.0749], [20.6113, 60.0407]]], [[[19.9896, 60.3511], [20.2588, 60.2613], [20.0425, 60.1806], [20.0338, 60.0935], [19.7458, 60.099], [19.6868, 60.2676], [19.8477, 60.2205], [19.8229, 60.3901], [19.9896, 60.3511]]], [[[19.6623, 60.1872], [19.5799, 60.1351], [19.519, 60.1846], [19.6288, 60.246], [19.6623, 60.1872]]]]}}, {"type": "Feature", "properties": {"SOVEREIGNT": "Finland", "SOV_A3": "FIN", "mean": 2.732, "GERMAN_NAME": "Finnland", "NOTE_DE": null}, "geometry": {"type": "MultiPolygon", "coordinates": [[[[24.1555, 65.8053], [23.9074, 66.1483], [23.7004, 66.2526], [23.7012, 66.4806], [23.8657, 66.5766], [23.9884, 66.8106], [23.6414, 67.1294], [23.6259, 67.2339], [23.775, 67.3285], [23.7336, 67.4227], [23.4549, 67.4602], [23.5413, 67.6144], [23.5017, 67.8752], [23.6389, 67.9544], [23.1824, 68.1366], [23.0978, 68.2576], [22.8541, 68.3673], [21.9973, 68.5207], [20.6221, 69.0369], [21.0656, 69.0417], [21.1279, 69.0808], [21.0526, 69.1865], [21.1437, 69.2474], [21.6218, 69.2709], [22.4109, 68.72], [23.3239, 68.649], [23.8542, 68.8059], [24.9414, 68.5933], [25.2492, 68.8213], [25.7485, 68.99], [25.7672, 69.2828], [26.0725, 69.6916], [26.5254, 69.9149], [27.1276, 69.9064], [27.7479, 70.0647], [28.4118, 69.8228], [29.1415, 69.6714], [29.3334, 69.4731], [28.8463, 69.1768], [28.9658, 69.022], [28.4139, 68.9041], [28.7728, 68.8401], [28.4794, 68.5377], [28.5601, 68.3513], [28.685, 68.1897], [29.3438, 68.0618], [29.9882, 67.6683], [29.941, 67.5475], [29.2434, 67.0966], [29.0662, 66.8918], [29.9032, 66.0912], [30.0876, 65.7866], [30.0955, 65.6816], [29.716, 65.6244], [29.8194, 65.5687], [29.608, 65.2487], [29.8269, 65.1451], [29.6041, 64.9685], [29.7834, 64.8042], [30.1103, 64.7325], [30.12, 64.6447], [29.9868, 64.5242], [30.1081, 64.3661], [30.4879, 64.2366], [30.5261, 64.0773], [30.2103, 63.8032], [29.9914, 63.7352], [31.1809, 63.2084], [31.5341, 62.8854], [31.1867, 62.4814], [29.2516, 61.2878], [27.7976, 60.5361], [27.4624, 60.4647], [27.2054, 60.5434], [26.5347, 60.4128], [26.5693, 60.6246], [26.3778, 60.4239], [25.9558, 60.4741], [26.0358, 60.3415], [25.7578, 60.2676], [25.6563, 60.3332], [24.6004, 60.1143], [24.4456, 60.0213], [23.4636, 59.9862], [23.0211, 59.8161], [22.9639, 59.8264], [23.1986, 60.0218], [22.9117, 60.2098], [22.7497, 60.0572], [22.4628, 60.0293], [22.4426, 60.1568], [22.5898, 60.2283], [22.5124, 60.2813], [22.5848, 60.3806], [21.8544, 60.5054], [21.8054, 60.5942], [21.6132, 60.5309], [21.436, 60.5965], [21.3604, 60.9676], [21.5134, 61.2812], [21.5066, 61.4844], [21.5649, 61.4844], [21.4983, 61.5519], [21.606, 61.5917], [21.256, 61.9897], [21.3435, 62.2773], [21.1657, 62.4142], [21.1038, 62.623], [21.4735, 63.0331], [21.651, 63.0392], [21.5451, 63.2044], [22.3198, 63.3105], [22.2432, 63.4379], [22.3461, 63.4424], [22.3188, 63.5044], [22.398, 63.4912], [22.5322, 63.6479], [23.5989, 64.041], [24.2782, 64.5152], [24.558, 64.8009], [24.9421, 64.884], [25.288, 64.8602], [25.2279, 64.951], [25.3726, 65.0095], [25.256, 65.1433], [25.3478, 65.4792], [24.675, 65.6706], [24.5814, 65.7571], [24.6282, 65.8593], [24.4042, 65.7805], [24.1555, 65.8053]]], [[[24.8481, 64.9911], [24.5785, 64.9786], [24.5767, 65.043], [24.9975, 65.0388], [24.8481, 64.9911]]], [[[22.1751, 60.3707], [22.4156, 60.3033], [22.313, 60.27], [22.3605, 60.1655], [22.0772, 60.2863], [22.1751, 60.3707]]], [[[21.9944, 60.3366], [21.8187, 60.3818], [21.8274, 60.4698], [21.9069, 60.4384], [21.9944, 60.3366]]], [[[21.8331, 60.1405], [21.733, 60.1062], [21.6949, 60.1143], [21.7644, 60.1988], [21.8644, 60.2018], [21.8331, 60.1405]]], [[[21.6283, 60.1079], [21.5408, 60.0978], [21.4861, 60.1268], [21.634, 60.169], [21.6283, 60.1079]]], [[[21.4508, 60.5295], [21.3, 60.4797], [21.2146, 60.6039], [21.2679, 60.6383], [21.4508, 60.5295]]], [[[21.2179, 63.2414], [21.2287, 63.2227], [21.422, 63.2459], [21.2535, 63.1519], [21.084, 63.2777], [21.2179, 63.2414]]]]}}, {"type": "Feature", "properties": {"SOVEREIGNT": "Fiji", "SOV_A3": "FJI", "mean": 0.762, "GERMAN_NAME": "Fidschi", "NOTE_DE": null}, "geometry": {"type": "MultiPolygon", "coordinates": [[[[180.0, -16.5401], [179.9845, -16.5222], [180.0, -16.4888], [180.0, -16.5401]]], [[[180.0, -16.9632], [179.897, -16.9641], [180.0, -16.7858], [179.9993, -16.8589], [180.0, -16.9632]]], [[[179.9993, -16.1686], [179.564, -16.6369], [179.568, -16.7475], [179.9305, -16.5194], [179.928, -16.7445], [179.4193, -16.8066], [179.2022, -16.7127], [179.0068, -16.9002], [178.7065, -16.9762], [178.6036, -16.8006], [178.4974, -16.7879], [178.5838, -16.6218], [178.8052, -16.6313], [178.9607, -16.4828], [179.3592, -16.3799], [179.5518, -16.2499], [179.9993, -16.1686]]], [[[179.4222, -17.3667], [179.3891, -17.3938], [179.3732, -17.2562], [179.4326, -17.2716], [179.4222, -17.3667]]], [[[179.3495, -18.1023], [179.2534, -18.0306], [179.3063, -17.944], [179.3624, -18.0652], [179.3495, -18.1023]]], [[[178.8275, -17.7291], [178.7476, -17.6857], [178.7872, -17.6245], [178.8311, -17.6189], [178.8275, -17.7291]]], [[[178.2803, -17.3719], [178.5917, -17.6516], [178.6676, -18.0808], [177.9556, -18.2641], [177.3212, -18.0775], [177.264, -17.8635], [177.4109, -17.7538], [177.4008, -17.6318], [177.5045, -17.5396], [177.818, -17.3884], [178.1878, -17.3129], [178.2803, -17.3719]]], [[[178.488, -18.9741], [178.3591, -19.0456], [178.2878, -19.0036], [178.1622, -19.1215], [177.9588, -19.1215], [178.2083, -18.9696], [178.488, -18.9741]]], [[[177.2341, -17.147], [177.1826, -17.1638], [177.2874, -17.0486], [177.2759, -17.1048], [177.2341, -17.147]]], [[[177.1214, -12.5056], [177.0826, -12.5156], [177.0062, -12.4911], [177.1182, -12.4823], [177.1214, -12.5056]]], [[[174.6295, -21.6949], [174.5928, -21.7024], [174.587, -21.68], [174.6043, -21.6675], [174.6295, -21.6949]]], [[[-178.2511, -17.9527], [-178.3069, -17.9633], [-178.3573, -17.9209], [-178.2803, -17.8864], [-178.2511, -17.9527]]], [[[-178.5352, -19.1659], [-178.596, -19.1513], [-178.5892, -19.1189], [-178.5568, -19.113], [-178.5352, -19.1659]]], [[[-178.7116, -20.6677], [-178.7292, -20.6601], [-178.7274, -20.6452], [-178.7191, -20.6523], [-178.7116, -20.6677]]], [[[-178.762, -18.2339], [-178.7735, -18.2524], [-178.848, -18.2019], [-178.763, -18.1913], [-178.762, -18.2339]]], [[[-178.9564, -17.2728], [-179.0039, -17.2949], [-179.005, -17.1484], [-178.915, -17.223], [-178.9564, -17.2728]]], [[[-178.988, -17.9766], [-179.0392, -17.9884], [-179.0791, -17.9442], [-179.0474, -17.9204], [-178.988, -17.9766]]], [[[-179.7998, -18.9403], [-179.7977, -18.9698], [-179.865, -18.9988], [-179.8564, -18.9432], [-179.7998, -18.9403]]], [[[-179.9748, -16.9248], [-180.0, -16.7856], [-179.861, -16.6884], [-179.8222, -16.7653], [-179.9748, -16.9248]]], [[[-179.9294, -16.5027], [-180.0, -16.5401], [-179.901, -16.4316], [-179.9294, -16.5027]]], [[[-179.9561, -16.1492], [-180.0, -16.1683], [-179.9694, -16.1261], [-179.9561, -16.1492]]]]}}, {"type": "Feature", "properties": {"SOVEREIGNT": "Ethiopia", "SOV_A3": "ETH", "mean": 1.52, "GERMAN_NAME": "Äthiopien", "NOTE_DE": null}, "geometry": {"type": "Polygon", "coordinates": [[[34.0782, 9.4616], [34.3111, 10.1907], [34.2758, 10.5281], [34.3439, 10.6586], [34.5717, 10.8801], [34.7712, 10.7461], [34.9314, 10.8648], [35.1125, 11.8165], [35.6701, 12.6237], [36.1251, 12.757], [36.1601, 13.0934], [36.3905, 13.6261], [36.5244, 14.2568], [37.0244, 14.2719], [37.2573, 14.4536], [37.5713, 14.149], [37.8841, 14.8523], [38.4313, 14.4286], [38.8122, 14.4823], [39.0239, 14.6282], [39.1981, 14.4793], [39.5318, 14.5366], [40.1406, 14.456], [40.8203, 14.1117], [42.3783, 12.4663], [41.7926, 11.686], [41.7984, 10.9804], [41.9575, 10.941], [42.5576, 11.0807], [42.9227, 10.9992], [42.6566, 10.6], [42.8417, 10.203], [43.1815, 9.88], [43.4825, 9.3796], [43.9839, 9.0087], [46.9781, 7.997], [47.9781, 7.997], [46.4229, 6.4973], [44.9405, 4.9119], [43.989, 4.9505], [43.5836, 4.855], [43.1257, 4.6445], [42.8568, 4.3243], [42.0241, 4.1378], [41.8841, 3.9776], [41.1403, 3.9629], [40.7652, 4.273], [39.8421, 3.8515], [39.539, 3.4693], [39.2255, 3.4788], [38.0861, 3.6489], [36.9056, 4.4116], [36.0819, 4.4497], [35.9199, 4.6198], [35.8454, 4.7026], [35.7878, 4.7762], [35.763, 4.808], [35.7792, 5.1056], [35.7936, 5.1403], [35.7943, 5.183], [35.79, 5.2455], [35.7914, 5.2787], [35.4685, 5.4191], [35.3778, 5.3852], [35.3457, 5.3728], [35.3252, 5.3649], [35.3119, 5.3717], [35.2647, 5.4121], [35.2647, 5.4128], [35.2683, 5.4923], [34.9836, 5.8582], [34.7107, 6.6602], [34.0641, 7.2257], [33.9025, 7.5095], [33.666, 7.6711], [33.2261, 7.7606], [32.9989, 7.8995], [33.2811, 8.4372], [33.9533, 8.4434], [34.0728, 8.5453], [34.0782, 9.4616]]]}}, {"type": "Feature", "properties": {"SOVEREIGNT": "Estonia", "SOV_A3": "EST", "mean": 2.591, "GERMAN_NAME": "Estland", "NOTE_DE": null}, "geometry": {"type": "MultiPolygon", "coordinates": [[[[27.3519, 57.5282], [26.966, 57.6091], [26.462, 57.5445], [25.9911, 57.8382], [25.2826, 58.0486], [24.3225, 57.8705], [24.5292, 58.3542], [24.3369, 58.3814], [24.1148, 58.2662], [23.7674, 58.3608], [23.5093, 58.6585], [23.6806, 58.7871], [23.5035, 58.7898], [23.4319, 58.9207], [23.515, 58.9993], [23.4945, 59.1956], [24.0835, 59.292], [24.0536, 59.3723], [24.3805, 59.4726], [25.4439, 59.5211], [25.5094, 59.6389], [26.6251, 59.5539], [26.9746, 59.4506], [27.8926, 59.4142], [28.0125, 59.4843], [28.1511, 59.3744], [27.8977, 59.2776], [27.7576, 59.0521], [27.434, 58.7872], [27.5312, 58.4353], [27.5024, 58.2214], [27.7785, 57.8706], [27.542, 57.7993], [27.3519, 57.5282]]], [[[23.3437, 58.5503], [23.2605, 58.5399], [23.0636, 58.6111], [23.1655, 58.6781], [23.3329, 58.6486], [23.3437, 58.5503]]], [[[22.6176, 58.6211], [22.9642, 58.6057], [23.3232, 58.4509], [23.1273, 58.4359], [22.7302, 58.2306], [22.3717, 58.2173], [22.1524, 57.9668], [21.9969, 57.9312], [21.9854, 57.9953], [22.1877, 58.1544], [21.8821, 58.2624], [21.984, 58.3867], [21.8623, 58.4972], [22.2666, 58.508], [22.3281, 58.5809], [22.6176, 58.6211]]], [[[22.9236, 58.8268], [22.5423, 58.6899], [22.4109, 58.8634], [22.0563, 58.9436], [22.4628, 58.9743], [22.6492, 59.0872], [22.9099, 58.9914], [23.0085, 58.8341], [22.9236, 58.8268]]]]}}, {"type": "Feature", "properties": {"SOVEREIGNT": "Eritrea", "SOV_A3": "ERI", "mean": 1.215, "GERMAN_NAME": "Eritrea", "NOTE_DE": null}, "geometry": {"type": "MultiPolygon", "coordinates": [[[[36.5244, 14.2568], [36.4268, 15.1321], [36.9139, 16.2962], [36.8876, 16.6247], [37.0089, 17.0588], [37.4111, 17.0616], [37.5475, 17.3242], [38.2535, 17.5847], [38.6095, 18.0051], [39.0343, 17.0855], [39.2989, 15.9211], [39.7856, 15.1248], [39.8637, 15.4704], [40.0409, 15.3345], [40.2039, 15.0141], [40.5463, 14.9335], [40.7994, 14.7431], [41.1763, 14.6204], [41.6583, 13.9831], [42.2451, 13.5875], [42.3992, 13.2126], [42.5227, 13.2215], [42.7963, 12.8643], [42.9695, 12.8082], [42.999, 12.8995], [43.1167, 12.7086], [42.8658, 12.6227], [42.7038, 12.3804], [42.45, 12.5213], [42.3783, 12.4663], [40.8203, 14.1117], [40.1406, 14.456], [39.5318, 14.5366], [39.1981, 14.4793], [39.0239, 14.6282], [38.8122, 14.4823], [38.4313, 14.4286], [37.8841, 14.8523], [37.5713, 14.149], [37.2573, 14.4536], [37.0244, 14.2719], [36.5244, 14.2568]]], [[[40.1413, 15.6962], [40.1823, 15.6431], [40.25, 15.7035], [40.3991, 15.5799], [39.9753, 15.6125], [39.9476, 15.6962], [40.0704, 15.6767], [39.9401, 15.7446], [40.0005, 15.8282], [39.9566, 15.8893], [40.0967, 15.8385], [40.1413, 15.6962]]], [[[40.0765, 16.0823], [40.11, 15.9857], [39.9962, 16.0426], [40.0765, 16.0823]]]]}}, {"type": "Feature", "properties": {"SOVEREIGNT": "Equatorial Guinea", "SOV_A3": "GNQ", "mean": 1.258, "GERMAN_NAME": "Äquatorialguinea", "NOTE_DE": null}, "geometry": {"type": "MultiPolygon", "coordinates": [[[[11.3287, 2.1674], [11.3355, 0.9998], [9.9067, 0.9601], [9.7605, 1.0748], [9.5909, 1.0319], [9.3861, 1.1392], [9.8069, 1.9275], [9.8008, 2.3043], [9.9797, 2.1677], [11.3287, 2.1674]]], [[[8.7356, 3.7583], [8.9102, 3.7583], [8.9462, 3.6276], [8.7039, 3.2235], [8.4749, 3.2646], [8.4645, 3.4507], [8.5772, 3.4825], [8.7356, 3.7583]]]]}}, {"type": "Feature", "properties": {"SOVEREIGNT": "El Salvador", "SOV_A3": "SLV", "mean": 1.524, "GERMAN_NAME": "El Salvador", "NOTE_DE": null}, "geometry": {"type": "Polygon", "coordinates": [[[-89.3627, 14.416], [-89.1204, 14.3701], [-88.7075, 14.032], [-88.5124, 13.9789], [-88.4825, 13.8543], [-88.1509, 13.9874], [-87.9911, 13.8796], [-87.8021, 13.8901], [-87.7153, 13.8128], [-87.7369, 13.4513], [-87.8143, 13.3992], [-87.931, 13.1807], [-88.6855, 13.2815], [-88.512, 13.184], [-89.2777, 13.478], [-89.8041, 13.5601], [-90.0953, 13.7366], [-90.0482, 13.9041], [-89.547, 14.2412], [-89.5737, 14.3901], [-89.3627, 14.416]]]}}, {"type": "Feature", "properties": {"SOVEREIGNT": "Egypt", "SOV_A3": "EGY", "mean": 1.592, "GERMAN_NAME": "Ägypten", "NOTE_DE": null}, "geometry": {"type": "Polygon", "coordinates": [[[36.8714, 21.9967], [31.4343, 21.9958], [31.4862, 22.1477], [31.4001, 22.2024], [31.2093, 21.9948], [24.9802, 21.9958], [24.9802, 29.1819], [24.703, 30.2011], [24.9615, 30.6786], [24.8528, 31.3348], [25.1505, 31.655], [25.2254, 31.5337], [25.3824, 31.5129], [25.8932, 31.6208], [27.2479, 31.3778], [27.5402, 31.2128], [28.5147, 31.0503], [29.072, 30.8302], [29.4284, 30.9274], [29.9299, 31.2275], [30.2226, 31.2584], [30.395, 31.4577], [30.9235, 31.5669], [30.5631, 31.4171], [31.0016, 31.4627], [31.083, 31.6033], [31.5243, 31.4582], [31.889, 31.5413], [32.136, 31.341], [31.8923, 31.4825], [31.7709, 31.2926], [32.0085, 31.2206], [32.1018, 31.0929], [32.2818, 31.201], [32.2163, 31.2938], [32.6033, 31.0689], [33.1299, 31.1682], [33.1944, 31.0845], [33.6663, 31.1305], [34.1981, 31.3226], [34.2452, 31.2084], [34.9044, 29.4773], [34.7363, 29.2706], [34.3997, 28.0161], [34.22, 27.7644], [33.7603, 28.0477], [33.2477, 28.5678], [33.1303, 28.9783], [32.7213, 29.5217], [32.5658, 29.9739], [32.4729, 29.9255], [32.3599, 29.6307], [32.5989, 29.3218], [32.6317, 28.9922], [32.8981, 28.5652], [33.5472, 27.8982], [33.5497, 27.6075], [33.8492, 27.1849], [33.959, 26.6489], [34.5653, 25.6912], [35.1942, 24.4752], [35.7839, 23.9377], [35.5409, 23.9207], [35.5045, 23.7792], [35.5229, 23.4425], [35.6978, 22.9461], [35.9135, 22.7397], [36.2295, 22.6288], [36.8714, 21.9967]]]}}, {"type": "Feature", "properties": {"SOVEREIGNT": "Ecuador", "SOV_A3": "ECU", "mean": 0.964, "GERMAN_NAME": "Ecuador", "NOTE_DE": null}, "geometry": {"type": "MultiPolygon", "coordinates": [[[[-75.2845, -0.1065], [-75.6262, -0.1228], [-75.2593, -0.5902], [-75.2496, -0.9517], [-75.408, -0.9243], [-75.5707, -1.5313], [-76.0899, -2.1332], [-76.6792, -2.5626], [-77.8607, -2.9818], [-78.1833, -3.3502], [-78.1584, -3.4651], [-78.3453, -3.3973], [-78.4198, -3.7768], [-78.6793, -4.3258], [-78.6862, -4.5624], [-78.9076, -4.7144], [-78.9191, -4.8585], [-79.0332, -4.9691], [-79.3309, -4.9278], [-79.5163, -4.5393], [-79.6384, -4.4548], [-79.7971, -4.4763], [-80.1395, -4.296], [-80.3836, -4.4636], [-80.4786, -4.43], [-80.353, -4.2085], [-80.4883, -4.1655], [-80.4901, -4.0101], [-80.3033, -4.0051], [-80.1791, -3.8777], [-80.3245, -3.3879], [-79.9635, -3.1577], [-79.7298, -2.5791], [-79.8421, -2.0674], [-79.9257, -2.5485], [-80.0301, -2.5567], [-80.0067, -2.3538], [-80.2846, -2.7067], [-80.9322, -2.2691], [-80.9628, -2.1893], [-80.7702, -2.0768], [-80.7605, -1.9346], [-80.9023, -1.079], [-80.8415, -0.9747], [-80.5539, -0.848], [-80.4556, -0.5855], [-80.2824, -0.6206], [-80.3847, -0.584], [-80.4822, -0.3682], [-80.0463, 0.1554], [-80.0884, 0.7848], [-79.7413, 0.9798], [-78.8997, 1.2062], [-78.8269, 1.2959], [-78.8597, 1.4552], [-78.1807, 0.9686], [-77.703, 0.8379], [-77.6487, 0.7237], [-77.4676, 0.6364], [-77.3963, 0.3939], [-76.4945, 0.2354], [-76.3883, 0.405], [-76.2706, 0.4394], [-75.7767, 0.0893], [-75.2845, -0.1065]]], [[[-78.9094, 1.2527], [-78.9918, 1.2931], [-78.8997, 1.3598], [-78.9094, 1.2527]]], [[[-80.1316, -2.9732], [-80.2731, -2.996], [-80.2237, -2.753], [-80.0808, -2.6688], [-79.9091, -2.7256], [-80.0934, -2.846], [-80.1316, -2.9732]]], [[[-89.4189, -0.911], [-89.5366, -0.9523], [-89.6086, -0.8886], [-89.2878, -0.6898], [-89.4189, -0.911]]], [[[-90.3347, -0.7716], [-90.5421, -0.6765], [-90.5316, -0.5815], [-90.2696, -0.4847], [-90.1853, -0.5449], [-90.1929, -0.6588], [-90.3347, -0.7716]]], [[[-90.424, -1.34], [-90.5194, -1.2992], [-90.4773, -1.2211], [-90.379, -1.2923], [-90.424, -1.34]]], [[[-90.5738, -0.334], [-90.8092, -0.3295], [-90.8679, -0.2714], [-90.7804, -0.1603], [-90.5532, -0.2785], [-90.5738, -0.334]]], [[[-91.2722, 0.0252], [-91.1764, -0.2231], [-90.9755, -0.417], [-90.959, -0.5952], [-90.7998, -0.752], [-90.9057, -0.9405], [-91.131, -1.0196], [-91.419, -0.9965], [-91.4954, -0.861], [-91.121, -0.5591], [-91.3694, -0.2873], [-91.4288, -0.0234], [-91.5969, 0.0022], [-91.3614, 0.1259], [-91.2722, 0.0252]]], [[[-91.4259, -0.4609], [-91.6109, -0.4439], [-91.6466, -0.2846], [-91.4601, -0.2558], [-91.4259, -0.4609]]]]}}, {"type": "Feature", "properties": {"SOVEREIGNT": "Dominican Republic", "SOV_A3": "DOM", "mean": 1.212, "GERMAN_NAME": "Dominikanische Republik", "NOTE_DE": null}, "geometry": {"type": "Polygon", "coordinates": [[[-71.7684, 18.0391], [-71.7619, 18.3413], [-72.0003, 18.5978], [-71.7432, 18.7328], [-71.8073, 18.9871], [-71.6453, 19.1636], [-71.7465, 19.2858], [-71.7792, 19.7182], [-71.5578, 19.8954], [-71.236, 19.8482], [-70.9541, 19.9139], [-70.1938, 19.638], [-69.9569, 19.6718], [-69.7394, 19.2992], [-69.3251, 19.3278], [-69.2326, 19.2718], [-69.3229, 19.2011], [-69.6059, 19.2065], [-69.6235, 19.1178], [-68.6846, 18.9047], [-68.339, 18.6115], [-68.6875, 18.2149], [-68.9348, 18.4081], [-69.2747, 18.4399], [-69.7708, 18.4435], [-70.183, 18.2517], [-70.48, 18.2174], [-70.6449, 18.3362], [-71.0279, 18.2732], [-71.439, 17.6356], [-71.6316, 17.7736], [-71.7684, 18.0391]]]}}, {"type": "Feature", "properties": {"SOVEREIGNT": "Dominica", "SOV_A3": "DMA", "mean": 0.854, "GERMAN_NAME": "Dominica", "NOTE_DE": null}, "geometry": {"type": "Polygon", "coordinates": [[[-61.2816, 15.2489], [-61.3756, 15.2272], [-61.458, 15.6332], [-61.2773, 15.5268], [-61.2816, 15.2489]]]}}, {"type": "Feature", "properties": {"SOVEREIGNT": "Djibouti", "SOV_A3": "DJI", "mean": 1.236, "GERMAN_NAME": "Dschibuti", "NOTE_DE": null}, "geometry": {"type": "Polygon", "coordinates": [[[43.2459, 11.4997], [42.9227, 10.9992], [42.5576, 11.0807], [41.9575, 10.941], [41.7984, 10.9804], [41.7926, 11.686], [42.3783, 12.4663], [42.45, 12.5213], [42.7038, 12.3804], [42.8658, 12.6227], [43.1167, 12.7086], [43.3536, 12.367], [43.3802, 12.0912], [43.0479, 11.829], [42.7992, 11.7394], [42.6401, 11.5601], [42.5216, 11.5721], [42.5839, 11.4968], [43.0429, 11.5884], [43.2459, 11.4997]]]}}, {"type": "Feature", "properties": {"SOVEREIGNT": "Greenland", "SOV_A3": "GRL", "mean": 2.656, "GERMAN_NAME": "Grönland", "NOTE_DE": null}, "geometry": {"type": "MultiPolygon", "coordinates": [[[[-29.9529, 83.5649], [-25.7949, 83.261], [-31.9927, 83.0853], [-32.0327, 82.9834], [-29.9637, 83.1105], [-27.002, 83.0671], [-25.1235, 83.1596], [-24.4705, 82.8774], [-22.525, 82.7891], [-21.6916, 82.6825], [-21.5206, 82.5954], [-21.994, 82.4628], [-23.118, 82.3248], [-29.5792, 82.1611], [-29.8874, 82.0547], [-29.8111, 81.9554], [-29.544, 81.94], [-27.8394, 82.0488], [-25.1487, 82.0011], [-24.5893, 81.8829], [-24.293, 81.701], [-23.496, 81.773], [-23.1799, 81.9894], [-22.9401, 82.0304], [-21.3381, 82.0686], [-21.1304, 81.9343], [-21.1466, 81.6953], [-21.5041, 81.4375], [-23.0726, 80.9267], [-23.1964, 80.8474], [-23.1176, 80.7781], [-22.8256, 80.9127], [-20.8899, 81.2763], [-19.6299, 81.6399], [-19.2249, 81.6401], [-19.1529, 81.5123], [-17.4559, 81.3978], [-16.1206, 81.7767], [-14.2422, 81.8138], [-12.4346, 81.6826], [-11.4255, 81.4807], [-13.1262, 81.0878], [-14.4524, 80.9932], [-14.2285, 80.8705], [-14.5035, 80.7634], [-16.7607, 80.5735], [-15.9374, 80.4275], [-16.4889, 80.2519], [-18.0711, 80.1721], [-19.429, 80.2576], [-20.1501, 80.0112], [-20.1814, 79.8581], [-20.0688, 79.7739], [-19.3531, 79.7343], [-19.2836, 79.6833], [-19.4139, 79.3488], [-19.1522, 79.3254], [-18.992, 79.1784], [-19.7232, 79.0651], [-20.0504, 78.8419], [-20.6156, 78.804], [-21.1336, 78.6586], [-20.9558, 78.555], [-21.7474, 77.7906], [-21.7294, 77.7085], [-21.579, 77.6514], [-21.3795, 77.6976], [-20.8626, 77.9117], [-19.4906, 77.7189], [-19.2962, 77.5853], [-20.162, 77.6897], [-20.6808, 77.6189], [-20.2318, 77.3685], [-19.3002, 77.2223], [-18.4426, 77.2595], [-18.2925, 77.133], [-18.3372, 76.9212], [-18.6057, 76.7633], [-20.4867, 76.9207], [-20.9421, 76.887], [-21.6146, 76.6879], [-22.3342, 76.7936], [-22.6068, 76.6808], [-21.8774, 76.5736], [-21.7582, 76.4005], [-21.4882, 76.2719], [-20.8874, 76.304], [-20.1037, 76.2191], [-19.8628, 76.1206], [-19.9579, 75.9966], [-19.509, 75.7575], [-19.3995, 75.4945], [-19.3754, 75.298], [-19.5262, 75.1802], [-19.7984, 75.1574], [-20.1987, 75.3079], [-20.4849, 75.3142], [-20.9058, 75.1569], [-21.6492, 75.0235], [-22.2327, 75.1196], [-21.6952, 74.9644], [-20.9857, 75.0743], [-20.7855, 74.8917], [-20.7952, 74.806], [-21.0386, 74.6541], [-20.8615, 74.6361], [-20.6113, 74.7282], [-20.4172, 74.9752], [-19.9849, 74.9752], [-19.5378, 74.6246], [-19.2868, 74.5465], [-19.2249, 74.4795], [-19.2717, 74.3426], [-19.6461, 74.2579], [-20.2563, 74.2827], [-20.2304, 74.2046], [-21.1293, 74.1109], [-21.9548, 74.2442], [-21.7618, 74.4828], [-21.9825, 74.5675], [-21.9202, 74.4391], [-21.9728, 74.3899], [-22.3342, 74.2863], [-22.1956, 74.2056], [-22.3353, 74.0635], [-22.1348, 73.9904], [-20.3672, 73.8483], [-20.5098, 73.4928], [-20.6368, 73.4635], [-21.548, 73.4317], [-22.3468, 73.2692], [-23.2332, 73.3977], [-23.7606, 73.543], [-24.1576, 73.7644], [-24.6771, 73.6023], [-25.5213, 73.8517], [-24.7783, 73.5398], [-26.0624, 73.2529], [-27.2706, 73.4362], [-26.5419, 73.2489], [-26.7288, 73.1714], [-27.5614, 73.1386], [-27.348, 73.0679], [-25.3989, 73.2758], [-25.0569, 73.3965], [-24.1328, 73.4093], [-22.0362, 72.9185], [-22.0066, 72.6354], [-22.0747, 72.3992], [-22.2802, 72.3448], [-22.2932, 72.1196], [-24.0691, 72.4986], [-24.3585, 72.6873], [-24.63, 73.0377], [-26.6575, 72.7158], [-26.3922, 72.6727], [-24.8132, 72.9016], [-24.6501, 72.5825], [-24.7005, 72.5063], [-25.2038, 72.3929], [-24.5724, 72.4202], [-22.497, 71.9139], [-22.3702, 71.7698], [-21.9598, 71.7447], [-22.5031, 71.5005], [-22.4797, 71.3835], [-22.4174, 71.2488], [-22.299, 71.4322], [-21.7521, 71.4782], [-21.6744, 70.8562], [-21.5228, 70.5262], [-21.9436, 70.4435], [-22.3843, 70.4624], [-22.4368, 70.86], [-22.6906, 70.4374], [-23.3278, 70.4509], [-23.9715, 70.6495], [-24.2656, 71.0464], [-24.5623, 71.2236], [-25.8853, 71.572], [-27.0873, 71.6265], [-27.1622, 71.6022], [-27.1071, 71.5326], [-25.8428, 71.4801], [-25.6675, 71.2653], [-26.0142, 71.0929], [-26.718, 70.9504], [-28.3984, 70.993], [-27.9794, 70.8395], [-28.1457, 70.6557], [-29.072, 70.445], [-27.596, 70.4067], [-26.7471, 70.4756], [-26.5084, 70.3966], [-27.3282, 70.2171], [-27.6288, 70.0281], [-27.3843, 69.9915], [-27.0276, 70.2013], [-25.53, 70.3532], [-23.6673, 70.1394], [-22.2064, 70.1078], [-22.435, 69.9858], [-23.0881, 69.8828], [-23.0496, 69.7928], [-23.8657, 69.7367], [-23.7393, 69.5886], [-24.2966, 69.5855], [-24.221, 69.4793], [-24.2955, 69.4394], [-25.1887, 69.2606], [-25.0926, 69.1652], [-25.544, 69.0457], [-25.6981, 68.8899], [-26.4829, 68.6759], [-29.2495, 68.2987], [-29.8683, 68.3116], [-30.1956, 68.1989], [-30.7201, 68.2512], [-30.6107, 68.1179], [-30.9786, 68.0613], [-31.4196, 68.1285], [-32.3275, 68.4374], [-32.1803, 68.2572], [-32.3667, 68.213], [-32.1561, 68.0632], [-32.1644, 67.9912], [-33.1083, 67.6583], [-33.5043, 67.3769], [-33.5281, 67.258], [-34.1016, 66.7261], [-34.4227, 66.6301], [-34.6329, 66.4346], [-35.1884, 66.2503], [-35.8674, 66.4414], [-35.6301, 66.1399], [-36.3793, 65.8308], [-36.389, 65.9598], [-36.5273, 66.0077], [-36.6651, 65.7902], [-36.9323, 65.7827], [-37.0629, 65.8714], [-37.316, 65.7904], [-37.41, 65.6562], [-37.7541, 65.593], [-38.0011, 65.7095], [-37.7973, 65.8568], [-37.788, 65.978], [-37.2786, 66.3043], [-38.1566, 66.3855], [-37.7523, 66.2614], [-37.9694, 66.1411], [-38.1401, 65.9035], [-38.5202, 66.0098], [-38.2164, 65.8385], [-38.2034, 65.7116], [-38.6369, 65.6243], [-40.1737, 65.5561], [-39.5779, 65.3408], [-40.2533, 65.0489], [-40.6676, 65.1088], [-41.0845, 65.1008], [-41.0888, 65.0354], [-40.9661, 64.8687], [-40.6554, 64.9154], [-40.1823, 64.48], [-40.6986, 64.3298], [-40.7817, 64.2219], [-41.5809, 64.2984], [-41.0305, 64.121], [-40.6179, 64.1318], [-40.6525, 63.9277], [-40.5503, 63.7251], [-40.7717, 63.6262], [-40.7753, 63.5337], [-41.0489, 63.5139], [-41.1522, 63.349], [-41.1075, 63.2739], [-41.388, 63.0618], [-41.8445, 63.0703], [-42.1746, 63.2088], [-42.0939, 63.1166], [-41.6346, 62.9724], [-41.9089, 62.737], [-42.9417, 62.7202], [-42.153, 62.5685], [-42.3215, 62.1526], [-42.1429, 62.0134], [-42.1101, 61.8572], [-42.5853, 61.7175], [-42.3236, 61.6818], [-42.6458, 61.0641], [-42.7171, 60.7676], [-43.044, 60.5236], [-43.9227, 60.5954], [-43.2128, 60.3906], [-43.1228, 60.0612], [-43.3201, 59.9283], [-43.9551, 60.0254], [-43.6578, 59.8587], [-43.9065, 59.8156], [-44.1171, 59.8319], [-44.0653, 59.9248], [-44.4131, 59.9227], [-44.4534, 60.0145], [-44.2313, 60.1803], [-44.1762, 60.2443], [-44.2244, 60.2735], [-44.6132, 60.0166], [-45.3793, 60.203], [-45.3678, 60.3729], [-44.9747, 60.4571], [-44.7569, 60.6647], [-45.3804, 60.4448], [-46.0467, 60.6157], [-46.1418, 60.7766], [-45.8797, 61.0941], [-45.8703, 61.2184], [-46.0118, 61.0969], [-46.8744, 60.8164], [-47.7963, 60.8289], [-47.7301, 60.7296], [-47.828, 60.7247], [-48.1808, 60.7693], [-48.2053, 60.856], [-47.7704, 60.9978], [-48.3864, 61.0047], [-48.4281, 61.1873], [-48.9221, 61.2774], [-49.0491, 61.524], [-49.2889, 61.59], [-49.1931, 61.6858], [-49.3803, 61.8902], [-48.8288, 62.0796], [-49.1204, 62.1126], [-49.6237, 61.9985], [-49.6676, 62.1507], [-49.5535, 62.2327], [-50.3192, 62.4732], [-50.2595, 62.5781], [-50.2987, 62.7219], [-49.7933, 63.0446], [-50.3902, 62.8221], [-51.4687, 63.6423], [-51.5382, 63.7579], [-51.4511, 63.9048], [-51.5476, 64.006], [-50.2606, 64.2142], [-50.4866, 64.2089], [-50.437, 64.3128], [-51.5422, 64.0971], [-51.7078, 64.2052], [-51.2315, 64.5605], [-50.8348, 64.5589], [-50.8492, 64.6447], [-50.6843, 64.6782], [-50.3552, 64.6825], [-50.0089, 64.4473], [-50.1216, 64.7037], [-50.5169, 64.7665], [-50.9608, 65.2011], [-50.7217, 64.7976], [-51.2207, 64.6284], [-51.139, 64.7856], [-51.2552, 64.758], [-51.7582, 64.28], [-51.9227, 64.2188], [-52.0933, 64.4159], [-52.089, 64.6815], [-52.2589, 65.155], [-52.4476, 65.2051], [-52.5376, 65.3289], [-51.6192, 65.7131], [-51.0918, 65.7758], [-51.7236, 65.7234], [-52.3482, 65.4613], [-52.5512, 65.4613], [-52.7611, 65.5908], [-53.1989, 65.5941], [-53.2338, 65.7708], [-53.1064, 65.9771], [-53.3922, 66.0483], [-52.0562, 66.5072], [-51.225, 66.8816], [-53.0358, 66.2014], [-53.6147, 66.1545], [-53.6348, 66.4136], [-53.4188, 66.6486], [-53.0383, 66.8269], [-52.3867, 66.8812], [-53.687, 66.9866], [-53.8843, 67.1355], [-53.7986, 67.4181], [-52.512, 67.7614], [-50.6134, 67.5281], [-51.171, 67.6937], [-50.887, 67.7836], [-50.9687, 67.8067], [-51.7654, 67.7379], [-52.345, 67.8369], [-52.9796, 67.7577], [-53.4188, 67.5746], [-53.7353, 67.5491], [-53.578, 67.8369], [-53.1517, 68.2078], [-51.5969, 68.0547], [-51.1692, 68.3853], [-51.4561, 68.3937], [-51.6325, 68.273], [-52.1984, 68.2208], [-52.7802, 68.3098], [-53.3832, 68.2973], [-53.0394, 68.611], [-52.6045, 68.7087], [-51.6232, 68.5349], [-51.1332, 68.5985], [-50.8006, 68.7913], [-51.2495, 68.7399], [-51.085, 69.1282], [-50.2973, 69.1705], [-50.5367, 69.2479], [-51.077, 69.2094], [-50.8924, 69.4118], [-50.8042, 69.6631], [-50.3495, 69.7962], [-50.5, 69.9358], [-50.3228, 70.0271], [-51.1058, 70.0573], [-51.499, 69.9872], [-52.2546, 70.0588], [-53.0232, 70.302], [-54.0143, 70.4218], [-54.5309, 70.6993], [-54.1658, 70.8201], [-52.8018, 70.7505], [-51.5245, 70.4395], [-50.6821, 70.3969], [-51.3229, 70.5887], [-51.2567, 70.8525], [-51.7744, 71.0105], [-51.0191, 71.0015], [-51.3766, 71.1191], [-53.0077, 71.1801], [-53.1172, 71.3128], [-52.7496, 71.5015], [-51.7787, 71.6829], [-52.6564, 71.6723], [-53.1676, 71.5359], [-53.4401, 71.5789], [-53.4761, 71.6402], [-53.1445, 71.8073], [-53.3335, 71.7896], [-53.4203, 71.9998], [-53.8098, 72.2926], [-53.6521, 72.3625], [-53.9279, 72.3188], [-53.4624, 71.8936], [-53.7796, 71.6785], [-54.02, 71.6579], [-53.912, 71.526], [-53.9632, 71.459], [-54.6889, 71.3672], [-55.3366, 71.4267], [-55.594, 71.5536], [-55.6692, 71.6914], [-55.3157, 72.1107], [-54.8401, 72.3561], [-54.8963, 72.3941], [-55.32, 72.1996], [-55.5814, 72.1789], [-55.6595, 72.2227], [-55.6357, 72.3004], [-55.2959, 72.3544], [-55.6019, 72.4535], [-54.9251, 72.5719], [-54.74, 72.7001], [-54.7379, 72.8725], [-55.073, 73.0151], [-55.289, 72.9332], [-55.6685, 73.0079], [-55.6926, 73.1129], [-55.3585, 73.2029], [-55.2883, 73.327], [-55.4456, 73.4605], [-55.739, 73.384], [-55.8755, 73.5046], [-56.1041, 73.5581], [-55.9684, 73.7596], [-55.8384, 73.7597], [-56.2254, 74.1291], [-56.4932, 74.1822], [-57.2305, 74.1253], [-56.7064, 74.2192], [-56.639, 74.2783], [-56.7175, 74.4292], [-56.2556, 74.5269], [-58.5654, 75.3529], [-58.6036, 75.3853], [-58.2497, 75.5067], [-58.5161, 75.6891], [-61.1884, 76.1577], [-63.2915, 76.3521], [-63.843, 76.2172], [-64.3074, 76.3165], [-65.3698, 76.1304], [-65.954, 76.2417], [-66.4656, 76.1391], [-67.0787, 76.1948], [-66.6748, 75.9774], [-66.8263, 75.9687], [-68.3174, 76.0907], [-69.4842, 76.3993], [-68.1144, 76.6506], [-69.252, 76.6862], [-69.8881, 76.827], [-69.6941, 76.9894], [-70.6132, 76.8218], [-71.155, 77.0739], [-70.6038, 77.1939], [-68.9784, 77.1954], [-68.5918, 77.3426], [-68.1356, 77.3796], [-66.9379, 77.3643], [-66.3893, 77.2803], [-66.453, 77.3931], [-66.2665, 77.5153], [-66.8234, 77.6866], [-67.6882, 77.5238], [-68.6216, 77.6018], [-69.3514, 77.4671], [-70.5621, 77.7172], [-70.1146, 77.8413], [-71.2716, 77.8132], [-72.1587, 77.957], [-72.8182, 78.1943], [-72.5813, 78.2792], [-72.7149, 78.3623], [-72.4726, 78.4821], [-71.6514, 78.6232], [-70.9059, 78.6384], [-68.9935, 78.8575], [-68.924, 78.882], [-69.0306, 78.9429], [-68.3772, 79.0378], [-65.8255, 79.1737], [-65.2877, 79.4372], [-64.7923, 80.0006], [-64.1792, 80.0993], [-64.4399, 80.1419], [-65.8104, 80.024], [-66.8436, 80.0763], [-67.1413, 80.1665], [-67.1932, 80.28], [-66.61, 80.5296], [-65.6452, 80.6851], [-64.5155, 81.0], [-63.722, 81.0572], [-63.0586, 80.8856], [-63.2353, 81.0833], [-62.9934, 81.2068], [-61.436, 81.1336], [-61.1621, 81.2815], [-61.1002, 81.3962], [-61.2028, 81.7468], [-60.4324, 81.9202], [-59.2818, 81.8841], [-56.6153, 81.3629], [-59.2681, 81.982], [-58.7173, 82.0931], [-54.5489, 82.3506], [-53.6712, 82.1641], [-53.5819, 82.0615], [-53.5556, 81.6533], [-53.0412, 81.8709], [-52.9256, 82.0384], [-53.102, 82.1189], [-53.1107, 82.2512], [-53.0225, 82.3218], [-50.8945, 81.8952], [-49.5409, 81.9181], [-50.7131, 82.2373], [-50.9899, 82.4602], [-50.037, 82.4725], [-48.8612, 82.4055], [-44.7295, 81.7798], [-44.5326, 81.8489], [-44.637, 82.1043], [-44.547, 82.26], [-44.2388, 82.3682], [-44.3267, 82.4718], [-45.5564, 82.7471], [-41.8765, 82.6804], [-41.3696, 82.75], [-44.7619, 82.8835], [-46.1367, 82.8588], [-46.478, 82.9519], [-46.1691, 83.0638], [-45.4146, 83.0176], [-43.0094, 83.2646], [-41.3001, 83.1008], [-40.3569, 83.3321], [-38.931, 83.1754], [-38.1563, 82.9985], [-37.9349, 83.1608], [-38.5397, 83.2582], [-38.7495, 83.3708], [-37.7232, 83.4977], [-36.8045, 83.4658], [-36.6065, 83.5369], [-29.9529, 83.5649]]], [[[-18.0006, 75.4074], [-17.8857, 75.2043], [-17.498, 75.1514], [-17.3922, 75.0368], [-18.6709, 75.0016], [-18.8912, 75.0721], [-18.8559, 75.319], [-18.0006, 75.4074]]], [[[-17.6125, 79.826], [-18.0358, 79.7112], [-18.6619, 79.7201], [-19.1382, 79.8524], [-18.5474, 80.0112], [-17.4714, 80.0287], [-17.4008, 79.9405], [-17.6125, 79.826]]], [[[-17.9538, 77.6424], [-18.2202, 77.6684], [-17.9037, 77.8624], [-17.6816, 77.8585], [-17.6413, 77.7824], [-17.7295, 77.7064], [-17.9538, 77.6424]]], [[[-18.5827, 76.0423], [-18.6972, 76.0159], [-19.0852, 76.4304], [-19.059, 76.6949], [-18.7324, 76.6421], [-18.5827, 76.0423]]], [[[-18.6648, 81.8464], [-19.0316, 81.8272], [-19.5946, 81.9912], [-19.6105, 82.0781], [-19.3146, 82.1231], [-18.6648, 81.8464]]], [[[-18.997, 77.9739], [-19.1295, 77.9386], [-19.3146, 78.3443], [-18.9355, 78.4236], [-18.9531, 78.212], [-18.8826, 78.115], [-18.997, 77.9739]]], [[[-25.4324, 70.9213], [-25.3935, 70.8347], [-25.4677, 70.7796], [-25.3464, 70.6932], [-25.4022, 70.6526], [-26.2179, 70.454], [-26.6046, 70.5533], [-28.0352, 70.4868], [-27.7141, 70.7128], [-27.709, 70.897], [-27.6172, 70.9136], [-26.6218, 70.8756], [-25.819, 71.0438], [-25.4324, 70.9213]]], [[[-37.0313, 65.5319], [-37.1868, 65.5312], [-37.2228, 65.6954], [-36.9531, 65.6633], [-37.0313, 65.5319]]], [[[-44.8645, 82.0835], [-46.752, 82.3482], [-47.3514, 82.5992], [-46.3992, 82.6922], [-44.9174, 82.4806], [-44.75, 82.4011], [-44.8645, 82.0835]]], [[[-46.2667, 60.7815], [-46.3815, 60.6603], [-46.7901, 60.7799], [-46.2051, 60.9436], [-46.2667, 60.7815]]], [[[-51.0137, 69.5525], [-51.234, 69.5519], [-51.3503, 69.8547], [-51.0947, 69.9241], [-50.6789, 69.8485], [-50.9118, 69.7567], [-51.0137, 69.5525]]], [[[-51.675, 70.8551], [-52.1192, 70.8706], [-52.148, 70.9043], [-51.9698, 70.9763], [-51.607, 70.8689], [-51.675, 70.8551]]], [[[-52.7312, 69.9446], [-52.0454, 69.8072], [-51.9004, 69.6048], [-52.1128, 69.4892], [-52.7705, 69.3641], [-53.7544, 69.2603], [-54.1828, 69.4036], [-53.6582, 69.4652], [-53.8249, 69.5404], [-54.7343, 69.6105], [-54.9193, 69.7136], [-54.7879, 69.9498], [-54.3224, 69.9419], [-54.7735, 70.0524], [-54.8308, 70.1331], [-54.7058, 70.2562], [-54.3718, 70.3173], [-53.2968, 70.2055], [-52.7312, 69.9446]]], [[[-53.5351, 71.0409], [-53.8976, 71.0853], [-53.9578, 71.1278], [-53.5844, 71.297], [-53.4322, 71.1535], [-53.5351, 71.0409]]], [[[-55.0169, 72.7913], [-55.5666, 72.5642], [-56.215, 72.7192], [-55.2059, 72.8418], [-55.0169, 72.7913]]], [[[-71.6673, 77.3253], [-72.0237, 77.3164], [-72.4949, 77.3855], [-72.0892, 77.4671], [-71.4336, 77.3943], [-71.6673, 77.3253]]]]}}, {"type": "Feature", "properties": {"SOVEREIGNT": "Faroe Islands", "SOV_A3": "FRO", "mean": 1.641, "GERMAN_NAME": "Färöer", "NOTE_DE": null}, "geometry": {"type": "MultiPolygon", "coordinates": [[[[-6.406, 62.2585], [-6.4539, 62.1865], [-6.5443, 62.2056], [-6.5547, 62.3557], [-6.406, 62.2585]]], [[[-6.6231, 61.806], [-6.6703, 61.7687], [-6.8848, 61.8991], [-6.662, 61.8618], [-6.6231, 61.806]]], [[[-6.631, 62.2278], [-6.6559, 62.0936], [-6.8405, 62.1193], [-6.7253, 61.9515], [-7.0137, 62.094], [-7.1721, 62.2856], [-6.9586, 62.3163], [-6.631, 62.2278]]], [[[-6.6994, 61.4447], [-6.8881, 61.5348], [-6.9349, 61.6344], [-6.7405, 61.5705], [-6.6994, 61.4447]]], [[[-7.1869, 62.1393], [-7.0652, 62.0732], [-7.2549, 62.0461], [-7.4227, 62.1402], [-7.1869, 62.1393]]]]}}, {"type": "Feature", "properties": {"SOVEREIGNT": "Denmark", "SOV_A3": "DNK", "mean": 1.991, "GERMAN_NAME": "Dänemark", "NOTE_DE": null}, "geometry": {"type": "MultiPolygon", "coordinates": [[[[15.0878, 55.0218], [14.6842, 55.1021], [14.7138, 55.238], [14.7652, 55.2967], [15.1328, 55.1445], [15.0878, 55.0218]]], [[[12.6657, 55.5966], [12.5509, 55.5563], [12.5203, 55.6147], [12.62, 55.6794], [12.6657, 55.5966]]], [[[12.5689, 55.7851], [12.5451, 55.6558], [12.3205, 55.5879], [12.215, 55.4666], [12.3853, 55.3857], [12.413, 55.2861], [12.0901, 55.188], [12.0505, 54.8154], [11.8622, 54.7727], [11.6538, 55.1868], [11.2862, 55.2044], [11.1706, 55.3285], [11.121, 55.6008], [10.9788, 55.7216], [11.3222, 55.7525], [11.4748, 55.9434], [11.6278, 55.9569], [11.6959, 55.9078], [11.6908, 55.729], [11.8197, 55.6976], [11.9346, 55.8958], [11.8665, 55.9682], [12.219, 56.1185], [12.5786, 56.064], [12.5689, 55.7851]]], [[[12.5491, 54.9657], [12.1844, 54.8925], [12.1189, 54.9143], [12.274, 55.0641], [12.5491, 54.9657]]], [[[11.3614, 54.8916], [11.7394, 54.8074], [11.7661, 54.6795], [11.4576, 54.629], [11.0356, 54.7731], [11.0587, 54.9405], [11.3614, 54.8916]]], [[[11.0522, 57.2526], [11.0115, 57.2292], [10.874, 57.2623], [11.1746, 57.3229], [11.0522, 57.2526]]], [[[10.734, 54.7508], [10.6216, 54.8515], [10.951, 55.1561], [10.9208, 55.062], [10.734, 54.7508]]], [[[9.7396, 54.8256], [9.2551, 54.8081], [8.6704, 54.9034], [8.5729, 55.1342], [8.6697, 55.1556], [8.6161, 55.4184], [8.1322, 55.5999], [8.2024, 55.9823], [8.1214, 56.1399], [8.1639, 56.6069], [8.6715, 56.4957], [8.8882, 56.735], [9.0671, 56.7939], [9.1964, 56.7017], [9.2547, 57.0117], [8.9926, 57.016], [8.7719, 56.7253], [8.4685, 56.6646], [8.2683, 56.7539], [8.2841, 56.8523], [8.6186, 57.1113], [9.4336, 57.1743], [9.9625, 57.581], [10.6101, 57.7368], [10.4445, 57.5622], [10.537, 57.4485], [10.5241, 57.2432], [10.2962, 56.999], [10.2829, 56.6205], [10.4902, 56.5205], [10.8459, 56.5217], [10.9262, 56.4433], [10.7534, 56.2421], [10.5388, 56.2003], [10.4269, 56.2763], [10.3189, 56.2128], [10.1832, 55.8651], [9.9038, 55.8427], [10.0237, 55.7615], [9.5909, 55.4933], [9.6709, 55.2663], [9.4538, 55.0395], [9.7324, 54.968], [9.7396, 54.8256]]], [[[10.645, 55.6098], [10.8193, 55.3219], [10.7854, 55.1334], [10.6238, 55.0525], [9.9887, 55.1631], [9.8591, 55.3571], [9.8606, 55.5156], [10.645, 55.6098]]], [[[10.6072, 55.783], [10.527, 55.7837], [10.5471, 55.9918], [10.6616, 55.8776], [10.6072, 55.783]]], [[[10.4845, 54.8475], [10.3405, 54.859], [10.2001, 54.9628], [10.505, 54.8605], [10.4845, 54.8475]]], [[[10.0611, 54.8864], [9.8062, 54.906], [9.7713, 55.06], [9.9988, 54.9865], [10.0611, 54.8864]]]]}}, {"type": "Feature", "properties": {"SOVEREIGNT": "Czechia", "SOV_A3": "CZE", "mean": 1.528, "GERMAN_NAME": "Tschechien", "NOTE_DE": null}, "geometry": {"type": "Polygon", "coordinates": [[[18.8322, 49.5108], [18.5964, 49.4915], [18.1608, 49.2574], [18.0859, 49.0651], [17.7586, 48.8882], [17.1355, 48.841], [16.953, 48.5989], [16.8838, 48.7037], [16.5436, 48.7962], [16.0573, 48.7547], [15.8251, 48.8644], [15.0669, 48.9979], [14.9722, 48.9838], [14.9226, 48.7714], [14.8218, 48.774], [14.6914, 48.5992], [14.0492, 48.6025], [13.8148, 48.767], [12.6812, 49.4146], [12.3907, 49.7397], [12.512, 49.8957], [12.2078, 50.0974], [12.0897, 50.3019], [12.2773, 50.1816], [12.5491, 50.3935], [12.9426, 50.4065], [13.5567, 50.7045], [14.3689, 50.8986], [14.2558, 51.0019], [14.3196, 51.038], [14.5456, 50.9939], [14.6583, 50.8326], [14.8095, 50.859], [14.983, 50.8864], [14.9938, 51.0144], [15.2584, 50.9585], [15.3546, 50.8118], [16.0072, 50.6117], [16.2823, 50.6556], [16.4198, 50.5737], [16.2103, 50.4237], [16.639, 50.1021], [16.9897, 50.237], [16.8802, 50.427], [17.4152, 50.2548], [17.7021, 50.3073], [17.7356, 50.2309], [17.5894, 50.1576], [17.6269, 50.1163], [17.8314, 49.9832], [18.0283, 50.0353], [18.5625, 49.8792], [18.8322, 49.5108]]]}}, {"type": "Feature", "properties": {"SOVEREIGNT": "Northern Cyprus", "SOV_A3": "CYN", "mean": 1.458, "GERMAN_NAME": "Türkische Republik Nordzypern", "NOTE_DE": null}, "geometry": {"type": "Polygon", "coordinates": [[[34.0044, 35.0652], [33.4759, 35.0003], [33.3837, 35.1626], [32.9197, 35.0878], [32.7127, 35.1711], [32.8797, 35.1805], [32.9417, 35.3903], [33.6077, 35.354], [34.5559, 35.6621], [33.9421, 35.2921], [33.9079, 35.2023], [34.0044, 35.0652]]]}}, {"type": "Feature", "properties": {"SOVEREIGNT": "Cyprus", "SOV_A3": "CYP", "mean": 1.407, "GERMAN_NAME": "Republik Zypern", "NOTE_DE": null}, "geometry": {"type": "Polygon", "coordinates": [[[32.7127, 35.1711], [32.9197, 35.0878], [33.3837, 35.1626], [33.4759, 35.0003], [34.0044, 35.0652], [34.0501, 34.9883], [33.6995, 34.9699], [33.4151, 34.7509], [33.0623, 34.6749], [33.0079, 34.5697], [32.4492, 34.7295], [32.3171, 34.9533], [32.3009, 35.0829], [32.3909, 35.0498], [32.7127, 35.1711]]]}}, {"type": "Feature", "properties": {"SOVEREIGNT": "Cuba", "SOV_A3": "CUB", "mean": 1.044, "GERMAN_NAME": "Kuba", "NOTE_DE": null}, "geometry": {"type": "MultiPolygon", "coordinates": [[[[-81.8376, 23.1629], [-81.2623, 23.1568], [-81.1446, 23.0549], [-80.65, 23.103], [-80.3649, 22.9433], [-79.8202, 22.8869], [-79.8508, 22.8272], [-79.2759, 22.4077], [-78.6865, 22.3667], [-77.6368, 21.7975], [-77.4971, 21.7884], [-77.5831, 21.8893], [-77.4971, 21.8716], [-77.1443, 21.6437], [-77.3661, 21.6128], [-77.253, 21.4835], [-77.0986, 21.589], [-76.8365, 21.3995], [-76.8675, 21.3304], [-76.726, 21.3589], [-76.0737, 21.1334], [-75.723, 21.111], [-75.5959, 20.9947], [-75.6629, 20.8982], [-75.5974, 20.8376], [-75.7403, 20.812], [-75.7245, 20.7146], [-74.8824, 20.6507], [-74.5131, 20.3845], [-74.1675, 20.2921], [-74.1538, 20.1686], [-74.2528, 20.0797], [-74.6347, 20.0582], [-75.1164, 19.9014], [-75.1517, 20.0084], [-75.2907, 19.8931], [-76.1586, 19.9898], [-77.7153, 19.8556], [-77.5536, 20.0821], [-77.104, 20.4076], [-77.2296, 20.6436], [-78.1163, 20.762], [-78.4907, 21.0537], [-78.5767, 21.4137], [-78.7276, 21.5928], [-79.3576, 21.5852], [-80.2313, 21.8723], [-80.4855, 22.1234], [-80.4991, 22.0635], [-81.0355, 22.0736], [-81.1857, 22.268], [-81.2843, 22.1094], [-81.8495, 22.2137], [-82.0777, 22.3877], [-81.7102, 22.4967], [-81.7026, 22.5919], [-81.8387, 22.6726], [-82.738, 22.6892], [-83.3795, 22.2229], [-83.9008, 22.1701], [-84.0311, 21.9431], [-84.5027, 21.7763], [-84.5013, 21.9302], [-84.8872, 21.857], [-84.3263, 22.0743], [-84.3612, 22.3789], [-84.0448, 22.666], [-83.2578, 22.9676], [-82.1015, 23.1903], [-81.8376, 23.1629]]], [[[-77.6688, 21.9519], [-77.7102, 21.9214], [-77.9187, 22.088], [-77.6335, 22.054], [-77.6688, 21.9519]]], [[[-77.8794, 22.1276], [-78.0418, 22.2012], [-77.9993, 22.2987], [-77.8423, 22.1489], [-77.8794, 22.1276]]], [[[-78.027, 22.2852], [-78.18, 22.322], [-78.2736, 22.4237], [-78.1505, 22.4315], [-78.027, 22.2852]]], [[[-78.63, 22.5523], [-78.3514, 22.5387], [-78.2841, 22.4556], [-78.6955, 22.5341], [-78.63, 22.5523]]], [[[-79.3497, 22.6639], [-79.5228, 22.7111], [-79.6283, 22.8052], [-79.579, 22.8067], [-79.3497, 22.6639]]], [[[-82.5619, 21.5718], [-82.9597, 21.4413], [-83.1837, 21.5935], [-82.9734, 21.5923], [-83.0825, 21.7914], [-82.9911, 21.9427], [-82.7146, 21.8903], [-82.5619, 21.5718]]]]}}, {"type": "Feature", "properties": {"SOVEREIGNT": "Croatia", "SOV_A3": "HRV", "mean": 2.037, "GERMAN_NAME": "Kroatien", "NOTE_DE": null}, "geometry": {"type": "MultiPolygon", "coordinates": [[[[13.578, 45.5169], [13.8786, 45.4284], [13.9927, 45.5094], [14.37, 45.4815], [14.5687, 45.6571], [14.793, 45.4782], [15.3394, 45.4671], [15.2836, 45.5797], [15.3538, 45.6599], [15.2772, 45.7326], [15.6523, 45.8623], [15.6361, 46.2007], [16.2276, 46.3729], [16.3212, 46.5345], [16.5163, 46.4998], [16.8716, 46.3392], [17.3108, 45.9963], [17.8072, 45.7904], [18.3584, 45.7529], [18.6658, 45.9076], [18.9052, 45.9319], [18.839, 45.8359], [18.9178, 45.6007], [19.0644, 45.515], [19.0046, 45.3996], [19.3999, 45.2125], [19.0629, 45.1373], [19.1, 44.9738], [19.0071, 44.8691], [18.8365, 44.8832], [18.6626, 45.0774], [17.9962, 45.1418], [17.8126, 45.0781], [17.6535, 45.1635], [17.1254, 45.1718], [16.9188, 45.2765], [16.791, 45.1968], [16.5307, 45.2168], [16.2934, 45.0089], [16.0285, 45.1897], [15.788, 45.179], [15.7365, 44.7657], [16.1034, 44.521], [16.3003, 44.1246], [17.0847, 43.5166], [17.2737, 43.4457], [17.2932, 43.3057], [17.6506, 43.0066], [17.5851, 42.9384], [16.9033, 43.3925], [16.3939, 43.5435], [15.9856, 43.5199], [15.9414, 43.6566], [15.1857, 44.1721], [15.1231, 44.2568], [15.4708, 44.2721], [14.9812, 44.6029], [14.8952, 44.7065], [14.8545, 45.0811], [14.5503, 45.2977], [14.3127, 45.3378], [13.9657, 44.8356], [13.8609, 44.8374], [13.6294, 45.1083], [13.5171, 45.4818], [13.578, 45.5169]]], [[[18.4362, 42.5597], [18.5175, 42.433], [17.8238, 42.7975], [17.0455, 43.0148], [17.2197, 43.0259], [17.7237, 42.8506], [17.6676, 42.8971], [17.8018, 42.9021], [18.4362, 42.5597]]], [[[17.6078, 42.769], [17.7442, 42.7003], [17.3443, 42.7904], [17.4318, 42.8004], [17.6078, 42.769]]], [[[17.1942, 43.1257], [16.6794, 43.1231], [16.3766, 43.2139], [16.5213, 43.2293], [17.1942, 43.1257]]], [[[16.6506, 42.9966], [17.0937, 42.9643], [17.1884, 42.9171], [16.8507, 42.8955], [16.6506, 42.9966]]], [[[16.7852, 43.2708], [16.6275, 43.2682], [16.423, 43.3173], [16.449, 43.3871], [16.8914, 43.3147], [16.7852, 43.2708]]], [[[15.3715, 43.9737], [15.4374, 43.8994], [15.27, 44.0107], [15.3715, 43.9737]]], [[[15.2311, 44.0622], [15.2466, 44.027], [15.0658, 44.1577], [15.2311, 44.0622]]], [[[15.1886, 44.3358], [14.9128, 44.4859], [14.7418, 44.6973], [15.2401, 44.3502], [15.1886, 44.3358]]], [[[15.1886, 43.9224], [15.1357, 43.9073], [14.865, 44.1681], [14.9524, 44.1173], [15.1886, 43.9224]]], [[[14.8315, 44.7589], [14.8567, 44.7148], [14.6605, 44.7997], [14.7541, 44.8447], [14.8315, 44.7589]]], [[[14.8102, 44.9771], [14.6871, 44.9558], [14.438, 45.0988], [14.5712, 45.2248], [14.8102, 44.9771]]], [[[14.488, 44.66], [14.3124, 44.9004], [14.3311, 45.1651], [14.4675, 44.9703], [14.488, 44.66]]]]}}, {"type": "Feature", "properties": {"SOVEREIGNT": "Ivory Coast", "SOV_A3": "CIV", "mean": 1.023, "GERMAN_NAME": "Elfenbeinküste", "NOTE_DE": null}, "geometry": {"type": "MultiPolygon", "coordinates": [[[[-7.9907, 10.1624], [-7.8143, 10.2367], [-7.661, 10.4275], [-7.4979, 10.4398], [-7.3633, 10.2594], [-7.0169, 10.1432], [-6.9503, 10.3424], [-6.6933, 10.3495], [-6.6541, 10.6564], [-6.424, 10.5592], [-6.4258, 10.6718], [-6.2613, 10.7241], [-6.1969, 10.232], [-6.0345, 10.1947], [-5.8437, 10.3896], [-5.5237, 10.4261], [-5.0999, 10.2417], [-4.97, 9.93], [-4.6258, 9.7136], [-4.3321, 9.6457], [-4.2673, 9.7433], [-3.7906, 9.9172], [-3.2236, 9.8955], [-2.8168, 9.426], [-2.6959, 9.4814], [-2.747, 9.045], [-2.6005, 8.8005], [-2.5058, 8.2088], [-2.7898, 7.932], [-2.9857, 7.2049], [-3.2359, 6.8073], [-3.224, 6.441], [-2.9983, 5.7112], [-2.7938, 5.6001], [-2.7549, 5.4325], [-2.8157, 5.153], [-3.0191, 5.1308], [-3.1685, 5.203], [-3.1999, 5.3545], [-3.3475, 5.1308], [-4.12, 5.3097], [-4.6089, 5.236], [-4.0372, 5.2303], [-4.8998, 5.1384], [-5.2825, 5.2103], [-5.3674, 5.1508], [-5.0618, 5.1308], [-5.9139, 5.0109], [-7.5451, 4.3513], [-7.5911, 4.8215], [-7.5688, 5.0808], [-7.4299, 5.3245], [-7.4543, 5.8412], [-7.7967, 5.9752], [-7.8885, 6.2348], [-8.287, 6.319], [-8.6035, 6.5079], [-8.3324, 6.8017], [-8.3025, 6.981], [-8.4865, 7.5584], [-8.2319, 7.5567], [-8.0098, 8.0784], [-8.0487, 8.1697], [-8.2561, 8.2537], [-8.237, 8.4556], [-8.0491, 8.4952], [-7.6811, 8.4103], [-7.7197, 8.643], [-7.9511, 8.7869], [-7.9382, 8.9798], [-7.778, 9.0808], [-7.918, 9.1886], [-7.8961, 9.4159], [-8.0311, 9.3977], [-8.1369, 9.4958], [-8.1553, 9.9732], [-7.9907, 10.1624]]], [[[-3.0868, 5.1284], [-3.1142, 5.0888], [-3.2463, 5.1141], [-3.0868, 5.1284]]]]}}, {"type": "Feature", "properties": {"SOVEREIGNT": "Costa Rica", "SOV_A3": "CRI", "mean": 0.709, "GERMAN_NAME": "Costa Rica", "NOTE_DE": null}, "geometry": {"type": "Polygon", "coordinates": [[[-82.5637, 9.5766], [-82.644, 9.506], [-82.801, 9.5919], [-82.9399, 9.4492], [-82.9403, 9.0601], [-82.7279, 8.9161], [-82.9169, 8.7404], [-82.8615, 8.4535], [-83.0274, 8.3377], [-82.8795, 8.0706], [-83.1232, 8.353], [-83.1624, 8.5882], [-83.2859, 8.6644], [-83.4699, 8.7069], [-83.2917, 8.406], [-83.6049, 8.4802], [-83.7341, 8.6146], [-83.6139, 8.8041], [-83.6373, 9.0353], [-83.737, 9.1502], [-84.2223, 9.4626], [-84.5815, 9.5685], [-84.7151, 9.8995], [-85.0251, 10.1157], [-85.263, 10.2567], [-85.1608, 10.0173], [-84.8865, 9.821], [-85.1143, 9.5819], [-85.3145, 9.811], [-85.681, 9.9585], [-85.8498, 10.2921], [-85.6673, 10.7451], [-85.9081, 10.8975], [-85.7443, 11.062], [-85.5841, 11.1896], [-84.9091, 10.9452], [-84.6341, 11.0455], [-84.3483, 10.9797], [-84.1683, 10.7803], [-83.9191, 10.7354], [-83.7129, 10.7859], [-83.6419, 10.9173], [-83.3467, 10.3155], [-82.7783, 9.6695], [-82.5637, 9.5766]]]}}, {"type": "Feature", "properties": {"SOVEREIGNT": "Democratic Republic of the Congo", "SOV_A3": "COD", "mean": 1.524, "GERMAN_NAME": "Demokratische Republik Kongo", "NOTE_DE": null}, "geometry": {"type": "Polygon", "coordinates": [[[30.7511, -8.1937], [28.8981, -8.4855], [28.8697, -8.7857], [28.4006, -9.2248], [28.6044, -9.6787], [28.6454, -10.5502], [28.3833, -11.5667], [28.4827, -11.8122], [29.0644, -12.3488], [29.4856, -12.4186], [29.5083, -12.2282], [29.7952, -12.1555], [29.7751, -13.4381], [29.6516, -13.4143], [29.554, -13.2489], [29.202, -13.3984], [29.0144, -13.3689], [28.73, -12.9254], [28.5507, -12.8362], [28.4128, -12.5181], [27.5737, -12.227], [27.1593, -11.5792], [27.0459, -11.616], [26.9494, -11.8988], [26.8242, -11.9653], [26.026, -11.8901], [25.512, -11.7535], [25.3492, -11.6232], [25.2888, -11.2123], [24.5187, -11.4383], [24.378, -11.417], [24.3657, -11.1299], [23.9665, -10.8718], [23.834, -11.0136], [23.4639, -10.9693], [23.0762, -11.0879], [22.561, -11.0558], [22.3148, -11.1986], [22.2262, -11.1219], [22.178, -10.8923], [22.3069, -10.6913], [22.2745, -10.2591], [21.8133, -9.4687], [21.9055, -8.6932], [21.8958, -8.3411], [21.8007, -8.112], [21.8418, -7.421], [21.7816, -7.3148], [20.6077, -7.2778], [20.5357, -7.1829], [20.59, -6.9199], [19.8751, -6.9862], [19.5277, -7.1445], [19.3408, -7.9665], [18.9445, -8.0016], [18.5625, -7.9358], [18.0088, -8.1076], [17.5797, -8.0991], [16.9846, -7.2575], [16.9195, -6.934], [16.7431, -6.6184], [16.6974, -6.1642], [16.4313, -5.9002], [13.0682, -5.8648], [12.8608, -5.8541], [12.453, -6.0004], [12.2136, -5.7588], [12.5037, -5.6958], [12.5224, -5.1489], [12.4515, -5.0715], [12.8295, -4.7367], [13.0729, -4.6348], [13.1366, -4.6044], [13.4149, -4.8375], [13.6597, -4.7216], [13.7169, -4.4544], [13.9408, -4.4846], [14.3584, -4.2995], [14.4499, -4.4494], [14.3653, -4.5857], [14.4106, -4.8313], [14.708, -4.8818], [15.2671, -4.3076], [15.6001, -4.0309], [15.8726, -3.9343], [15.99, -3.7663], [16.1469, -3.4641], [16.2175, -3.0304], [16.2153, -2.1778], [16.5408, -1.84], [16.8799, -1.226], [17.2788, -0.9995], [17.7529, -0.5491], [17.7241, -0.2776], [17.8875, 0.2342], [17.9023, 1.118], [18.0578, 1.5347], [18.0722, 2.0132], [18.4909, 2.9245], [18.6104, 3.4785], [18.5942, 4.3463], [18.8318, 4.5235], [19.0687, 4.8913], [19.501, 5.1275], [19.8067, 5.0893], [20.2264, 4.8297], [20.558, 4.4628], [22.4221, 4.1349], [22.8645, 4.7238], [23.4171, 4.663], [24.3196, 4.994], [25.0652, 4.9673], [25.2492, 5.0244], [25.4004, 5.2559], [25.5249, 5.3122], [26.822, 5.0624], [27.0718, 5.1999], [27.4034, 5.1093], [27.7882, 4.6446], [28.1922, 4.3503], [28.4276, 4.3243], [28.7271, 4.5049], [29.225, 4.3919], [29.4694, 4.6118], [29.6768, 4.5869], [30.1949, 3.9818], [30.5084, 3.8357], [30.5595, 3.6527], [30.7572, 3.6243], [30.8385, 3.4908], [30.9066, 3.409], [30.7539, 3.0418], [30.8508, 2.8936], [30.7287, 2.4555], [31.1762, 2.2699], [31.2741, 2.1462], [31.2529, 2.0445], [30.4782, 1.239], [30.3212, 1.1853], [30.183, 0.9736], [29.9428, 0.8193], [29.9346, 0.4989], [29.7178, 0.0983], [29.562, -0.9773], [29.5771, -1.3879], [29.3517, -1.5176], [29.1966, -1.7199], [29.1314, -2.1952], [28.8765, -2.4003], [28.8938, -2.635], [29.0144, -2.7202], [29.2243, -3.0536], [29.2117, -3.8338], [29.4032, -4.4492], [29.3233, -4.8988], [29.607, -5.7227], [29.4802, -6.025], [29.5407, -6.314], [29.7096, -6.6169], [30.2129, -7.0378], [30.7511, -8.1937]]]}}, {"type": "Feature", "properties": {"SOVEREIGNT": "Republic of the Congo", "SOV_A3": "COG", "mean": 1.252, "GERMAN_NAME": "Republik Kongo", "NOTE_DE": null}, "geometry": {"type": "Polygon", "coordinates": [[[11.1303, -3.9164], [11.2344, -3.6909], [11.5044, -3.5203], [11.6858, -3.6821], [11.8798, -3.6659], [11.833, -3.5314], [11.9342, -3.3185], [11.7153, -3.177], [11.7603, -2.9831], [11.5378, -2.8368], [11.6055, -2.3425], [12.0645, -2.4126], [12.4465, -2.33], [12.4321, -1.9289], [12.5905, -1.8269], [12.7935, -1.9319], [12.9919, -2.3134], [13.4649, -2.3955], [13.7338, -2.1386], [13.8868, -2.4654], [13.9938, -2.4906], [14.1997, -2.3541], [14.163, -2.2176], [14.384, -1.89], [14.474, -0.5734], [14.0694, -0.2702], [13.8602, -0.2033], [13.9495, 0.3538], [14.0874, 0.5366], [14.3242, 0.6242], [14.4297, 0.9016], [14.181, 1.3702], [13.8512, 1.4186], [13.2162, 1.2483], [13.1722, 1.7887], [13.2936, 2.1615], [14.5788, 2.1991], [14.9024, 2.0124], [15.1602, 2.0356], [15.3387, 1.9447], [15.7416, 1.915], [16.0594, 1.6764], [16.1361, 1.7243], [16.08, 2.1068], [16.1833, 2.2699], [16.4684, 2.8318], [16.4767, 3.165], [16.6106, 3.5054], [17.4915, 3.6873], [18.1608, 3.4998], [18.4743, 3.6231], [18.6104, 3.4785], [18.4909, 2.9245], [18.0722, 2.0132], [18.0578, 1.5347], [17.9023, 1.118], [17.8875, 0.2342], [17.7241, -0.2776], [17.7529, -0.5491], [17.2788, -0.9995], [16.8799, -1.226], [16.5408, -1.84], [16.2153, -2.1778], [16.2175, -3.0304], [16.1469, -3.4641], [15.99, -3.7663], [15.8726, -3.9343], [15.6001, -4.0309], [15.2671, -4.3076], [14.708, -4.8818], [14.4106, -4.8313], [14.3653, -4.5857], [14.4499, -4.4494], [14.3584, -4.2995], [13.9408, -4.4846], [13.7169, -4.4544], [13.6597, -4.7216], [13.4149, -4.8375], [13.1366, -4.6044], [13.0729, -4.6348], [12.7982, -4.4305], [12.3846, -4.6192], [12.0184, -5.0043], [11.8208, -4.7556], [11.7776, -4.5659], [11.1303, -3.9164]]]}}, {"type": "Feature", "properties": {"SOVEREIGNT": "Comoros", "SOV_A3": "COM", "mean": 0.897, "GERMAN_NAME": "Komoren", "NOTE_DE": null}, "geometry": {"type": "MultiPolygon", "coordinates": [[[[44.4764, -12.0815], [44.5268, -12.2195], [44.5049, -12.3566], [44.2201, -12.1713], [44.4764, -12.0815]]], [[[43.7888, -12.307], [43.859, -12.3683], [43.6635, -12.3429], [43.6315, -12.2469], [43.7888, -12.307]]], [[[43.4659, -11.9012], [43.2265, -11.7519], [43.2989, -11.3744], [43.3928, -11.4085], [43.4659, -11.9012]]]]}}, {"type": "Feature", "properties": {"SOVEREIGNT": "Colombia", "SOV_A3": "COL", "mean": 0.915, "GERMAN_NAME": "Kolumbien", "NOTE_DE": null}, "geometry": {"type": "MultiPolygon", "coordinates": [[[[-71.3199, 11.8618], [-71.9581, 11.6664], [-72.2487, 11.1965], [-72.4459, 11.1144], [-72.69, 10.8359], [-72.8693, 10.4913], [-73.0065, 9.7891], [-73.3661, 9.1941], [-73.0583, 9.2595], [-72.96, 9.1351], [-72.7962, 9.1089], [-72.6655, 8.6276], [-72.3905, 8.2871], [-72.3577, 8.0873], [-72.4459, 7.9661], [-72.4719, 7.5242], [-72.3945, 7.4151], [-72.2076, 7.3703], [-72.0067, 7.0327], [-71.1287, 6.9867], [-70.737, 7.09], [-70.1293, 6.9537], [-69.427, 6.1239], [-68.9374, 6.1982], [-68.4719, 6.1566], [-67.8592, 6.2899], [-67.4819, 6.1803], [-67.474, 5.9301], [-67.825, 5.2705], [-67.8552, 4.5068], [-67.6615, 3.8643], [-67.3112, 3.416], [-67.8592, 2.7936], [-67.6187, 2.7936], [-67.2108, 2.3901], [-66.876, 1.223], [-67.0823, 1.1853], [-67.1194, 1.7036], [-67.4005, 2.1167], [-67.556, 2.073], [-67.9362, 1.7486], [-68.194, 1.987], [-68.2559, 1.8456], [-68.1767, 1.7199], [-69.5429, 1.7732], [-69.8485, 1.7088], [-69.8521, 1.0595], [-69.3118, 1.0505], [-69.1631, 0.8641], [-69.1534, 0.6588], [-69.283, 0.6272], [-69.472, 0.7301], [-70.0537, 0.5786], [-70.0707, -0.1388], [-69.634, -0.5093], [-69.612, -0.7627], [-69.4003, -1.1949], [-69.9659, -4.2359], [-70.3396, -3.8143], [-70.5297, -3.8664], [-70.7352, -3.7815], [-70.0739, -2.75], [-70.0959, -2.6581], [-70.9685, -2.2068], [-71.3969, -2.334], [-71.7526, -2.1528], [-72.2184, -2.4005], [-72.9413, -2.3941], [-73.1544, -2.2783], [-73.1969, -1.8302], [-73.4964, -1.693], [-73.5213, -1.4497], [-73.6642, -1.2489], [-74.2463, -0.9705], [-74.418, -0.5807], [-74.8018, -0.2002], [-75.1384, -0.0504], [-75.2845, -0.1065], [-75.7767, 0.0893], [-76.2706, 0.4394], [-76.3883, 0.405], [-76.4945, 0.2354], [-77.3963, 0.3939], [-77.4676, 0.6364], [-77.6487, 0.7237], [-77.703, 0.8379], [-78.1807, 0.9686], [-78.8597, 1.4552], [-79.0253, 1.6238], [-78.7931, 1.8487], [-78.5767, 1.7739], [-78.5919, 2.3566], [-78.4169, 2.4836], [-78.0666, 2.5091], [-77.8135, 2.7164], [-77.6699, 2.8788], [-77.6937, 3.0399], [-77.559, 3.076], [-77.3567, 3.3486], [-77.077, 3.9133], [-77.2635, 3.8931], [-77.2779, 4.0584], [-77.3581, 3.9447], [-77.4089, 4.2479], [-77.5209, 4.2128], [-77.3535, 4.3984], [-77.2865, 4.7217], [-77.3733, 5.324], [-77.5345, 5.5371], [-77.2494, 5.7801], [-77.4694, 6.1769], [-77.3689, 6.5755], [-77.901, 7.2294], [-77.7441, 7.5369], [-77.7621, 7.6989], [-77.5381, 7.5663], [-77.3509, 7.706], [-77.3455, 7.8365], [-77.1961, 7.9726], [-77.4784, 8.4983], [-77.3743, 8.6583], [-76.852, 8.0904], [-76.9247, 7.9733], [-76.7865, 7.9316], [-76.7721, 8.3105], [-76.9204, 8.5738], [-76.2767, 8.9891], [-76.0272, 9.3658], [-75.6395, 9.4505], [-75.6802, 9.7297], [-75.5387, 10.2051], [-75.7083, 10.1433], [-75.4462, 10.6109], [-74.8446, 11.1097], [-74.3302, 10.9966], [-74.5163, 10.8624], [-74.4007, 10.7652], [-74.143, 11.321], [-73.3135, 11.2958], [-72.7217, 11.7122], [-72.2749, 11.8892], [-72.1356, 12.1886], [-71.7144, 12.42], [-71.4941, 12.4323], [-71.2623, 12.3353], [-71.1373, 12.0465], [-71.3199, 11.8618]]], [[[-78.1138, 2.5417], [-78.1926, 2.5593], [-78.1786, 2.6464], [-78.1375, 2.6343], [-78.1138, 2.5417]]]]}}, {"type": "Feature", "properties": {"SOVEREIGNT": "China", "SOV_A3": "CHN", "mean": 1.929, "GERMAN_NAME": "Volksrepublik China", "NOTE_DE": null}, "geometry": {"type": "MultiPolygon", "coordinates": [[[[102.1276, 22.3791], [102.0243, 22.4393], [101.8418, 22.3886], [101.7388, 22.4954], [101.5246, 22.2536], [101.7366, 21.8266], [101.723, 21.3149], [101.8007, 21.2125], [101.705, 21.1501], [101.5422, 21.2342], [101.2478, 21.1973], [101.139, 21.5675], [101.0796, 21.756], [100.6044, 21.4717], [100.1476, 21.4804], [100.0954, 21.6607], [99.9406, 21.7588], [99.9176, 22.028], [99.1929, 22.126], [99.3851, 22.8251], [99.5072, 22.9591], [99.4182, 23.0692], [98.8638, 23.1912], [98.8322, 23.6244], [98.6766, 23.905], [98.835, 24.1213], [98.2126, 24.1105], [97.5646, 23.9109], [97.7082, 24.2287], [97.5315, 24.4917], [97.5833, 24.7748], [97.7378, 24.8699], [97.7151, 25.0344], [97.8195, 25.2519], [98.0106, 25.2925], [98.1428, 25.5711], [98.3339, 25.5867], [98.4657, 25.7887], [98.6561, 25.8637], [98.564, 26.0725], [98.6856, 26.1893], [98.7386, 26.7859], [98.6511, 27.5725], [98.4527, 27.6573], [98.299, 27.5501], [98.0618, 28.1858], [97.5992, 28.5172], [97.3223, 28.2179], [97.2896, 28.2369], [97.1452, 28.3403], [97.115, 28.3526], [96.9825, 28.3382], [96.981, 28.3377], [96.7758, 28.367], [96.6808, 28.4307], [96.621, 28.4561], [96.6027, 28.4601], [96.5865, 28.4549], [96.3932, 28.3717], [96.3892, 28.3679], [96.3816, 28.3677], [96.3665, 28.3672], [96.3197, 28.3865], [96.3165, 28.3886], [96.2816, 28.412], [96.279, 28.4281], [96.3298, 28.4969], [96.3291, 28.5074], [96.3273, 28.5255], [96.5811, 28.7636], [96.5501, 28.8296], [96.5098, 28.9009], [96.477, 28.9592], [96.4356, 29.0507], [96.3932, 29.0394], [96.3467, 29.0274], [96.162, 28.9098], [96.139, 28.942], [96.1415, 28.9634], [96.1224, 29.0821], [96.1754, 29.1144], [96.1808, 29.1177], [96.3399, 29.2097], [96.3557, 29.2491], [96.3424, 29.2578], [96.2841, 29.2531], [96.2351, 29.2458], [96.1948, 29.2723], [96.1606, 29.3289], [96.099, 29.4072], [96.0638, 29.4325], [96.0094, 29.4376], [95.7326, 29.3235], [95.7102, 29.3138], [95.5158, 29.2062], [95.5169, 29.1512], [95.5018, 29.142], [95.4939, 29.137], [95.4564, 29.1022], [95.3891, 29.0373], [95.388, 29.0373], [95.3423, 29.0379], [95.1692, 29.0941], [95.1447, 29.104], [94.9989, 29.1491], [94.9942, 29.1484], [94.8275, 29.1665], [94.7696, 29.1758], [94.7631, 29.2012], [94.744, 29.2338], [94.677, 29.297], [94.6742, 29.2979], [94.4888, 29.2291], [94.4682, 29.2161], [94.2933, 29.1446], [94.2386, 29.0983], [94.1547, 29.0201], [94.0841, 28.971], [94.0157, 28.9356], [93.9938, 28.8844], [93.9506, 28.8422], [93.9023, 28.8032], [93.7608, 28.7298], [93.7061, 28.7072], [93.6651, 28.6902], [93.3605, 28.6541], [93.322, 28.6454], [93.2064, 28.5909], [93.0351, 28.3276], [92.9922, 28.2999], [92.8817, 28.228], [92.6434, 28.0616], [92.6603, 28.0525], [92.6657, 28.0499], [92.6643, 27.9489], [92.6355, 27.9319], [92.4807, 27.846], [92.4148, 27.8246], [92.3777, 27.8227], [92.3147, 27.8243], [92.2701, 27.8302], [92.2506, 27.8415], [92.184, 27.8182], [92.1574, 27.8123], [92.1012, 27.8076], [92.0868, 27.7986], [91.9778, 27.7304], [91.8248, 27.7465], [91.7636, 27.7538], [91.6368, 27.7601], [91.6318, 27.7601], [91.6419, 27.9232], [91.2729, 28.0784], [91.0209, 27.9701], [90.7156, 28.0718], [90.3527, 28.0803], [90.3484, 28.244], [89.9812, 28.3111], [89.4808, 28.06], [88.8915, 27.3161], [88.7489, 27.5218], [88.849, 27.8687], [88.8036, 28.0069], [88.5779, 28.0933], [88.1412, 27.9489], [88.1099, 27.8706], [87.1415, 27.8384], [86.6145, 28.103], [86.4085, 27.9286], [86.1371, 28.1143], [85.9945, 27.9104], [85.6785, 28.2775], [85.1226, 28.3158], [85.159, 28.5923], [84.7968, 28.5602], [84.2287, 28.9118], [84.1013, 29.2199], [83.9361, 29.2795], [83.5836, 29.1835], [83.1556, 29.6127], [82.8543, 29.6833], [82.2207, 30.0638], [82.0432, 30.3267], [81.6418, 30.3875], [81.4171, 30.3377], [81.177, 30.0398], [81.0103, 30.1645], [80.682, 30.4149], [80.1913, 30.5683], [80.1496, 30.7898], [79.7946, 30.9682], [79.5653, 30.949], [79.3698, 31.08], [79.3612, 31.0871], [79.3515, 31.0953], [79.2517, 31.2173], [79.2327, 31.2418], [79.0437, 31.4263], [79.0293, 31.4209], [79.0109, 31.4141], [78.9461, 31.3372], [78.9454, 31.3372], [78.8572, 31.3082], [78.8446, 31.3015], [78.7434, 31.3239], [78.8028, 31.6181], [78.6934, 31.7404], [78.7355, 31.9581], [78.4957, 32.2158], [78.3895, 32.5199], [78.7009, 32.597], [78.7711, 32.468], [78.8093, 32.4361], [78.8377, 32.4119], [78.9191, 32.3581], [78.967, 32.3625], [79.0174, 32.3717], [79.0671, 32.3882], [79.1275, 32.4758], [79.1542, 32.4893], [79.179, 32.4979], [79.2193, 32.501], [79.3846, 32.5701], [79.4991, 32.7301], [79.3349, 32.9755], [79.3763, 33.1463], [79.1124, 33.2263], [79.0937, 33.2362], [79.0609, 33.2546], [79.0127, 33.2914], [78.9166, 33.3867], [78.8968, 33.5568], [79.0019, 33.6713], [78.9112, 33.9888], [79.4328, 34.0551], [79.5444, 34.2361], [79.5167, 34.4024], [79.7169, 34.4248], [79.8763, 34.6559], [80.0279, 34.6594], [80.313, 35.579], [80.0031, 35.8195], [79.7349, 35.8096], [79.3522, 35.9742], [78.6732, 35.8693], [77.9417, 35.5354], [77.7991, 35.4958], [77.5201, 35.4734], [77.4773, 35.6284], [77.3401, 35.7145], [76.8261, 35.8751], [76.7152, 36.1555], [75.952, 36.4582], [75.7723, 36.695], [75.7324, 36.7127], [75.6672, 36.742], [75.5736, 36.7594], [75.4786, 36.7306], [75.4602, 36.725], [75.4242, 36.7382], [75.3929, 36.8349], [75.3623, 36.898], [75.3468, 36.9135], [74.8893, 36.9524], [74.8414, 36.9791], [74.8313, 36.9836], [74.7661, 37.0126], [74.6005, 37.0365], [74.5681, 37.0286], [74.5415, 37.0221], [74.3723, 37.1579], [74.7265, 37.2908], [74.8914, 37.2316], [75.1186, 37.3858], [74.8943, 37.6013], [74.9382, 37.7725], [74.7751, 38.192], [74.8122, 38.4603], [74.2776, 38.6597], [74.1315, 38.6611], [74.0256, 38.5398], [73.8017, 38.6068], [73.6962, 38.8543], [73.8053, 38.9687], [73.6073, 39.2292], [73.6318, 39.4489], [73.9072, 39.5784], [73.8352, 39.8002], [73.9918, 40.0432], [74.8306, 40.3285], [74.8353, 40.4825], [75.1114, 40.454], [75.5556, 40.6253], [75.6773, 40.3058], [76.2583, 40.4308], [76.3185, 40.3521], [76.4801, 40.4495], [76.6612, 40.7796], [76.9078, 41.0242], [77.5817, 40.9928], [78.1235, 41.0756], [78.4428, 41.4175], [79.2935, 41.7828], [79.7662, 41.8989], [79.8403, 41.9958], [80.2162, 42.0324], [80.2093, 42.19], [80.259, 42.2353], [80.1618, 42.6255], [80.2021, 42.7345], [80.5391, 42.8735], [80.3832, 42.9738], [80.3901, 43.0431], [80.7857, 43.1614], [80.3551, 44.0973], [80.3551, 44.552], [80.4815, 44.7147], [79.872, 44.8837], [80.0592, 45.0064], [81.6918, 45.3494], [81.9449, 45.1609], [82.2667, 45.2191], [82.5216, 45.1255], [82.6116, 45.4242], [82.3265, 45.5198], [82.3153, 45.5948], [83.0296, 47.1859], [84.016, 46.9705], [84.6665, 46.9724], [84.786, 46.8308], [85.2335, 47.0364], [85.4848, 47.0635], [85.6565, 47.2546], [85.5258, 47.9157], [85.7494, 48.385], [86.5493, 48.5287], [86.7181, 48.6973], [86.8081, 49.0496], [87.3229, 49.0857], [87.8143, 49.1623], [87.8723, 49.0001], [87.7431, 48.8816], [88.0602, 48.7072], [87.9796, 48.5551], [88.5171, 48.3843], [88.5761, 48.2201], [89.0477, 48.0025], [89.4793, 48.0291], [89.7781, 47.827], [90.028, 47.8777], [90.1032, 47.7454], [90.3308, 47.6552], [90.4964, 47.2852], [90.7156, 47.0038], [90.87, 46.9545], [91.0288, 46.5661], [90.9114, 46.2707], [91.0018, 46.0358], [90.7098, 45.7307], [90.662, 45.5252], [90.8772, 45.1961], [91.5843, 45.0766], [93.516, 44.9445], [94.712, 44.3509], [95.0496, 44.2594], [95.3502, 44.2782], [95.3258, 44.0393], [95.5256, 43.9539], [95.8596, 43.276], [96.2996, 42.9287], [96.3856, 42.7204], [97.2057, 42.7898], [99.4679, 42.5682], [99.9838, 42.6774], [101.4954, 42.5389], [102.1568, 42.1581], [103.073, 42.0059], [103.7112, 41.7514], [104.4982, 41.8771], [104.4982, 41.6587], [104.982, 41.5956], [105.197, 41.7381], [106.7702, 42.2886], [108.1713, 42.4474], [109.3398, 42.4384], [110.4004, 42.7737], [111.0074, 43.3414], [111.5474, 43.4963], [111.9333, 43.7115], [111.8368, 43.9347], [111.4023, 44.3674], [111.6212, 44.8271], [111.898, 45.0641], [112.4114, 45.0583], [112.7066, 44.8834], [113.5871, 44.7457], [114.0803, 44.9712], [114.5602, 45.39], [115.6809, 45.4582], [116.1975, 45.7392], [116.213, 45.8869], [116.5625, 46.2898], [116.8592, 46.3878], [117.3333, 46.362], [117.4381, 46.5862], [117.7412, 46.5182], [118.0713, 46.6666], [118.7229, 46.6919], [118.8439, 46.7603], [119.3317, 46.6138], [119.8673, 46.6721], [119.8979, 46.8578], [119.7111, 47.1499], [119.1625, 47.5252], [119.0818, 47.6542], [118.76, 47.7576], [118.4983, 47.9839], [117.7685, 47.9879], [117.3509, 47.6522], [116.7605, 47.8697], [116.231, 47.8583], [115.8983, 47.687], [115.6165, 47.8748], [115.525, 48.1308], [115.7857, 48.2483], [115.8206, 48.5773], [116.0254, 48.7823], [116.6831, 49.8237], [117.2455, 49.6248], [117.8733, 49.5135], [118.4515, 49.8445], [119.26, 50.0663], [119.3464, 50.279], [119.1635, 50.406], [120.0668, 51.6007], [120.5107, 51.8485], [120.7497, 52.0965], [120.6561, 52.5665], [120.1726, 52.6025], [120.0445, 52.7181], [120.704, 53.1718], [120.9855, 53.2846], [122.3377, 53.485], [123.6077, 53.5465], [124.8123, 53.1339], [125.0751, 53.2037], [125.6489, 53.0423], [125.7281, 52.8908], [126.0482, 52.7394], [126.0161, 52.6101], [126.3416, 52.3621], [126.5104, 51.9259], [126.8056, 51.5057], [126.9248, 51.1003], [127.3071, 50.708], [127.3373, 50.3501], [127.5901, 50.209], [127.4918, 49.9751], [127.5508, 49.8018], [127.9997, 49.5686], [128.7039, 49.6002], [128.8195, 49.4639], [129.065, 49.3747], [129.4981, 49.3889], [130.1961, 48.8917], [130.5532, 48.8611], [130.6173, 48.7733], [130.5522, 48.6025], [130.8042, 48.3415], [130.7325, 48.0192], [130.9618, 47.7093], [132.4764, 47.7151], [132.7071, 47.9473], [133.1442, 48.1056], [133.4685, 48.0971], [134.2933, 48.3734], [134.6652, 48.2538], [134.5662, 48.0225], [134.7523, 47.7154], [134.542, 47.4851], [134.1676, 47.3022], [134.2022, 47.1281], [133.8667, 46.4991], [133.8613, 46.2478], [133.5132, 45.8789], [133.4365, 45.6047], [133.1859, 45.4948], [133.1136, 45.1307], [132.9361, 45.03], [131.8518, 45.3268], [131.4468, 44.984], [130.9816, 44.8443], [131.2552, 44.0714], [131.1742, 43.7047], [131.2574, 43.3781], [131.0684, 42.9021], [130.4247, 42.727], [130.5766, 42.6232], [130.527, 42.5354], [130.2465, 42.7449], [130.2404, 42.8917], [129.8984, 42.9981], [129.6979, 42.4483], [129.3137, 42.4136], [129.1957, 42.2185], [128.9235, 42.0381], [128.0451, 41.9875], [128.0329, 41.8984], [128.2892, 41.6075], [128.1495, 41.3876], [127.1797, 41.5315], [126.9547, 41.7695], [126.7217, 41.7165], [126.6011, 41.641], [126.4903, 41.3579], [125.9891, 40.9046], [125.7281, 40.8668], [125.4167, 40.66], [124.8893, 40.4598], [124.3868, 40.1043], [124.3619, 40.0041], [124.1056, 39.841], [123.6509, 39.8816], [123.5807, 39.7862], [122.8399, 39.6008], [122.3348, 39.3661], [121.9823, 39.0532], [121.6774, 39.0036], [121.6501, 38.865], [121.1637, 38.7316], [121.1068, 38.9209], [121.6799, 39.1087], [121.6277, 39.2202], [121.8185, 39.3864], [121.2757, 39.3847], [121.2674, 39.5445], [121.5176, 39.639], [121.5172, 39.8448], [121.8009, 39.9505], [122.275, 40.5418], [121.8589, 40.8421], [121.8347, 40.9742], [121.7293, 40.8461], [121.1745, 40.9013], [120.7706, 40.5891], [120.479, 40.231], [119.5912, 39.9026], [119.3911, 39.7527], [119.2247, 39.408], [118.9771, 39.1827], [118.6264, 39.1769], [118.2977, 39.0671], [118.0411, 39.2268], [117.8657, 39.1913], [117.6166, 38.8527], [117.5579, 38.6252], [117.7667, 38.3117], [118.0148, 38.1835], [118.5433, 38.0949], [118.7999, 38.1267], [118.94, 38.0429], [119.089, 37.7008], [118.9907, 37.6414], [118.9526, 37.3313], [119.2874, 37.1384], [119.7604, 37.1551], [119.8875, 37.2535], [119.8828, 37.3509], [120.3116, 37.6227], [120.2572, 37.6789], [120.7501, 37.8339], [121.6403, 37.4604], [121.9647, 37.4453], [122.0565, 37.529], [122.3377, 37.4054], [122.6671, 37.4029], [122.5735, 37.3179], [122.5871, 37.1811], [122.4467, 37.068], [122.5198, 36.9468], [122.3409, 36.8323], [122.1623, 36.9586], [121.9327, 36.9595], [121.0539, 36.6113], [120.8109, 36.6328], [120.8959, 36.4442], [120.7115, 36.4133], [120.6377, 36.1299], [120.3929, 36.0538], [120.3278, 36.2281], [120.1834, 36.2024], [120.0941, 36.1189], [120.2849, 35.9844], [119.4296, 35.3014], [119.1653, 34.8488], [119.201, 34.7485], [119.3515, 34.7495], [120.2666, 34.2739], [120.5049, 33.6382], [120.871, 33.0165], [120.8534, 32.6613], [121.3415, 32.425], [121.4038, 32.2063], [121.7512, 31.993], [121.8563, 31.8164], [121.8664, 31.7034], [121.681, 31.7121], [121.352, 31.8588], [120.9736, 31.8694], [120.7918, 32.0318], [120.52, 32.1059], [120.0358, 31.9364], [120.1917, 31.9063], [120.4973, 32.0199], [120.7155, 31.9838], [120.7879, 31.8197], [121.6605, 31.3197], [121.8779, 30.9169], [121.4189, 30.7898], [120.9977, 30.5583], [120.8213, 30.3547], [120.4498, 30.3878], [120.1946, 30.2413], [120.4945, 30.3031], [120.6334, 30.133], [121.258, 30.3042], [121.6778, 29.9791], [122.0828, 29.8703], [121.5064, 29.4846], [121.888, 29.6278], [121.9683, 29.4907], [121.9179, 29.1349], [121.7174, 29.2562], [121.5338, 29.2366], [121.4477, 29.1312], [121.6796, 28.9532], [121.5399, 28.9318], [121.6627, 28.8514], [121.4751, 28.6414], [121.6101, 28.292], [121.51, 28.3242], [121.2724, 28.2221], [121.2166, 28.3462], [121.1457, 28.3266], [120.9585, 28.0371], [120.7475, 28.01], [120.8329, 27.8915], [120.5873, 27.5806], [120.6075, 27.4124], [120.2788, 27.0971], [120.0866, 26.6715], [119.8821, 26.6104], [119.8241, 26.8464], [119.7104, 26.7288], [119.5883, 26.785], [119.881, 26.3342], [119.4631, 26.0548], [119.1394, 26.1218], [119.332, 25.9488], [119.6186, 26.0036], [119.5394, 25.5912], [119.6225, 25.3911], [119.1801, 25.4498], [119.1693, 25.3557], [119.2856, 25.2323], [118.9774, 25.2094], [118.909, 24.9289], [118.6369, 24.8355], [118.7193, 24.7461], [118.657, 24.6213], [118.2952, 24.5727], [118.0871, 24.6271], [118.0058, 24.482], [117.8427, 24.4743], [117.8791, 24.3959], [118.0241, 24.3797], [118.0562, 24.2461], [117.8395, 24.0123], [117.7415, 24.0147], [117.6281, 23.8367], [117.4665, 23.8405], [117.3675, 23.5886], [117.2908, 23.7143], [117.0824, 23.5787], [116.9107, 23.6466], [116.861, 23.4531], [116.6295, 23.354], [116.699, 23.2778], [116.5384, 23.1795], [116.4707, 22.9459], [116.2519, 22.9813], [115.8523, 22.8015], [115.6406, 22.8534], [115.4984, 22.7189], [115.196, 22.8173], [114.854, 22.6169], [114.7503, 22.6264], [114.6517, 22.7554], [114.5541, 22.529], [114.3406, 22.5932], [114.2661, 22.541], [114.0155, 22.512], [113.8283, 22.6073], [113.6195, 22.8614], [113.6206, 23.1275], [113.5198, 23.102], [113.4421, 22.9406], [113.3312, 22.9119], [113.5529, 22.5941], [113.5889, 22.3504], [113.527, 22.2459], [113.4788, 22.1954], [113.149, 22.075], [113.0889, 22.2079], [112.9539, 21.9073], [112.8085, 21.9446], [112.5863, 21.7768], [112.3595, 21.978], [112.3898, 21.8013], [112.3048, 21.7417], [111.9441, 21.8497], [111.8735, 21.7173], [111.776, 21.7194], [111.6028, 21.5592], [111.0167, 21.5116], [110.9969, 21.4302], [110.7712, 21.3865], [110.5671, 21.2141], [110.458, 21.2306], [110.4109, 21.338], [110.3745, 21.1723], [110.1542, 20.9447], [110.1805, 20.8586], [110.3655, 20.8376], [110.3129, 20.6717], [110.5174, 20.46], [110.3446, 20.2947], [110.1232, 20.2637], [109.8824, 20.364], [109.9684, 20.4482], [109.8611, 20.5143], [109.6628, 20.917], [109.6811, 21.1317], [109.7798, 21.3373], [109.9212, 21.3764], [109.9306, 21.4805], [109.6869, 21.5246], [109.5216, 21.6935], [109.544, 21.538], [109.0814, 21.4403], [109.1019, 21.5906], [108.7718, 21.6305], [108.6159, 21.7706], [108.5939, 21.9011], [108.4798, 21.9047], [108.5021, 21.6334], [108.3246, 21.6935], [108.2462, 21.5585], [107.9726, 21.508], [107.7594, 21.6551], [107.3512, 21.609], [106.971, 21.924], [106.6636, 21.9788], [106.5506, 22.5014], [106.7802, 22.779], [106.5419, 22.9083], [106.2791, 22.8574], [106.1484, 22.9701], [105.8428, 22.9228], [105.548, 23.0726], [105.2754, 23.3453], [104.8647, 23.1363], [104.7956, 22.911], [104.6872, 22.8222], [104.3718, 22.7042], [104.1432, 22.8001], [103.9416, 22.5401], [103.6202, 22.7821], [103.4931, 22.588], [103.3268, 22.7698], [102.9819, 22.4483], [102.471, 22.751], [102.1276, 22.3791]]], [[[122.3942, 29.8461], [122.3319, 29.935], [122.351, 29.9551], [122.4017, 29.9503], [122.3942, 29.8461]]], [[[122.2844, 30.068], [122.2815, 29.9439], [122.0241, 30.0133], [121.9694, 30.1431], [122.2844, 30.068]]], [[[122.1724, 29.679], [122.0428, 29.7359], [122.0623, 29.7727], [122.1195, 29.7823], [122.1724, 29.679]]], [[[121.4643, 31.7564], [121.4917, 31.6936], [121.8628, 31.4922], [121.5201, 31.5497], [121.2112, 31.8053], [121.4643, 31.7564]]], [[[121.2515, 28.0864], [121.1317, 28.0626], [121.1338, 28.1351], [121.2055, 28.2044], [121.2515, 28.0864]]], [[[119.7781, 25.6532], [119.8324, 25.4796], [119.7467, 25.4107], [119.696, 25.5909], [119.7781, 25.6532]]], [[[118.1707, 24.5186], [118.1494, 24.4362], [118.0904, 24.4462], [118.1037, 24.5523], [118.1707, 24.5186]]], [[[113.5205, 22.852], [113.5637, 22.758], [113.4043, 22.9029], [113.4651, 22.9044], [113.5205, 22.852]]], [[[112.8391, 21.7645], [112.8625, 21.7527], [112.771, 21.5819], [112.7127, 21.698], [112.8391, 21.7645]]], [[[112.5251, 21.623], [112.559, 21.6747], [112.6475, 21.7103], [112.6436, 21.6397], [112.5251, 21.623]]], [[[110.6409, 19.2912], [110.4512, 18.7479], [110.0487, 18.5053], [110.0203, 18.4163], [109.8158, 18.3966], [109.6811, 18.2472], [109.5195, 18.2184], [108.7016, 18.5353], [108.6656, 19.304], [109.2765, 19.761], [109.1775, 19.7683], [109.315, 19.9044], [110.2132, 20.0561], [110.5883, 19.9764], [110.5984, 20.0976], [110.6787, 20.1371], [110.9383, 19.9476], [111.0139, 19.6553], [110.8223, 19.5578], [110.6409, 19.2912]]], [[[110.3399, 20.9978], [110.2647, 21.0253], [110.3853, 21.0931], [110.5397, 21.039], [110.5037, 20.9678], [110.3399, 20.9978]]]]}}, {"type": "Feature", "properties": {"SOVEREIGNT": "Macao S.A.R", "SOV_A3": "MAC", "mean": 0.84, "GERMAN_NAME": "Macau", "NOTE_DE": null}, "geometry": {"type": "Polygon", "coordinates": []}}, {"type": "Feature", "properties": {"SOVEREIGNT": "Hong Kong S.A.R.", "SOV_A3": "HKG", "mean": 0.889, "GERMAN_NAME": "Hongkong", "NOTE_DE": null}, "geometry": {"type": "MultiPolygon", "coordinates": [[[[114.0155, 22.512], [114.2661, 22.541], [114.3352, 22.3963], [114.2679, 22.2954], [113.9374, 22.3648], [113.8964, 22.4282], [114.0155, 22.512]]], [[[114.2319, 22.2105], [114.2071, 22.1951], [114.1343, 22.2921], [114.247, 22.2635], [114.2319, 22.2105]]], [[[113.9979, 22.2104], [113.8773, 22.2104], [113.8388, 22.2416], [114.044, 22.3332], [113.9979, 22.2104]]]]}}, {"type": "Feature", "properties": {"SOVEREIGNT": "Chile", "SOV_A3": "CHL", "mean": 0.789, "GERMAN_NAME": "Chile", "NOTE_DE": null}, "geometry": {"type": "MultiPolygon", "coordinates": [[[[-66.4721, -55.2292], [-66.5516, -55.2729], [-66.6366, -55.2344], [-66.5232, -55.1655], [-66.4357, -55.1898], [-66.4721, -55.2292]]], [[[-70.4184, -18.3455], [-69.9263, -18.2061], [-69.8024, -17.9902], [-69.8521, -17.7038], [-69.5108, -17.5059], [-69.3132, -17.9431], [-69.094, -18.0504], [-69.1454, -18.144], [-68.9683, -18.9679], [-68.4629, -19.4328], [-68.6983, -19.7211], [-68.5608, -19.9671], [-68.7559, -20.0908], [-68.6886, -20.31], [-68.7606, -20.4163], [-68.4845, -20.6284], [-68.5633, -20.7202], [-68.5583, -20.9019], [-68.4355, -20.9482], [-68.1968, -21.3004], [-68.1864, -21.6185], [-67.8818, -22.4933], [-67.8793, -22.8231], [-67.5798, -22.8918], [-67.195, -22.8217], [-67.0088, -23.0013], [-67.3562, -24.0338], [-68.2501, -24.3919], [-68.5619, -24.7474], [-68.3844, -25.0919], [-68.4964, -25.1629], [-68.5921, -25.4201], [-68.4146, -26.1536], [-68.5918, -26.4705], [-68.3185, -26.9732], [-68.5921, -27.1401], [-68.8463, -27.1538], [-69.1742, -27.9246], [-69.657, -28.4136], [-69.828, -29.1033], [-70.0267, -29.3241], [-69.9277, -29.7693], [-69.9601, -30.0784], [-69.8442, -30.1751], [-69.9562, -30.3582], [-70.1531, -30.361], [-70.3482, -30.9023], [-70.309, -31.0226], [-70.5196, -31.1484], [-70.5851, -31.5695], [-70.4501, -31.842], [-70.2543, -31.9577], [-70.3637, -32.0834], [-70.1697, -32.4717], [-70.116, -32.8073], [-70.0221, -32.8846], [-70.0847, -33.2018], [-69.8197, -33.2838], [-69.8942, -33.7314], [-69.8525, -34.2243], [-70.0519, -34.3009], [-70.2899, -34.7327], [-70.3932, -35.147], [-70.5552, -35.247], [-70.4159, -35.5231], [-70.4047, -36.0617], [-70.7219, -36.2831], [-70.7493, -36.3925], [-71.0556, -36.5237], [-71.1921, -36.8437], [-71.1183, -37.1143], [-71.2003, -37.3002], [-71.1348, -37.445], [-71.1676, -37.7624], [-71.0283, -38.0412], [-70.9681, -38.4459], [-70.8475, -38.5417], [-70.9516, -38.7385], [-71.4016, -38.935], [-71.4199, -39.2873], [-71.5395, -39.6025], [-71.7198, -39.6353], [-71.6597, -40.0207], [-71.8185, -40.1767], [-71.6953, -40.3353], [-71.9412, -40.789], [-71.8732, -40.8928], [-71.9113, -41.6504], [-71.7501, -42.0468], [-72.1083, -42.2518], [-72.0535, -42.4733], [-72.1435, -42.5771], [-72.1025, -43.0657], [-71.7508, -43.2373], [-71.9049, -43.3475], [-71.7508, -43.5902], [-71.7947, -43.7533], [-71.6802, -43.9297], [-71.8123, -44.106], [-71.8199, -44.383], [-71.2126, -44.4413], [-71.1597, -44.5604], [-71.2612, -44.7631], [-72.0636, -44.772], [-72.0417, -44.9042], [-71.5963, -44.9792], [-71.3537, -45.2304], [-71.3494, -45.3321], [-71.5081, -45.5127], [-71.7461, -45.5789], [-71.7508, -45.839], [-71.6316, -45.9536], [-71.8757, -46.1605], [-71.7619, -46.3198], [-71.6997, -46.6513], [-71.9401, -46.8311], [-71.9049, -47.2017], [-72.3459, -47.4928], [-72.5179, -47.8763], [-72.2929, -48.2292], [-72.3549, -48.3658], [-72.6083, -48.5192], [-72.6144, -48.7929], [-73.0338, -49.0144], [-73.149, -49.188], [-73.1353, -49.3006], [-73.4615, -49.3138], [-73.5763, -49.5828], [-73.4705, -49.7946], [-73.5011, -50.1252], [-73.153, -50.7384], [-72.5097, -50.6075], [-72.3401, -50.6818], [-72.2764, -50.9102], [-72.3768, -51.0954], [-72.3034, -51.2988], [-72.4078, -51.5408], [-71.9535, -51.8803], [-71.9711, -51.9641], [-69.9601, -52.0082], [-68.4611, -52.2906], [-68.4434, -52.3567], [-69.2408, -52.2054], [-69.4468, -52.2696], [-69.6203, -52.4648], [-70.795, -52.7688], [-70.9843, -53.3736], [-70.9959, -53.7792], [-71.2979, -53.8834], [-72.1745, -53.6322], [-72.3768, -53.4712], [-72.4128, -53.3502], [-72.3059, -53.2537], [-71.9416, -53.2341], [-71.8282, -53.3984], [-71.8915, -53.5236], [-71.7915, -53.4845], [-71.7407, -53.2327], [-71.2889, -53.0336], [-71.1633, -52.888], [-71.227, -52.8106], [-71.3879, -52.7642], [-72.2782, -53.1324], [-72.4927, -53.2907], [-72.5489, -53.4608], [-73.0529, -53.2435], [-72.9154, -53.1221], [-72.8891, -52.8715], [-72.7278, -52.7623], [-72.4535, -52.8144], [-72.1176, -52.65], [-71.7972, -52.6828], [-71.5114, -52.6054], [-72.2256, -52.5211], [-72.4377, -52.6257], [-72.712, -52.5357], [-73.1224, -53.0739], [-73.338, -53.0546], [-73.6451, -52.837], [-73.2408, -52.7071], [-73.0731, -52.5351], [-73.1238, -52.4881], [-73.2441, -52.624], [-73.3823, -52.5952], [-73.5857, -52.6858], [-74.0145, -52.6393], [-74.0375, -52.4031], [-74.1509, -52.3826], [-74.2956, -52.1179], [-73.8345, -52.2338], [-73.7027, -52.1988], [-73.6843, -52.0776], [-73.2606, -52.1578], [-72.7951, -51.9495], [-72.6954, -51.9851], [-72.5709, -52.2], [-72.7141, -52.3569], [-72.6313, -52.3716], [-72.5233, -52.2555], [-72.6249, -52.0068], [-72.4942, -51.8475], [-72.5424, -51.7062], [-73.1688, -51.454], [-72.649, -51.6951], [-72.6, -51.7991], [-73.3834, -52.07], [-73.518, -52.041], [-73.7527, -51.7956], [-74.1966, -51.6805], [-74.0695, -51.5788], [-73.9299, -51.6179], [-73.9396, -51.2662], [-74.8147, -51.0628], [-75.0948, -50.6813], [-74.6859, -50.662], [-74.6488, -50.6185], [-74.7759, -50.4699], [-74.6445, -50.3609], [-74.3655, -50.4878], [-74.1394, -50.8177], [-73.8064, -50.9384], [-73.7405, -50.6967], [-73.6181, -50.6513], [-73.6933, -50.57], [-73.6545, -50.4926], [-73.9781, -50.8271], [-74.1973, -50.6098], [-74.1855, -50.4853], [-73.9504, -50.5105], [-74.4252, -50.3501], [-74.6297, -50.1939], [-74.3338, -49.9745], [-73.9587, -49.9947], [-74.3241, -49.7835], [-74.2909, -49.604], [-74.1019, -49.5552], [-73.8363, -49.6094], [-74.0944, -49.4296], [-73.9349, -49.021], [-74.0278, -49.0262], [-74.2215, -49.5005], [-74.3665, -49.4004], [-74.341, -48.5956], [-74.0091, -48.475], [-74.4745, -48.464], [-74.5771, -48.2745], [-74.5847, -47.999], [-73.8539, -48.0423], [-73.5281, -48.1983], [-73.3909, -48.1459], [-73.6098, -47.994], [-73.716, -47.6554], [-73.941, -47.9294], [-74.2272, -47.969], [-74.6549, -47.7022], [-74.5339, -47.5677], [-74.2431, -47.6793], [-74.134, -47.5908], [-74.4828, -47.4304], [-74.1585, -47.1826], [-74.2081, -47.0831], [-74.152, -46.9743], [-74.3136, -46.7881], [-74.4544, -46.7667], [-74.5123, -46.8851], [-75.0059, -46.7411], [-75.0189, -46.5106], [-75.5405, -46.6987], [-75.3864, -46.8627], [-75.4303, -46.9346], [-75.7083, -46.7749], [-75.6568, -46.6104], [-74.9245, -46.1596], [-75.0747, -46.0044], [-75.0667, -45.8748], [-74.1577, -45.7672], [-74.0818, -45.6783], [-74.1228, -45.4963], [-73.9572, -45.4044], [-73.8251, -45.447], [-74.0609, -45.9473], [-74.0199, -46.0558], [-74.3928, -46.2174], [-73.9677, -46.1541], [-73.8787, -45.8469], [-73.7351, -45.8118], [-73.7081, -46.0702], [-73.8107, -46.3774], [-73.9486, -46.5331], [-73.8453, -46.5661], [-73.662, -46.2976], [-73.5918, -45.8991], [-73.5943, -45.7769], [-73.7567, -45.7028], [-73.7308, -45.4801], [-73.5501, -45.4838], [-73.2664, -45.3463], [-72.9337, -45.4523], [-73.2264, -45.2552], [-73.4449, -45.2382], [-73.405, -45.1023], [-73.3625, -44.9782], [-72.739, -44.7341], [-72.6799, -44.5941], [-72.6637, -44.4363], [-73.2649, -44.1687], [-73.2246, -43.8979], [-73.0687, -43.862], [-72.9967, -43.6317], [-73.1011, -43.4551], [-73.0759, -43.3236], [-72.8779, -43.0481], [-72.7581, -43.0395], [-72.8481, -42.6691], [-72.7739, -42.505], [-72.6317, -42.5096], [-72.7732, -42.2577], [-72.631, -42.1998], [-72.4125, -42.3882], [-72.4996, -41.9809], [-72.7383, -41.9946], [-72.8239, -41.9089], [-72.6598, -41.7424], [-72.3603, -41.649], [-72.3181, -41.4991], [-72.5424, -41.6905], [-72.9528, -41.5147], [-73.2419, -41.7808], [-73.7351, -41.7424], [-73.6239, -41.5813], [-73.855, -41.4463], [-73.9835, -40.9744], [-73.671, -39.9632], [-73.4104, -39.7891], [-73.2264, -39.2243], [-73.5202, -38.5094], [-73.4647, -38.0403], [-73.6617, -37.6985], [-73.6033, -37.479], [-73.6624, -37.341], [-73.6015, -37.1884], [-73.216, -37.1669], [-73.1181, -36.6884], [-73.0065, -36.6436], [-72.7786, -35.9785], [-72.5874, -35.7597], [-72.6238, -35.5857], [-72.2238, -35.0963], [-72.0561, -34.6159], [-72.0028, -34.1655], [-71.6644, -33.6526], [-71.7429, -33.0951], [-71.592, -32.9694], [-71.4523, -32.6596], [-71.4214, -32.387], [-71.5132, -32.2078], [-71.709, -30.6281], [-71.6694, -30.3304], [-71.4005, -30.143], [-71.3159, -29.6497], [-71.5193, -28.9264], [-71.1863, -28.3778], [-71.0866, -27.8144], [-70.9257, -27.5886], [-70.8979, -27.1875], [-70.6467, -26.3294], [-70.6355, -25.9927], [-70.7136, -25.7842], [-70.4523, -25.2517], [-70.5743, -24.6444], [-70.5073, -23.8858], [-70.3925, -23.5659], [-70.588, -23.3684], [-70.5934, -23.2554], [-70.5631, -23.057], [-70.4497, -23.0343], [-70.3317, -22.8488], [-70.0876, -21.493], [-70.197, -20.7254], [-70.1574, -19.7059], [-70.4184, -18.3455]]], [[[-67.0798, -55.1539], [-67.3397, -55.2926], [-67.4948, -55.1775], [-67.7677, -55.2596], [-68.0701, -55.221], [-68.3012, -54.9807], [-68.1068, -54.9295], [-67.2454, -54.9777], [-67.0798, -55.1539]]], [[[-67.2889, -55.777], [-67.3253, -55.7848], [-67.5636, -55.7077], [-67.3742, -55.5893], [-67.2889, -55.777]]], [[[-67.5751, -55.8898], [-67.8314, -55.865], [-67.8498, -55.8426], [-67.5172, -55.8329], [-67.5751, -55.8898]]], [[[-69.7031, -54.919], [-68.9006, -55.0178], [-68.4578, -54.9597], [-68.3999, -55.0421], [-68.6134, -55.1556], [-68.2825, -55.2552], [-68.3264, -55.3326], [-68.0899, -55.4783], [-68.0482, -55.6431], [-68.338, -55.5052], [-68.8672, -55.4501], [-68.9312, -55.3707], [-68.8902, -55.2412], [-69.1926, -55.1719], [-69.297, -55.1658], [-69.3593, -55.3007], [-69.1807, -55.4748], [-69.4118, -55.4442], [-69.6458, -55.3208], [-69.6574, -55.229], [-69.9799, -55.1475], [-69.8845, -54.8821], [-69.7031, -54.919]]], [[[-68.6299, -52.6526], [-68.6533, -54.8538], [-69.0817, -54.91], [-69.4864, -54.859], [-69.7236, -54.712], [-70.0307, -54.8154], [-70.2816, -54.7517], [-70.4973, -54.8095], [-71.4408, -54.6196], [-71.8314, -54.6261], [-71.9279, -54.5287], [-71.8001, -54.4339], [-71.6064, -54.4971], [-71.3551, -54.3954], [-71.0801, -54.4442], [-70.7971, -54.3272], [-70.6989, -54.3489], [-70.701, -54.4855], [-70.3111, -54.5285], [-70.863, -54.1106], [-70.8677, -53.8841], [-70.6445, -53.8228], [-70.6956, -53.7274], [-70.5315, -53.6274], [-70.3799, -53.9868], [-70.6297, -54.0056], [-70.5354, -54.1363], [-70.1689, -54.3793], [-69.742, -54.3058], [-69.4194, -54.4072], [-69.3121, -54.5714], [-69.2531, -54.5573], [-69.0443, -54.4067], [-69.9882, -54.1092], [-70.1513, -53.8881], [-70.0912, -53.7218], [-69.3899, -53.4995], [-69.356, -53.4163], [-69.6368, -53.3341], [-70.0905, -53.4182], [-70.3291, -53.3776], [-70.4602, -53.2063], [-70.4433, -53.0855], [-70.1308, -52.9427], [-70.3803, -52.7519], [-70.1898, -52.7236], [-69.9353, -52.821], [-69.414, -52.4862], [-69.167, -52.6676], [-68.7898, -52.5768], [-68.6299, -52.6526]]], [[[-70.9915, -54.868], [-70.8047, -54.9678], [-70.4177, -54.909], [-70.2978, -55.1138], [-70.4757, -55.1771], [-70.5973, -55.082], [-70.9397, -55.0619], [-71.2032, -54.893], [-71.4372, -54.8894], [-71.3742, -54.8345], [-70.9915, -54.868]]], [[[-71.3904, -54.0328], [-71.0218, -54.1118], [-71.0049, -54.2467], [-71.1431, -54.374], [-71.4732, -54.2312], [-71.9484, -54.301], [-71.9725, -54.2073], [-72.2105, -54.0477], [-71.9967, -53.8848], [-71.3904, -54.0328]]], [[[-72.9233, -53.4816], [-72.8823, -53.5783], [-72.4823, -53.5882], [-72.2055, -53.8074], [-72.4085, -54.0038], [-72.8711, -54.1265], [-72.9586, -54.066], [-72.7638, -53.8648], [-73.0396, -53.8327], [-73.0806, -53.9981], [-73.2106, -53.986], [-73.3049, -53.9438], [-73.3143, -53.7291], [-73.4709, -53.736], [-73.6415, -53.5703], [-73.8456, -53.5458], [-73.6865, -53.4269], [-73.4471, -53.4101], [-73.0993, -53.512], [-73.0536, -53.3945], [-72.9233, -53.4816]]], [[[-72.9863, -44.7801], [-73.2286, -44.86], [-73.3971, -44.7744], [-73.4449, -44.6411], [-73.2819, -44.4896], [-73.2599, -44.3502], [-72.7764, -44.5087], [-72.9863, -44.7801]]], [[[-74.3856, -52.9224], [-73.6541, -53.0697], [-73.1353, -53.354], [-73.5673, -53.3068], [-73.8669, -53.0968], [-74.2701, -53.0815], [-74.7121, -52.7488], [-74.3856, -52.9224]]], [[[-73.7733, -43.3458], [-74.1145, -43.3579], [-74.3874, -43.2316], [-74.2096, -42.8787], [-74.1703, -42.269], [-74.0368, -41.7953], [-73.5277, -41.8964], [-73.423, -42.1928], [-73.5328, -42.3145], [-73.4709, -42.4663], [-73.7891, -42.5858], [-73.4363, -42.9365], [-73.5407, -43.0738], [-73.7495, -43.159], [-73.7733, -43.3458]]], [[[-73.6321, -44.8214], [-73.8186, -44.6522], [-73.7794, -44.5592], [-73.6411, -44.6109], [-73.6321, -44.8214]]], [[[-73.7355, -44.3945], [-73.9831, -44.495], [-74.0022, -44.5909], [-73.828, -44.8398], [-73.7272, -45.1189], [-73.752, -45.2668], [-73.8489, -45.3407], [-74.0991, -45.3255], [-74.0893, -45.1956], [-74.6178, -44.648], [-74.4807, -44.5847], [-74.5019, -44.4736], [-74.0973, -44.3893], [-74.0829, -44.1864], [-73.995, -44.1402], [-73.7031, -44.274], [-73.7355, -44.3945]]], [[[-73.8107, -43.8273], [-73.7898, -43.8766], [-73.9558, -43.922], [-74.143, -43.8722], [-74.1401, -43.821], [-73.8107, -43.8273]]], [[[-74.1423, -51.931], [-74.3388, -51.898], [-74.4753, -51.7256], [-74.1333, -51.8709], [-74.1423, -51.931]]], [[[-74.3129, -45.6915], [-74.4655, -45.7573], [-74.6776, -45.7385], [-74.6898, -45.6627], [-74.4947, -45.426], [-74.5023, -45.285], [-74.3104, -45.1726], [-74.3154, -45.4641], [-74.2294, -45.6113], [-74.3129, -45.6915]]], [[[-74.4763, -49.1479], [-74.5221, -49.6229], [-74.4587, -49.6911], [-74.5948, -50.0067], [-74.7629, -50.0115], [-74.8803, -49.726], [-74.7237, -49.4238], [-74.9602, -49.533], [-75.066, -49.8524], [-75.5499, -49.7914], [-75.5207, -49.6215], [-75.3371, -49.6281], [-75.3058, -49.494], [-75.4674, -49.3589], [-75.3267, -49.2687], [-75.0862, -49.2702], [-75.0937, -49.1854], [-75.21, -49.148], [-74.9494, -48.9602], [-74.9807, -48.819], [-74.8961, -48.733], [-74.5462, -48.7669], [-74.4763, -49.1479]]], [[[-74.823, -51.6302], [-74.7802, -51.8247], [-74.5368, -51.9652], [-74.6945, -52.2793], [-74.8518, -52.2708], [-75.1053, -51.7888], [-74.823, -51.6302]]], [[[-74.5588, -51.277], [-74.6203, -51.3959], [-75.0473, -51.3985], [-75.2892, -51.6255], [-75.1535, -51.2787], [-75.0405, -51.3181], [-74.6117, -51.207], [-74.5588, -51.277]]], [[[-74.5674, -48.5919], [-74.9231, -48.6265], [-75.2471, -48.0268], [-74.8273, -47.8503], [-74.8461, -48.0209], [-74.6153, -48.343], [-74.5674, -48.5919]]], [[[-74.6686, -43.6079], [-74.8104, -43.6254], [-74.8421, -43.5702], [-74.7449, -43.5358], [-74.6686, -43.6079]]], [[[-75.0549, -50.296], [-75.2503, -50.3762], [-75.4491, -50.3434], [-75.3267, -50.0119], [-74.8759, -50.1099], [-74.8385, -50.1972], [-75.0549, -50.296]]], [[[-75.1121, -47.8376], [-75.2611, -47.7639], [-75.0898, -47.6906], [-74.9263, -47.7231], [-75.1121, -47.8376]]], [[[-75.0426, -44.8902], [-75.0988, -44.9018], [-75.142, -44.8157], [-75.0793, -44.7951], [-75.0426, -44.8902]]], [[[-75.1067, -48.8367], [-75.39, -49.1591], [-75.5059, -49.2307], [-75.6413, -49.1954], [-75.4876, -49.0824], [-75.6377, -48.9427], [-75.583, -48.8589], [-75.1186, -48.7728], [-75.1067, -48.8367]]], [[[-75.3022, -50.6801], [-75.3306, -50.7724], [-75.4386, -50.7412], [-75.4278, -50.4805], [-75.1153, -50.5103], [-75.2925, -50.5969], [-75.3022, -50.6801]]], [[[-75.5103, -48.7634], [-75.6229, -48.7646], [-75.651, -48.5862], [-75.5185, -48.3288], [-75.5607, -48.0709], [-75.3915, -48.0199], [-75.1557, -48.4251], [-75.1585, -48.6227], [-75.5103, -48.7634]]], [[[-78.8043, -33.6465], [-78.9832, -33.6677], [-78.9893, -33.6618], [-78.8773, -33.5752], [-78.8043, -33.6465]]], [[[-109.2801, -27.1405], [-109.4342, -27.1714], [-109.3906, -27.0683], [-109.2228, -27.1011], [-109.2801, -27.1405]]]]}}, {"type": "Feature", "properties": {"SOVEREIGNT": "Chad", "SOV_A3": "TCD", "mean": 1.717, "GERMAN_NAME": "Tschad", "NOTE_DE": null}, "geometry": {"type": "Polygon", "coordinates": [[[23.9802, 19.4965], [23.9708, 15.7215], [23.105, 15.7026], [22.934, 15.5332], [22.9322, 15.1621], [22.7634, 14.9986], [22.6708, 14.7225], [22.3814, 14.5505], [22.5387, 14.1619], [22.1064, 13.7998], [22.228, 13.3296], [21.9901, 13.1132], [21.8252, 12.7905], [21.9282, 12.6781], [22.3522, 12.6604], [22.4725, 12.0678], [22.5808, 11.9902], [22.5913, 11.5799], [22.9225, 11.3449], [22.8602, 10.9197], [22.4937, 10.9962], [21.7716, 10.6428], [21.6826, 10.29], [21.5282, 10.2077], [21.3961, 10.0014], [21.264, 9.9746], [20.7733, 9.4057], [20.342, 9.1271], [19.1454, 9.016], [18.9564, 8.9388], [18.8862, 8.836], [19.1086, 8.6562], [18.5643, 8.046], [17.6496, 7.9837], [16.7848, 7.551], [16.5454, 7.8655], [16.3788, 7.6836], [15.9576, 7.5076], [15.4802, 7.5237], [15.5497, 7.7879], [15.4431, 7.8519], [15.1162, 8.5575], [14.3322, 9.2035], [13.9772, 9.6915], [14.2432, 9.9797], [15.6548, 10.0078], [15.2761, 10.3575], [15.1321, 10.6486], [15.0298, 11.1137], [15.122, 11.5412], [15.0813, 11.8455], [14.847, 12.5021], [14.5446, 12.8202], [14.4618, 13.0219], [14.064, 13.0785], [13.6064, 13.7045], [13.4484, 14.3805], [14.3678, 15.7501], [15.4744, 16.9083], [15.7351, 19.904], [15.9633, 20.3461], [15.5871, 20.7333], [15.5403, 20.875], [15.6073, 20.9545], [15.1818, 21.5234], [14.9791, 22.9961], [15.9842, 23.4453], [23.9802, 19.4965]]]}}, {"type": "Feature", "properties": {"SOVEREIGNT": "Central African Republic", "SOV_A3": "CAF", "mean": 1.323, "GERMAN_NAME": "Zentralafrikanische Republik", "NOTE_DE": null}, "geometry": {"type": "Polygon", "coordinates": [[[24.1472, 8.6656], [24.2916, 8.2914], [24.8532, 8.1375], [25.2006, 7.808], [25.2474, 7.7245], [25.1815, 7.5572], [25.279, 7.4274], [25.8889, 7.065], [26.3619, 6.6353], [26.3245, 6.3963], [26.5142, 6.0693], [27.1438, 5.7228], [27.2569, 5.2896], [27.4034, 5.1093], [27.0718, 5.1999], [26.822, 5.0624], [25.5249, 5.3122], [25.4004, 5.2559], [25.2492, 5.0244], [25.0652, 4.9673], [24.3196, 4.994], [23.4171, 4.663], [22.8645, 4.7238], [22.4221, 4.1349], [20.558, 4.4628], [20.2264, 4.8297], [19.8067, 5.0893], [19.501, 5.1275], [19.0687, 4.8913], [18.8318, 4.5235], [18.5942, 4.3463], [18.6104, 3.4785], [18.4743, 3.6231], [18.1608, 3.4998], [17.4915, 3.6873], [16.6106, 3.5054], [16.4767, 3.165], [16.4684, 2.8318], [16.1833, 2.2699], [16.0634, 2.9087], [15.1288, 3.8268], [15.0349, 4.0163], [15.1357, 4.0368], [15.0637, 4.2849], [14.7314, 4.6025], [14.6407, 5.1791], [14.5629, 5.2799], [14.6169, 5.865], [14.4312, 6.0387], [14.7393, 6.2798], [15.2066, 7.2061], [15.4802, 7.5237], [15.9576, 7.5076], [16.3788, 7.6836], [16.5454, 7.8655], [16.7848, 7.551], [17.6496, 7.9837], [18.5643, 8.046], [19.1086, 8.6562], [18.8862, 8.836], [18.9564, 8.9388], [19.1454, 9.016], [20.342, 9.1271], [20.7733, 9.4057], [21.264, 9.9746], [21.3961, 10.0014], [21.5282, 10.2077], [21.6826, 10.29], [21.7716, 10.6428], [22.4937, 10.9962], [22.8602, 10.9197], [23.3124, 10.3881], [23.6464, 9.8229], [23.6227, 9.3406], [23.4682, 9.1148], [23.5374, 8.8159], [24.1472, 8.6656]]]}}, {"type": "Feature", "properties": {"SOVEREIGNT": "Cabo Verde", "SOV_A3": "CPV", "mean": 0.476, "GERMAN_NAME": "Kap Verde", "NOTE_DE": null}, "geometry": {"type": "MultiPolygon", "coordinates": [[[[-22.9178, 16.2372], [-22.6928, 16.169], [-22.7101, 16.0433], [-22.8206, 15.986], [-22.9592, 16.045], [-22.9178, 16.2372]]], [[[-22.8883, 16.6591], [-22.9203, 16.6079], [-22.9804, 16.7009], [-22.9329, 16.841], [-22.8883, 16.6591]]], [[[-23.182, 15.1368], [-23.2519, 15.1781], [-23.2101, 15.3235], [-23.1194, 15.2683], [-23.182, 15.1368]]], [[[-23.4441, 15.008], [-23.5046, 14.9162], [-23.7055, 14.9613], [-23.785, 15.0769], [-23.748, 15.3284], [-23.4441, 15.008]]], [[[-24.0878, 16.6225], [-24.0327, 16.5721], [-24.243, 16.5994], [-24.3225, 16.4932], [-24.3981, 16.6185], [-24.3769, 16.6778], [-24.0878, 16.6225]]], [[[-24.3081, 14.8563], [-24.4406, 14.8348], [-24.4968, 14.9802], [-24.3294, 15.0194], [-24.3081, 14.8563]]], [[[-24.887, 16.8181], [-25.0198, 16.7973], [-25.0929, 16.8325], [-24.9363, 16.922], [-24.887, 16.8181]]], [[[-25.17, 16.9465], [-25.3082, 16.9358], [-25.337, 17.0909], [-25.0346, 17.1763], [-24.9795, 17.0947], [-25.17, 16.9465]]]]}}, {"type": "Feature", "properties": {"SOVEREIGNT": "Canada", "SOV_A3": "CAN", "mean": 2.282, "GERMAN_NAME": "Kanada", "NOTE_DE": null}, "geometry": {"type": "MultiPolygon", "coordinates": [[[[-55.4586, 51.5364], [-55.5835, 51.3886], [-56.031, 51.3283], [-56.0, 51.1994], [-55.815, 51.1912], [-55.7999, 51.0334], [-56.7323, 50.0077], [-56.8486, 49.7654], [-56.8223, 49.6135], [-56.1793, 50.1149], [-56.1221, 50.0627], [-56.1613, 49.9402], [-55.927, 50.0177], [-55.5029, 49.983], [-56.1401, 49.6192], [-55.8697, 49.6701], [-56.0872, 49.4519], [-55.3758, 49.4898], [-55.3438, 49.373], [-55.2296, 49.5082], [-55.2001, 49.4085], [-55.3531, 49.0795], [-55.176, 49.2443], [-54.9827, 49.268], [-54.5021, 49.5274], [-54.4481, 49.3296], [-54.3563, 49.4151], [-53.9578, 49.4419], [-53.6194, 49.3218], [-53.5733, 49.1411], [-54.1612, 48.7877], [-53.853, 48.8113], [-53.966, 48.7066], [-53.7065, 48.6556], [-53.7947, 48.5265], [-54.1144, 48.3935], [-53.0275, 48.6348], [-53.1359, 48.4017], [-53.6096, 48.2076], [-53.5693, 48.0881], [-53.8696, 48.0197], [-53.6381, 48.0146], [-53.8638, 47.7871], [-53.7652, 47.6502], [-53.6723, 47.6483], [-53.2828, 47.9978], [-52.8659, 48.1129], [-53.1539, 47.7347], [-53.1697, 47.512], [-53.1226, 47.4551], [-52.9451, 47.553], [-52.7824, 47.7694], [-52.6538, 47.5493], [-53.0696, 46.6812], [-53.3231, 46.7185], [-53.5898, 46.6388], [-53.5974, 47.146], [-54.0096, 46.8396], [-54.1738, 46.8804], [-53.8494, 47.4403], [-53.9891, 47.7562], [-54.1918, 47.8598], [-54.488, 47.4039], [-54.5626, 47.3751], [-54.474, 47.5471], [-54.6511, 47.4082], [-54.8567, 47.385], [-55.3157, 46.9057], [-55.7884, 46.8672], [-55.95, 46.9278], [-55.9194, 47.017], [-55.4914, 47.1607], [-55.1908, 47.4488], [-54.7847, 47.6647], [-55.3664, 47.6611], [-55.4348, 47.5012], [-55.576, 47.4651], [-56.1271, 47.5028], [-55.8672, 47.5924], [-55.8578, 47.8192], [-56.774, 47.5651], [-58.3332, 47.6769], [-58.3368, 47.7309], [-58.9412, 47.5806], [-59.2598, 47.6342], [-59.3408, 47.9336], [-58.3303, 48.5221], [-59.1677, 48.5586], [-58.8419, 48.7464], [-58.9063, 48.6502], [-58.7166, 48.5982], [-58.4038, 49.0843], [-57.9905, 48.988], [-58.0988, 49.0774], [-57.98, 49.2296], [-58.191, 49.2586], [-58.2133, 49.3867], [-58.0157, 49.5425], [-57.7914, 49.4901], [-57.926, 49.7008], [-57.4325, 50.5058], [-57.3306, 50.6051], [-57.1798, 50.6148], [-57.2978, 50.6986], [-57.0534, 50.8573], [-57.0358, 51.0107], [-56.8252, 51.1258], [-56.6826, 51.3328], [-56.0256, 51.5684], [-55.6904, 51.4713], [-55.6663, 51.579], [-55.4586, 51.5364]]], [[[-54.0938, 49.7444], [-53.9808, 49.6619], [-54.2861, 49.5955], [-54.2778, 49.7114], [-54.0938, 49.7444]]], [[[-54.227, 47.4414], [-54.326, 47.408], [-54.128, 47.6469], [-54.1475, 47.5731], [-54.227, 47.4414]]], [[[-54.5543, 49.5889], [-54.7865, 49.4962], [-54.8635, 49.576], [-54.5593, 49.6316], [-54.5543, 49.5889]]], [[[-55.3614, 51.8898], [-55.3999, 51.9386], [-55.2739, 51.9952], [-55.2937, 51.9301], [-55.3614, 51.8898]]], [[[-55.536, 50.7196], [-55.6339, 50.7401], [-55.4694, 50.7964], [-55.4726, 50.7759], [-55.536, 50.7196]]], [[[-130.0251, 55.8882], [-130.0978, 56.1091], [-130.4132, 56.1225], [-130.4773, 56.2306], [-130.7419, 56.3409], [-131.5753, 56.5988], [-131.8244, 56.5899], [-131.8662, 56.7928], [-132.1045, 56.8567], [-132.0314, 57.0264], [-132.3381, 57.0794], [-132.2323, 57.1986], [-133.4224, 58.337], [-133.4012, 58.411], [-133.8206, 58.705], [-134.2969, 58.8985], [-134.4409, 59.0854], [-134.9438, 59.2883], [-135.0712, 59.4414], [-135.0511, 59.5785], [-135.4759, 59.7934], [-136.3219, 59.6047], [-136.247, 59.5329], [-136.4662, 59.4591], [-136.4666, 59.28], [-136.5789, 59.1522], [-136.8133, 59.15], [-137.4386, 58.9032], [-137.521, 58.9155], [-137.4843, 58.9914], [-137.5934, 59.2264], [-138.6324, 59.7783], [-138.7054, 59.9013], [-139.1853, 60.0836], [-139.0791, 60.3436], [-139.6764, 60.3283], [-139.9734, 60.1832], [-140.4529, 60.2997], [-140.5256, 60.2183], [-141.0022, 60.3002], [-141.0022, 69.6508], [-139.1817, 69.5156], [-137.8695, 69.0928], [-136.7172, 68.8892], [-136.1224, 68.8822], [-135.2588, 68.6844], [-135.4345, 68.842], [-135.8946, 68.9267], [-135.9248, 68.9926], [-135.5756, 69.027], [-135.91, 69.1113], [-135.6915, 69.3113], [-135.293, 69.308], [-135.1407, 69.4678], [-134.4567, 69.4777], [-134.4952, 69.572], [-134.4088, 69.6819], [-133.8796, 69.5078], [-134.1745, 69.253], [-133.1632, 69.434], [-132.8403, 69.6506], [-132.404, 69.6588], [-132.5685, 69.6982], [-132.4886, 69.7381], [-132.1635, 69.7049], [-131.441, 69.9179], [-131.1364, 69.9068], [-130.6656, 70.1272], [-129.9448, 70.0908], [-129.6755, 70.193], [-129.5384, 70.1052], [-129.6482, 69.9977], [-130.8322, 69.6515], [-131.9378, 69.5347], [-132.3309, 69.308], [-132.6866, 69.2599], [-133.4185, 68.8442], [-133.1967, 68.7399], [-133.138, 68.7465], [-133.3368, 68.8352], [-132.5775, 68.8479], [-132.5422, 68.8899], [-132.7392, 68.9225], [-132.719, 69.0791], [-131.9198, 69.2906], [-131.7884, 69.4321], [-131.3431, 69.4354], [-131.3247, 69.3613], [-131.0634, 69.4507], [-130.9708, 69.2091], [-130.5158, 69.5697], [-130.1176, 69.72], [-128.899, 69.9662], [-128.9386, 69.875], [-129.1579, 69.8], [-129.0542, 69.7011], [-128.8529, 69.7509], [-128.3867, 69.9601], [-128.2787, 70.108], [-127.6837, 70.2603], [-127.9742, 70.293], [-128.0437, 70.3287], [-127.9889, 70.3631], [-128.17, 70.4185], [-128.1272, 70.5238], [-127.9911, 70.5738], [-127.2261, 70.2963], [-126.6123, 69.7303], [-125.7278, 69.38], [-125.3869, 69.3493], [-125.1719, 69.4281], [-125.3455, 69.6624], [-125.2011, 69.8289], [-125.0794, 69.8178], [-124.768, 69.9899], [-124.9905, 70.0266], [-124.5549, 70.1513], [-124.4444, 70.1106], [-124.4069, 69.7674], [-124.1247, 69.69], [-124.4815, 69.4252], [-124.3382, 69.3649], [-123.5285, 69.3894], [-123.2135, 69.5416], [-123.0256, 69.8099], [-121.7419, 69.7974], [-120.9625, 69.6603], [-120.1399, 69.3805], [-118.8687, 69.2573], [-118.0951, 69.0428], [-117.2271, 68.9135], [-116.0596, 68.8369], [-116.2436, 68.9741], [-115.4422, 68.9409], [-114.6203, 68.7462], [-113.9644, 68.3992], [-114.0958, 68.2668], [-114.7654, 68.2701], [-115.1272, 68.1319], [-115.1672, 68.0186], [-115.4343, 67.9023], [-115.1333, 67.8192], [-112.5032, 67.682], [-110.9901, 67.7909], [-110.0739, 67.9929], [-109.6304, 67.7327], [-109.0382, 67.6912], [-108.852, 67.4219], [-108.6134, 67.598], [-107.9888, 67.2563], [-107.9092, 67.1626], [-107.9913, 67.0952], [-108.496, 67.0923], [-107.2594, 66.3985], [-107.7105, 66.7401], [-107.7461, 66.9616], [-107.6262, 67.0031], [-107.1564, 66.8817], [-107.348, 67.0548], [-107.2832, 67.1032], [-107.5676, 67.273], [-107.65, 67.5114], [-107.9542, 67.7001], [-107.9585, 67.8186], [-107.763, 67.9068], [-107.7983, 68.0368], [-106.4242, 68.2005], [-106.4044, 68.3192], [-105.9332, 68.4431], [-105.7503, 68.5924], [-105.9321, 68.6365], [-106.458, 68.5165], [-106.6085, 68.3572], [-107.6194, 68.331], [-107.7414, 68.2857], [-107.6777, 68.2029], [-107.7342, 68.1738], [-108.3228, 68.1541], [-108.7181, 68.2973], [-108.3135, 68.6108], [-106.1643, 68.9199], [-105.6855, 68.8281], [-105.5397, 68.7187], [-105.3773, 68.414], [-104.653, 68.23], [-104.6613, 68.1488], [-104.4867, 68.0632], [-103.9017, 68.041], [-103.474, 68.1151], [-102.8415, 67.8528], [-102.3202, 67.7357], [-101.5548, 67.6932], [-100.2128, 67.8386], [-99.0323, 67.7188], [-98.412, 67.8072], [-98.7036, 67.9657], [-98.7202, 68.042], [-98.6316, 68.0726], [-97.9307, 67.7109], [-97.4548, 67.6171], [-97.1945, 67.697], [-97.1398, 67.7963], [-97.5466, 67.9608], [-98.1924, 67.923], [-98.5002, 68.1177], [-98.3807, 68.1324], [-98.6504, 68.3635], [-98.2187, 68.3173], [-97.7943, 68.3878], [-97.939, 68.5105], [-97.8285, 68.5329], [-97.3356, 68.4792], [-96.9767, 68.2553], [-96.4306, 68.3105], [-96.7222, 68.0387], [-95.9702, 68.2491], [-96.1988, 67.7178], [-96.369, 67.5097], [-96.1415, 67.2717], [-95.72, 67.3167], [-95.7776, 67.1846], [-95.4158, 67.1556], [-95.419, 67.0133], [-95.7686, 66.9668], [-96.4227, 67.0518], [-95.7876, 66.6167], [-95.743, 66.6905], [-96.0368, 66.9375], [-95.3996, 66.9494], [-95.2588, 67.2625], [-95.4633, 67.6102], [-95.6505, 67.7374], [-95.4608, 68.0214], [-94.7444, 68.0708], [-93.9279, 68.4738], [-93.4491, 68.6189], [-93.6438, 68.6332], [-93.6813, 68.8873], [-93.8523, 69.0003], [-94.065, 68.7847], [-94.4783, 68.7429], [-94.6004, 68.8033], [-94.5626, 68.9116], [-94.0838, 69.123], [-94.2555, 69.1514], [-94.2548, 69.3139], [-93.6194, 69.417], [-93.8206, 69.2528], [-93.7486, 69.2261], [-93.4311, 69.3752], [-93.5369, 69.3825], [-93.5322, 69.4809], [-94.271, 69.4552], [-94.6338, 69.6497], [-94.8225, 69.5779], [-95.9651, 69.8028], [-96.5512, 70.2104], [-96.5454, 70.3273], [-96.2978, 70.5113], [-95.8787, 70.549], [-95.9882, 70.6168], [-95.8863, 70.6943], [-96.2582, 70.6422], [-96.549, 70.8086], [-96.4706, 71.0698], [-96.5249, 71.1271], [-96.4209, 71.1766], [-96.4464, 71.2399], [-96.062, 71.4138], [-95.5644, 71.3368], [-95.4064, 71.4916], [-95.8722, 71.5732], [-95.2012, 71.9038], [-94.8869, 71.9635], [-94.5572, 71.979], [-94.3084, 71.7648], [-93.7464, 71.7428], [-93.763, 71.6379], [-93.2565, 71.4609], [-92.9487, 71.2622], [-92.8828, 71.0693], [-92.9814, 70.8522], [-92.3558, 70.6342], [-92.049, 70.3896], [-92.0472, 70.3034], [-91.7607, 70.3263], [-91.5641, 70.1784], [-91.8586, 70.1328], [-92.3205, 70.2353], [-92.512, 70.1038], [-91.9767, 70.0385], [-92.8878, 69.6681], [-92.3118, 69.6728], [-91.9119, 69.5312], [-91.202, 69.6447], [-91.1508, 69.6372], [-91.4399, 69.5256], [-90.4157, 69.4571], [-90.6839, 69.4278], [-90.8924, 69.2674], [-91.2372, 69.2856], [-90.7448, 69.1058], [-90.4791, 68.8812], [-90.5738, 68.4747], [-90.2476, 68.2673], [-89.8977, 68.4909], [-89.6665, 69.0145], [-89.2795, 69.2556], [-89.0567, 69.2662], [-88.0415, 68.8118], [-87.8277, 68.4482], [-87.828, 68.2999], [-87.9911, 68.242], [-88.2352, 68.339], [-88.3471, 68.2881], [-88.3137, 67.9504], [-88.1959, 67.7659], [-87.499, 67.3552], [-87.3593, 67.1772], [-86.5608, 67.4821], [-86.3981, 67.8001], [-85.9524, 68.0724], [-85.731, 68.445], [-85.6896, 68.671], [-85.4909, 68.7739], [-84.8677, 68.7734], [-85.1068, 68.8441], [-84.8623, 69.0739], [-85.3869, 69.2318], [-85.416, 69.5479], [-85.5024, 69.6515], [-85.4463, 69.7778], [-85.5348, 69.8351], [-84.3187, 69.8436], [-83.6653, 69.6997], [-82.6185, 69.6911], [-82.374, 69.6418], [-82.4957, 69.5322], [-82.7549, 69.4944], [-82.3099, 69.4101], [-82.2275, 69.249], [-81.7321, 69.2582], [-81.3217, 69.1388], [-81.9579, 68.8836], [-81.3808, 68.85], [-81.2634, 68.7805], [-81.2814, 68.6573], [-81.915, 68.4589], [-82.2102, 68.5063], [-82.5526, 68.4466], [-82.2225, 68.1453], [-82.0126, 68.1939], [-82.1022, 68.0189], [-82.0626, 67.9282], [-81.2944, 67.4974], [-81.4675, 67.0699], [-81.9255, 66.9748], [-82.2606, 66.7392], [-83.4065, 66.3713], [-83.5901, 66.3878], [-83.998, 66.7287], [-84.3245, 66.7818], [-84.3612, 66.8226], [-84.2727, 66.8392], [-84.5383, 66.9729], [-84.8458, 67.0288], [-85.1136, 66.9069], [-84.7378, 66.9336], [-84.223, 66.6825], [-83.8259, 66.2899], [-83.7975, 66.2385], [-83.8691, 66.2135], [-84.2932, 66.2918], [-84.4786, 66.1793], [-84.628, 66.2078], [-85.0963, 66.3253], [-85.6039, 66.5681], [-86.7081, 66.523], [-86.7469, 66.4171], [-86.685, 66.3604], [-86.113, 66.2253], [-85.9589, 66.1191], [-87.2916, 65.3549], [-87.9699, 65.349], [-88.7439, 65.6788], [-89.7493, 65.9362], [-89.9441, 65.9336], [-89.8897, 65.8687], [-91.4273, 65.948], [-91.041, 65.8299], [-91.0648, 65.8999], [-90.9834, 65.9193], [-89.9239, 65.7803], [-88.9739, 65.3483], [-87.0274, 65.1982], [-87.0285, 65.0637], [-87.9976, 64.2439], [-88.6531, 64.0093], [-88.9645, 64.0112], [-89.2007, 64.1139], [-89.1316, 63.9685], [-89.6158, 64.0306], [-89.8113, 64.1806], [-90.0417, 64.141], [-89.8555, 63.9568], [-90.168, 63.9787], [-90.0136, 63.8043], [-90.1547, 63.6896], [-90.8121, 63.5809], [-91.9259, 63.7571], [-91.9821, 63.8223], [-92.3385, 63.7876], [-93.6964, 64.1472], [-93.5967, 64.0407], [-93.664, 63.9414], [-93.56, 63.8652], [-93.2702, 63.8409], [-93.3785, 63.9483], [-92.157, 63.6916], [-92.4652, 63.555], [-91.8417, 63.6975], [-90.9701, 63.4427], [-90.7466, 63.3516], [-90.6908, 63.1105], [-90.7779, 62.9715], [-91.3496, 62.819], [-92.3612, 62.8193], [-92.3054, 62.7117], [-91.936, 62.5925], [-92.5516, 62.5468], [-92.768, 62.38], [-92.5278, 62.1683], [-93.2054, 62.3651], [-92.9055, 62.2151], [-93.066, 62.1497], [-93.0164, 62.0926], [-93.0732, 62.0605], [-93.3497, 62.0298], [-93.2734, 61.961], [-93.3332, 61.9329], [-93.5819, 61.9419], [-93.3119, 61.7673], [-93.9128, 61.4815], [-93.889, 61.344], [-94.0834, 61.3036], [-94.0679, 61.1389], [-94.5093, 60.6046], [-94.7616, 60.4982], [-94.6468, 60.4163], [-94.7858, 59.9534], [-94.7883, 59.2678], [-94.8704, 59.088], [-94.9575, 59.0689], [-94.2872, 58.7159], [-94.3322, 58.2974], [-94.1234, 58.7367], [-93.1787, 58.7256], [-92.4328, 57.3203], [-92.6142, 57.0389], [-92.7982, 56.9219], [-91.1112, 57.2413], [-90.5921, 57.2245], [-89.7907, 56.9813], [-88.8263, 56.8142], [-88.075, 56.4674], [-87.4824, 56.0213], [-85.6767, 55.6011], [-85.218, 55.3489], [-85.3653, 55.0792], [-85.0611, 55.2856], [-83.9105, 55.3146], [-82.9864, 55.2313], [-82.3931, 55.0678], [-82.2192, 54.8135], [-82.4241, 54.2446], [-82.1415, 53.8178], [-82.1591, 53.2641], [-82.2916, 53.0308], [-81.5993, 52.4325], [-81.6115, 52.3241], [-81.8279, 52.2243], [-81.4661, 52.2045], [-80.6579, 51.7582], [-80.4433, 51.3886], [-80.8512, 51.1251], [-80.4783, 51.3073], [-80.1035, 51.2829], [-79.8364, 51.1733], [-79.3479, 50.7627], [-79.7143, 51.1176], [-79.6888, 51.3466], [-79.4976, 51.5699], [-79.2971, 51.6227], [-79.0404, 51.4637], [-78.9033, 51.2004], [-78.8579, 51.3839], [-78.7312, 51.4974], [-78.9817, 51.7746], [-78.4482, 52.2614], [-78.5569, 52.4919], [-78.7441, 52.6552], [-78.7218, 52.8566], [-78.8982, 53.0433], [-79.1002, 53.6567], [-79.0404, 53.8179], [-78.9457, 53.8316], [-79.075, 53.9325], [-78.9961, 54.0024], [-79.2417, 54.0989], [-79.1387, 54.1572], [-79.3561, 54.2633], [-79.7122, 54.6719], [-78.4752, 55.011], [-77.7754, 55.2911], [-76.762, 55.9963], [-76.6039, 56.1994], [-76.5298, 56.5], [-76.573, 57.1813], [-76.8909, 57.758], [-77.1569, 58.019], [-78.5152, 58.6822], [-78.4306, 58.9018], [-77.7606, 59.38], [-77.8589, 59.4758], [-77.7261, 59.6757], [-77.3491, 59.5789], [-77.4852, 59.6846], [-77.3315, 59.7967], [-77.3729, 59.9251], [-77.2894, 60.022], [-77.586, 60.0883], [-77.4528, 60.1457], [-77.6814, 60.4271], [-77.5036, 60.5427], [-77.7909, 60.6399], [-77.6029, 60.8252], [-78.1815, 60.8192], [-77.7649, 61.1574], [-77.7361, 61.4374], [-77.5144, 61.5563], [-78.0213, 61.8321], [-78.1332, 62.2821], [-77.8999, 62.4267], [-77.3725, 62.5725], [-75.6755, 62.2495], [-75.79, 62.1795], [-75.3411, 62.3122], [-74.6326, 62.1157], [-74.6459, 62.2111], [-73.7052, 62.4732], [-72.8819, 62.1254], [-72.6871, 62.1245], [-72.6321, 62.0272], [-72.7717, 61.8404], [-72.5057, 61.9227], [-72.226, 61.8316], [-72.0402, 61.6804], [-72.2159, 61.5873], [-71.866, 61.6885], [-71.6385, 61.6172], [-71.8545, 61.4398], [-71.6453, 61.4131], [-71.7436, 61.3372], [-71.4228, 61.1588], [-70.2795, 61.0686], [-69.9925, 60.8565], [-69.7085, 60.9146], [-69.6235, 61.0495], [-69.472, 61.0109], [-69.4046, 60.8468], [-69.6404, 60.6898], [-69.7513, 60.4873], [-69.7405, 60.3323], [-69.6289, 60.1985], [-69.6736, 60.076], [-70.6549, 60.0263], [-69.734, 59.918], [-69.5792, 59.675], [-69.6923, 59.4884], [-69.6818, 59.3418], [-69.3442, 59.3031], [-69.5317, 58.8693], [-69.6484, 58.8207], [-69.7841, 58.9558], [-70.1542, 58.7605], [-69.7898, 58.6892], [-69.2711, 58.8841], [-68.6983, 58.9046], [-68.3812, 58.7435], [-68.2292, 58.4845], [-68.3567, 58.1633], [-69.0407, 57.9024], [-68.4136, 58.0519], [-68.1756, 58.4026], [-68.0212, 58.4852], [-67.8883, 58.2957], [-68.064, 58.139], [-67.7558, 58.4045], [-67.6784, 57.9913], [-67.5697, 58.2134], [-66.7223, 58.491], [-66.3623, 58.7911], [-66.0908, 58.659], [-66.0023, 58.4313], [-65.9227, 58.572], [-66.043, 58.8206], [-65.8547, 58.8468], [-65.9206, 58.9146], [-65.7035, 58.9707], [-65.7211, 59.0238], [-65.3834, 59.0603], [-65.6063, 59.1108], [-65.6999, 59.2133], [-65.607, 59.2132], [-65.5127, 59.3505], [-65.4119, 59.315], [-65.4752, 59.4702], [-65.0382, 59.3879], [-65.4076, 59.5393], [-65.4864, 59.6486], [-65.4335, 59.7766], [-65.0281, 59.7708], [-65.1718, 59.9081], [-64.8172, 60.3311], [-64.4993, 60.2683], [-64.4197, 60.1714], [-64.7686, 60.0121], [-64.2836, 60.0642], [-64.1828, 59.973], [-64.2264, 59.7413], [-64.0561, 59.8226], [-63.7501, 59.5126], [-63.9456, 59.3801], [-63.7807, 59.3492], [-63.776, 59.2772], [-63.5399, 59.3329], [-63.415, 59.1944], [-63.6454, 59.079], [-63.9712, 59.0538], [-63.2483, 59.0684], [-63.3098, 59.0266], [-63.2162, 58.928], [-63.2821, 58.8674], [-63.0503, 58.8782], [-62.8739, 58.6723], [-63.537, 58.3299], [-63.2101, 58.467], [-63.132, 58.4108], [-62.5938, 58.474], [-62.812, 58.2004], [-63.2616, 58.0147], [-62.4862, 58.1541], [-62.3058, 57.9724], [-61.9588, 57.9116], [-61.899, 57.8613], [-61.9948, 57.7695], [-61.9681, 57.6119], [-62.4955, 57.4892], [-61.9213, 57.4208], [-61.8497, 57.3704], [-61.9775, 57.2481], [-61.6286, 57.1832], [-61.3338, 57.0105], [-61.3716, 56.6809], [-62.0624, 56.6991], [-62.3818, 56.7876], [-62.2957, 56.8327], [-62.4973, 56.8017], [-61.7377, 56.526], [-62.0095, 56.4538], [-61.9404, 56.4236], [-61.4252, 56.3606], [-61.7071, 56.2888], [-61.7132, 56.231], [-61.3648, 56.2159], [-61.301, 56.0472], [-61.4494, 55.9956], [-61.188, 55.9554], [-61.0894, 55.8663], [-60.7434, 55.9415], [-60.562, 55.727], [-60.4759, 55.8051], [-60.3409, 55.7846], [-60.4082, 55.6496], [-60.1922, 55.481], [-60.617, 55.0601], [-60.2124, 55.2363], [-59.7588, 55.3095], [-59.689, 55.1962], [-59.438, 55.1759], [-59.8376, 54.814], [-59.2595, 55.1998], [-58.997, 55.1493], [-58.7803, 54.8383], [-58.398, 54.7741], [-57.9624, 54.8758], [-57.8267, 54.7187], [-57.4044, 54.591], [-57.6992, 54.3865], [-58.1514, 54.3504], [-58.4351, 54.2281], [-58.6331, 54.0496], [-58.9204, 54.0332], [-59.4964, 53.8342], [-59.8229, 53.8344], [-60.0565, 53.7334], [-60.1451, 53.5961], [-60.3953, 53.6534], [-60.1004, 53.4869], [-60.2902, 53.3915], [-60.2513, 53.3436], [-60.3294, 53.2662], [-58.6522, 53.978], [-57.9282, 54.1036], [-58.3609, 54.1545], [-58.1921, 54.2281], [-57.4159, 54.1628], [-57.1351, 53.7919], [-57.5239, 53.6114], [-57.3317, 53.4691], [-56.841, 53.7395], [-56.4652, 53.7652], [-56.3539, 53.6244], [-56.1102, 53.5874], [-55.9662, 53.4711], [-55.7981, 53.212], [-55.8924, 53.0004], [-55.8028, 52.6431], [-56.3248, 52.5445], [-55.7466, 52.4745], [-55.7059, 52.4282], [-55.7772, 52.3643], [-56.0116, 52.3945], [-55.6912, 52.2416], [-55.6951, 52.1378], [-56.976, 51.4576], [-57.4616, 51.4691], [-58.0895, 51.311], [-58.5103, 51.2952], [-59.1655, 50.7799], [-60.0803, 50.2547], [-60.8071, 50.2498], [-61.7248, 50.104], [-61.9195, 50.233], [-62.7155, 50.3017], [-63.2386, 50.2427], [-65.2686, 50.3201], [-66.4955, 50.212], [-66.9412, 49.9936], [-67.3721, 49.3485], [-68.2818, 49.1971], [-68.2206, 49.1496], [-68.9291, 48.829], [-69.6739, 48.1991], [-71.0182, 48.4557], [-69.7751, 48.0981], [-69.9943, 47.7399], [-70.4479, 47.4233], [-70.7057, 47.1397], [-71.2352, 46.8159], [-71.0554, 46.8703], [-71.1168, 46.865], [-70.8259, 46.9953], [-70.9134, 46.9196], [-70.9691, 46.8965], [-70.5196, 47.0326], [-69.4709, 47.9673], [-68.8157, 48.3659], [-68.2382, 48.6265], [-66.5981, 49.1263], [-65.5235, 49.266], [-64.5677, 49.1048], [-64.2163, 48.8736], [-64.2088, 48.8063], [-64.5137, 48.8412], [-64.2462, 48.6912], [-64.2538, 48.5504], [-64.3488, 48.4232], [-64.6332, 48.3604], [-64.8222, 48.1964], [-65.2592, 48.0212], [-65.9267, 48.1889], [-66.0829, 48.1026], [-66.449, 48.1197], [-66.7043, 48.0225], [-66.3598, 48.0606], [-65.8493, 47.911], [-65.6074, 47.6701], [-65.0015, 47.8468], [-65.0465, 47.793], [-64.703, 47.725], [-64.8521, 47.57], [-64.9122, 47.3686], [-65.319, 47.1012], [-64.8316, 47.0607], [-64.9057, 46.888], [-64.8168, 46.6987], [-64.7257, 46.6714], [-64.648, 46.3559], [-64.5414, 46.2403], [-63.9161, 46.1658], [-63.8318, 46.1072], [-64.0565, 46.0214], [-63.2929, 45.7519], [-62.7007, 45.7404], [-62.75, 45.6483], [-62.4829, 45.6217], [-61.9555, 45.8682], [-61.7766, 45.6556], [-61.4922, 45.687], [-61.3504, 45.5736], [-61.282, 45.441], [-61.4609, 45.3668], [-61.0314, 45.2918], [-63.3062, 44.6425], [-63.604, 44.6831], [-63.5449, 44.5437], [-63.6097, 44.48], [-63.8207, 44.5106], [-63.9996, 44.6449], [-64.1008, 44.4875], [-64.167, 44.5866], [-64.2862, 44.5503], [-64.3384, 44.445], [-64.2757, 44.334], [-64.8625, 43.8679], [-65.0868, 43.7271], [-65.2348, 43.7267], [-65.3442, 43.5497], [-65.4817, 43.5181], [-65.738, 43.5608], [-65.8871, 43.7951], [-66.0376, 43.7422], [-66.1258, 43.8137], [-66.1931, 44.144], [-66.0995, 44.3675], [-65.868, 44.5687], [-66.1463, 44.4359], [-66.0905, 44.505], [-65.6156, 44.6803], [-65.5022, 44.7603], [-65.7283, 44.6971], [-64.9028, 45.1208], [-64.4489, 45.256], [-64.4482, 45.3374], [-64.3308, 45.3093], [-64.3542, 45.1383], [-64.1353, 45.0231], [-64.1828, 45.147], [-64.0932, 45.2171], [-63.3682, 45.3648], [-64.6001, 45.41], [-64.7466, 45.3244], [-64.8733, 45.3546], [-64.8272, 45.4756], [-64.3146, 45.8357], [-64.4824, 45.8062], [-64.6328, 45.9466], [-64.5936, 45.8135], [-64.7786, 45.6384], [-65.8846, 45.2229], [-66.1099, 45.3166], [-66.0264, 45.4176], [-66.1826, 45.3352], [-66.1438, 45.2276], [-66.4397, 45.096], [-66.511, 45.1434], [-66.8724, 45.0674], [-66.9188, 45.1456], [-67.1248, 45.1694], [-67.367, 45.1737], [-67.4725, 45.276], [-67.4326, 45.6031], [-67.8023, 45.7274], [-67.8066, 47.0828], [-68.2354, 47.3459], [-68.9374, 47.2112], [-69.0486, 47.2735], [-69.05, 47.4266], [-69.243, 47.4629], [-70.0077, 46.7091], [-70.0671, 46.4409], [-70.2481, 46.2509], [-70.2964, 45.9062], [-70.7021, 45.5513], [-70.6899, 45.4284], [-70.7993, 45.4048], [-70.8652, 45.2708], [-70.9998, 45.3372], [-71.1348, 45.2628], [-71.3274, 45.29], [-71.5175, 45.0076], [-74.7089, 45.004], [-75.1794, 44.8993], [-76.1511, 44.304], [-76.8199, 43.6289], [-78.8457, 43.5834], [-79.1718, 43.4666], [-79.026, 43.0172], [-78.9151, 42.9091], [-79.0368, 42.8023], [-80.2475, 42.3662], [-81.2775, 42.2091], [-82.4392, 41.6749], [-82.6901, 41.6752], [-83.0299, 41.833], [-83.1419, 41.9758], [-83.1498, 42.1419], [-83.0731, 42.3002], [-82.5454, 42.6248], [-82.4082, 43.0726], [-82.1379, 43.5709], [-82.5511, 45.3473], [-83.5926, 45.8172], [-83.4695, 45.9947], [-83.616, 46.1169], [-83.9778, 46.085], [-84.0883, 46.2266], [-84.1495, 46.5426], [-84.5617, 46.4573], [-84.7795, 46.6372], [-84.876, 46.9], [-88.3781, 48.3029], [-89.4556, 47.9962], [-89.9009, 47.9954], [-90.0917, 48.1181], [-90.7444, 48.1046], [-90.9161, 48.209], [-91.5184, 48.0582], [-92.0051, 48.3017], [-92.4144, 48.2766], [-92.5005, 48.4354], [-92.9962, 48.6119], [-93.3778, 48.6166], [-93.7076, 48.5254], [-94.6209, 48.7426], [-94.8034, 49.0029], [-94.8545, 49.3047], [-95.1551, 49.3698], [-95.162, 48.9916], [-122.7887, 48.993], [-122.9626, 49.0746], [-123.0775, 48.9802], [-123.0796, 49.1305], [-123.1963, 49.1477], [-123.2294, 49.2605], [-122.9475, 49.2933], [-122.8791, 49.399], [-123.0155, 49.3223], [-123.2769, 49.344], [-123.1876, 49.6803], [-123.3251, 49.5778], [-123.3356, 49.4592], [-123.5307, 49.3974], [-124.0286, 49.6029], [-123.9926, 49.7362], [-123.8173, 49.5866], [-123.5825, 49.6812], [-123.7625, 49.6585], [-123.8745, 49.7367], [-123.9044, 49.9811], [-123.7845, 50.0879], [-123.8803, 50.1738], [-123.9458, 50.184], [-123.863, 50.1024], [-123.9721, 49.8921], [-124.1416, 49.7926], [-124.4127, 49.7781], [-124.7824, 50.02], [-125.0567, 50.4187], [-124.8627, 50.6374], [-124.8598, 50.8724], [-125.0589, 50.514], [-125.4761, 50.4971], [-125.5395, 50.649], [-125.6414, 50.4662], [-126.0943, 50.4977], [-126.4474, 50.5877], [-125.9042, 50.7049], [-126.5144, 50.6794], [-126.3747, 50.8373], [-126.5219, 50.866], [-126.5173, 51.0569], [-126.6317, 50.9151], [-127.0576, 50.8675], [-127.7081, 51.1513], [-127.6891, 51.3434], [-127.4198, 51.6079], [-126.6915, 51.7034], [-127.3388, 51.7074], [-127.6685, 51.4776], [-127.8507, 51.6732], [-127.8633, 51.8207], [-127.7276, 51.9933], [-127.8586, 51.9903], [-127.7953, 52.1911], [-127.4378, 52.3562], [-127.2423, 52.3951], [-126.7138, 52.0608], [-127.1941, 52.4577], [-127.1872, 52.5377], [-126.9953, 52.6578], [-126.9665, 52.7847], [-127.0195, 52.8425], [-127.0349, 52.6816], [-127.5191, 52.3593], [-127.792, 52.2894], [-128.1023, 51.7884], [-128.3576, 52.159], [-128.0375, 52.3182], [-128.0516, 52.4534], [-127.9403, 52.5452], [-128.2715, 52.3629], [-128.0534, 52.9107], [-128.3651, 52.8258], [-128.4519, 52.8767], [-128.5246, 53.1407], [-129.0808, 53.3672], [-129.1715, 53.5335], [-129.0214, 53.6923], [-128.8547, 53.7046], [-128.9055, 53.5593], [-128.5423, 53.4206], [-128.1326, 53.4177], [-127.9277, 53.2747], [-128.2071, 53.4831], [-128.5117, 53.4765], [-128.6755, 53.5545], [-128.7637, 53.7469], [-128.5322, 53.8582], [-128.7046, 53.9186], [-128.9595, 53.8415], [-129.2083, 53.6418], [-129.2579, 53.4179], [-129.5636, 53.2514], [-129.9117, 53.5513], [-130.3354, 53.724], [-130.086, 53.9759], [-130.0435, 54.1335], [-129.6259, 54.2303], [-130.0842, 54.1814], [-130.4301, 54.4209], [-130.3506, 54.6554], [-129.5607, 55.4626], [-129.7015, 55.4387], [-129.7951, 55.5596], [-129.8379, 55.3191], [-130.0485, 55.0572], [-130.0917, 55.1077], [-129.9851, 55.3588], [-130.0946, 55.6949], [-130.0251, 55.8882]], [[-74.7089, 45.004], [-73.558, 45.4251], [-73.1595, 46.0102], [-72.1093, 46.5512], [-71.3481, 46.7817], [-71.8797, 46.6869], [-72.9809, 46.2098], [-73.4766, 45.7382], [-73.7117, 45.7111], [-74.0379, 45.5018], [-74.3151, 45.5309], [-73.9997, 45.4334], [-73.9738, 45.3451], [-74.7089, 45.004]]], [[[-59.7876, 43.9395], [-60.0378, 43.9066], [-60.1174, 43.9532], [-59.7271, 44.0027], [-59.7876, 43.9395]]], [[[-61.1052, 45.9447], [-60.8651, 45.9836], [-61.0375, 45.8822], [-60.9716, 45.8382], [-61.0922, 45.7482], [-61.0591, 45.7033], [-60.738, 45.7514], [-60.4604, 45.9687], [-60.7333, 45.9567], [-60.2981, 46.3113], [-60.2264, 46.1955], [-59.865, 46.1596], [-59.9341, 46.0195], [-59.8279, 45.9652], [-60.3859, 45.6545], [-60.6728, 45.5908], [-61.2838, 45.5738], [-61.4497, 45.7161], [-61.4954, 45.9416], [-61.4087, 46.1704], [-60.8701, 46.7969], [-60.4892, 47.0097], [-60.4082, 47.0035], [-60.3316, 46.7679], [-60.4946, 46.2703], [-61.1052, 45.9447]]], [[[-60.9616, 45.49], [-61.003, 45.4817], [-61.0818, 45.5578], [-60.9126, 45.5672], [-60.9616, 45.49]]], [[[-60.9943, 56.0392], [-60.9828, 56.0151], [-61.1959, 56.0638], [-61.0868, 56.1407], [-60.9662, 56.0987], [-60.9943, 56.0392]]], [[[-69.4889, 83.0168], [-66.4224, 82.9269], [-66.8364, 82.8179], [-68.4694, 82.6533], [-67.3969, 82.6681], [-65.7276, 82.8423], [-65.2988, 82.7996], [-64.905, 82.9008], [-64.504, 82.7785], [-63.4988, 82.7925], [-63.6425, 82.713], [-63.0852, 82.5653], [-63.2468, 82.4503], [-62.4754, 82.5197], [-61.697, 82.4886], [-61.2071, 82.3411], [-62.1766, 82.0434], [-64.4359, 81.7426], [-66.6258, 81.6165], [-66.9142, 81.4852], [-68.6886, 81.2933], [-68.5424, 81.248], [-65.7355, 81.4943], [-64.7801, 81.4929], [-65.4839, 81.2848], [-68.6306, 80.6787], [-69.5508, 80.3831], [-70.1434, 80.3975], [-70.7125, 80.5397], [-70.2129, 80.2778], [-70.2651, 80.2335], [-72.0561, 80.1233], [-70.5592, 80.071], [-71.3559, 79.9114], [-71.1103, 79.8478], [-71.3879, 79.7618], [-72.4366, 79.6944], [-74.3946, 79.8741], [-74.6603, 79.8352], [-73.4723, 79.7565], [-73.2012, 79.5965], [-73.4662, 79.4952], [-75.5034, 79.4141], [-76.8988, 79.5122], [-75.6028, 79.2395], [-74.4814, 79.2294], [-74.5325, 79.0527], [-75.2331, 79.0356], [-75.9117, 79.1178], [-78.5818, 79.075], [-77.8827, 78.9424], [-76.2558, 79.0069], [-74.4331, 78.724], [-74.5465, 78.6202], [-74.8785, 78.5447], [-76.416, 78.5116], [-75.1935, 78.3278], [-75.9696, 77.9931], [-78.0126, 77.9461], [-78.0843, 77.846], [-78.0763, 77.519], [-78.4932, 77.3693], [-80.5729, 77.3149], [-81.6591, 77.5254], [-81.2778, 77.3652], [-82.0569, 77.2966], [-81.7563, 77.2041], [-81.1173, 77.2697], [-80.2187, 77.1467], [-79.4973, 77.1961], [-79.341, 77.1585], [-79.2737, 77.0257], [-79.3191, 76.9802], [-79.2208, 76.936], [-78.7917, 76.8835], [-78.2887, 76.978], [-77.9986, 76.852], [-77.9835, 76.7549], [-78.2844, 76.5713], [-79.5109, 76.3106], [-80.7997, 76.1735], [-80.9967, 76.2151], [-80.8347, 76.3693], [-80.9743, 76.4701], [-81.7174, 76.4949], [-82.5299, 76.7233], [-82.2621, 76.5748], [-82.2333, 76.4658], [-83.8857, 76.4531], [-84.2237, 76.6753], [-84.2752, 76.3566], [-85.3437, 76.3134], [-86.1159, 76.4349], [-86.4535, 76.5848], [-86.6803, 76.3767], [-87.3543, 76.4481], [-87.4896, 76.5859], [-87.4975, 76.3863], [-88.3961, 76.4054], [-88.4958, 76.7728], [-88.6143, 76.6508], [-88.5459, 76.421], [-89.5701, 76.492], [-89.4999, 76.8268], [-88.5563, 77.0724], [-86.8121, 77.185], [-87.6815, 77.4363], [-88.0948, 77.7191], [-88.017, 77.7847], [-87.2362, 77.8918], [-86.7552, 77.8637], [-86.1731, 77.7462], [-85.5885, 77.4612], [-84.4869, 77.368], [-83.6081, 77.4422], [-82.9029, 77.7326], [-82.5954, 77.9923], [-83.7795, 77.5327], [-84.4858, 77.562], [-84.8605, 77.4995], [-85.2893, 77.5591], [-85.2922, 77.7639], [-85.5474, 77.9277], [-84.6154, 78.1957], [-84.2226, 78.1761], [-84.9102, 78.2398], [-84.7831, 78.5275], [-85.0243, 78.3125], [-85.5859, 78.1096], [-86.2177, 78.0813], [-85.92, 78.3429], [-86.9133, 78.1268], [-87.5519, 78.1766], [-87.4914, 78.4172], [-86.8078, 78.7743], [-85.0038, 78.9123], [-83.2715, 78.7702], [-82.9896, 78.8443], [-82.1512, 78.8643], [-81.7501, 78.9759], [-82.4388, 78.9037], [-84.412, 78.9967], [-84.5679, 79.0713], [-84.2565, 79.1222], [-83.5757, 79.0536], [-85.2684, 79.6642], [-86.0316, 79.722], [-86.4208, 79.8452], [-86.6145, 80.1235], [-86.4985, 80.2581], [-86.307, 80.3192], [-83.7237, 80.229], [-81.6882, 79.6859], [-80.4761, 79.6062], [-80.1244, 79.6696], [-81.01, 79.6932], [-82.9871, 80.3225], [-80.9797, 80.4453], [-78.3863, 80.7844], [-76.8631, 80.8648], [-78.7161, 80.9517], [-78.2869, 81.1676], [-76.8851, 81.4304], [-79.1985, 81.1175], [-79.7615, 80.842], [-81.0071, 80.6549], [-82.8845, 80.5777], [-82.2225, 80.7724], [-83.4015, 80.7141], [-84.2197, 80.5379], [-85.146, 80.5211], [-86.6155, 80.6301], [-86.2519, 80.7896], [-85.2465, 80.9878], [-83.2888, 81.1478], [-85.7807, 81.035], [-87.3298, 80.6698], [-87.7117, 80.6563], [-88.9213, 80.8056], [-89.2633, 80.9144], [-86.4766, 81.0357], [-84.9412, 81.2862], [-87.2751, 81.0808], [-89.623, 81.0324], [-89.9808, 81.1248], [-89.2086, 81.2501], [-89.6737, 81.3285], [-89.4271, 81.3874], [-88.6218, 81.5016], [-87.5969, 81.5259], [-88.4789, 81.5647], [-90.3034, 81.4012], [-90.609, 81.4297], [-89.8217, 81.6349], [-90.6263, 81.656], [-91.2923, 81.5713], [-91.684, 81.6357], [-90.942, 81.8275], [-89.3811, 81.9167], [-88.0631, 82.0964], [-87.0184, 81.9587], [-86.6267, 82.0511], [-85.6457, 81.9532], [-85.0449, 81.9829], [-86.6155, 82.2186], [-84.8969, 82.4494], [-83.5908, 82.3265], [-82.6336, 82.0773], [-82.3276, 82.0924], [-82.7473, 82.1963], [-82.5367, 82.2472], [-79.4249, 81.8544], [-82.4475, 82.3951], [-81.681, 82.5186], [-82.117, 82.6287], [-80.8098, 82.5863], [-81.1781, 82.7446], [-81.01, 82.779], [-78.7488, 82.6794], [-80.155, 82.9111], [-79.8864, 82.9385], [-77.4795, 82.8831], [-76.0092, 82.5351], [-75.5657, 82.6086], [-77.1249, 83.0084], [-74.4141, 83.0131], [-73.2721, 82.7715], [-72.6587, 82.7215], [-73.4406, 82.9458], [-72.8117, 83.0812], [-72.0694, 83.106], [-70.9404, 82.9022], [-71.4235, 83.0211], [-69.9698, 83.1161], [-69.4889, 83.0168]]], [[[-86.5893, 71.0108], [-85.6439, 71.1525], [-85.0949, 71.1519], [-85.0017, 71.1375], [-85.0477, 71.0587], [-84.8238, 71.0287], [-84.6582, 71.5145], [-84.6993, 71.6313], [-85.339, 71.6973], [-85.9117, 71.9866], [-85.3217, 72.2332], [-84.2838, 72.0446], [-84.8418, 72.3082], [-84.6229, 72.3766], [-85.3411, 72.4216], [-85.6155, 72.6045], [-85.65, 72.7222], [-85.5748, 72.8565], [-85.2619, 72.9541], [-84.2565, 72.7968], [-85.4549, 73.1054], [-85.0186, 73.3354], [-84.4159, 73.4563], [-83.782, 73.4168], [-83.904, 73.5282], [-83.4105, 73.6318], [-82.6595, 73.7297], [-81.6054, 73.696], [-81.3441, 73.5978], [-81.1518, 73.314], [-80.6035, 73.1212], [-80.592, 72.9277], [-80.2774, 72.7703], [-81.2292, 72.3117], [-80.6115, 72.4507], [-80.9412, 72.2102], [-80.6914, 72.1034], [-80.9211, 72.0723], [-80.925, 71.9078], [-80.182, 72.2088], [-79.8843, 72.1772], [-80.1089, 72.3322], [-79.8313, 72.4462], [-79.5837, 72.3146], [-79.3234, 72.3908], [-79.0001, 72.2719], [-79.0077, 72.043], [-78.585, 71.8807], [-78.8626, 72.1008], [-78.8201, 72.2654], [-78.6991, 72.3514], [-77.5165, 72.1779], [-78.2873, 72.3598], [-78.4842, 72.4705], [-78.4223, 72.5715], [-77.7531, 72.7248], [-77.2555, 72.7361], [-76.0873, 72.5613], [-75.7043, 72.5715], [-75.2943, 72.4807], [-75.0714, 72.3228], [-75.0527, 72.2263], [-75.5427, 72.008], [-75.9228, 71.7172], [-75.5999, 71.9186], [-75.1477, 72.063], [-74.2665, 72.0378], [-74.2125, 71.9387], [-74.3158, 71.8426], [-75.2046, 71.7091], [-74.7006, 71.6756], [-74.8291, 71.5709], [-74.8407, 71.4066], [-74.9962, 71.2181], [-74.7589, 71.3382], [-74.4882, 71.6483], [-73.8665, 71.771], [-73.7135, 71.7198], [-74.1973, 71.4041], [-73.7128, 71.5876], [-73.1807, 71.2828], [-73.2783, 71.5379], [-72.9021, 71.6777], [-71.6406, 71.5163], [-71.1867, 71.2788], [-71.4952, 71.1053], [-71.938, 71.0943], [-72.6328, 70.8307], [-72.3124, 70.8324], [-72.0093, 71.0134], [-71.7425, 71.0469], [-71.371, 70.9751], [-70.8259, 71.1087], [-70.6726, 71.0523], [-70.6391, 70.9024], [-70.7619, 70.7921], [-71.8901, 70.4316], [-71.7274, 70.3952], [-71.4268, 70.5521], [-71.2759, 70.5004], [-71.4293, 70.1279], [-70.9797, 70.5811], [-70.0847, 70.8295], [-69.2891, 70.7835], [-68.4956, 70.6102], [-68.3581, 70.5229], [-68.4827, 70.4148], [-69.4356, 70.2532], [-70.0577, 70.0425], [-68.7782, 70.2036], [-68.7232, 70.1458], [-69.0083, 69.9788], [-68.744, 69.9413], [-68.2307, 70.1121], [-68.3272, 70.1803], [-68.1205, 70.3147], [-67.8552, 70.2819], [-67.3184, 69.9984], [-67.1928, 69.7568], [-68.0204, 69.77], [-68.3722, 69.6444], [-69.2509, 69.5119], [-68.5129, 69.5774], [-67.9081, 69.4602], [-67.3609, 69.4725], [-66.6762, 69.2585], [-66.8029, 69.1527], [-67.9384, 69.2483], [-68.6188, 69.2059], [-69.0407, 69.098], [-68.4154, 69.1719], [-67.7519, 69.0386], [-67.8833, 68.784], [-69.319, 68.8569], [-68.3333, 68.7326], [-67.9384, 68.5242], [-66.714, 68.4457], [-67.033, 68.326], [-66.831, 68.2156], [-66.9232, 68.0656], [-66.7291, 68.129], [-66.6625, 68.0344], [-66.6308, 68.2106], [-66.2125, 68.2803], [-66.2748, 68.0408], [-66.5264, 67.8513], [-66.3925, 67.832], [-65.9425, 68.071], [-65.9749, 67.9575], [-65.8644, 67.9228], [-65.5091, 67.9683], [-65.5408, 67.7657], [-65.4014, 67.6749], [-65.4155, 67.8792], [-64.977, 68.0434], [-64.8355, 67.99], [-65.026, 67.8921], [-65.0209, 67.7876], [-64.6379, 67.8403], [-63.8502, 67.5661], [-64.0774, 67.4955], [-64.0079, 67.3472], [-64.6998, 67.3505], [-64.5893, 67.3155], [-63.8362, 67.2641], [-63.5917, 67.3774], [-63.0402, 67.2349], [-63.2584, 67.0246], [-63.7015, 66.8224], [-62.9624, 66.9493], [-62.3796, 66.9053], [-62.1236, 67.0468], [-61.2996, 66.6488], [-61.5278, 66.558], [-61.9044, 66.6782], [-62.1233, 66.6431], [-61.6528, 66.503], [-61.5764, 66.4124], [-61.8626, 66.3128], [-62.5531, 66.4069], [-62.4055, 66.3159], [-62.5337, 66.2271], [-61.9915, 66.0353], [-62.624, 66.0164], [-62.3821, 65.8334], [-62.659, 65.6399], [-63.1691, 65.6573], [-63.4589, 65.853], [-63.4207, 65.7085], [-63.6511, 65.6609], [-63.3376, 65.6166], [-63.3635, 65.2298], [-63.6065, 64.9281], [-63.8956, 65.1093], [-64.1519, 65.0663], [-64.3456, 65.1725], [-64.2696, 65.4007], [-64.5551, 65.1166], [-65.1084, 65.4637], [-65.4014, 65.764], [-65.1847, 65.94], [-64.8539, 66.016], [-64.4453, 66.3171], [-64.6552, 66.2869], [-65.0044, 66.0778], [-65.8259, 65.9969], [-65.891, 66.0202], [-65.8572, 66.0865], [-65.6563, 66.2047], [-66.0638, 66.1328], [-66.4771, 66.2797], [-66.7874, 66.5556], [-66.9862, 66.6275], [-66.9689, 66.5471], [-67.0769, 66.5254], [-67.3073, 66.5697], [-67.1917, 66.4327], [-67.2256, 66.3102], [-67.8833, 66.4674], [-67.7044, 66.2685], [-67.1831, 66.0344], [-67.3505, 65.9297], [-67.8278, 65.9652], [-68.46, 66.2493], [-68.7491, 66.2], [-68.217, 66.0788], [-68.257, 65.9386], [-68.1868, 65.8711], [-67.8664, 65.7735], [-67.9369, 65.5649], [-67.5697, 65.6435], [-67.1179, 65.4403], [-67.3364, 65.3466], [-67.0664, 65.2442], [-66.9703, 65.085], [-66.831, 65.0742], [-66.6974, 64.8151], [-66.6355, 65.0005], [-66.2237, 64.854], [-66.3014, 64.7776], [-66.2147, 64.7224], [-65.9386, 64.8856], [-65.432, 64.7264], [-65.2747, 64.6315], [-65.5292, 64.5048], [-65.1786, 64.5096], [-65.0746, 64.4367], [-65.2132, 64.3033], [-65.5804, 64.2939], [-65.3478, 64.2323], [-65.1494, 64.0872], [-65.17, 64.028], [-64.6786, 64.0278], [-64.7981, 63.9159], [-64.5763, 63.8973], [-64.4111, 63.7064], [-64.5616, 63.6797], [-64.5144, 63.264], [-64.6645, 63.2454], [-64.9334, 63.5993], [-65.1919, 63.7642], [-65.0047, 63.3334], [-65.0688, 63.2636], [-64.6724, 62.9219], [-65.1628, 62.9326], [-65.0465, 62.7015], [-65.1084, 62.6265], [-66.224, 63.1071], [-66.2287, 62.991], [-66.4145, 63.0271], [-66.655, 63.2648], [-66.6362, 63.08], [-66.6974, 63.0694], [-67.0178, 63.3166], [-67.2608, 63.3407], [-67.8934, 63.7336], [-67.7227, 63.4228], [-68.4938, 63.7255], [-68.9111, 63.7033], [-68.1414, 63.1723], [-67.6759, 63.0935], [-67.7371, 63.0095], [-66.6449, 62.602], [-66.2813, 62.3026], [-65.9803, 62.2089], [-66.1333, 62.1023], [-66.0588, 61.9138], [-66.3238, 61.8703], [-67.4401, 62.1513], [-68.6335, 62.2813], [-69.1256, 62.4241], [-69.6048, 62.7678], [-70.2363, 62.7634], [-71.1057, 63.0022], [-70.9462, 63.1206], [-71.3472, 63.0661], [-71.9923, 63.4162], [-71.6143, 63.4441], [-71.3807, 63.5804], [-71.8375, 63.725], [-72.2901, 63.7279], [-72.1741, 63.8933], [-72.4985, 63.8234], [-72.6781, 64.02], [-73.4547, 64.3993], [-73.2714, 64.5825], [-73.9104, 64.578], [-73.9504, 64.4659], [-74.0649, 64.4246], [-74.1304, 64.6077], [-74.4612, 64.6447], [-74.6815, 64.8306], [-74.9195, 64.7655], [-74.6401, 64.557], [-74.6949, 64.4966], [-75.0675, 64.4567], [-75.7151, 64.5244], [-75.7666, 64.392], [-76.8563, 64.2377], [-77.7912, 64.3672], [-78.1746, 64.6178], [-78.1897, 64.7518], [-78.0551, 64.983], [-77.361, 65.1966], [-77.4604, 65.3559], [-77.3268, 65.4531], [-75.8285, 65.2272], [-75.52, 65.056], [-75.5891, 64.905], [-75.4519, 64.8415], [-75.3573, 65.0088], [-75.7986, 65.2975], [-75.1665, 65.2839], [-74.9818, 65.3815], [-74.4947, 65.3717], [-73.9896, 65.517], [-73.5508, 65.4852], [-73.7463, 65.7666], [-74.2762, 66.0127], [-74.4166, 66.1672], [-73.0331, 66.7283], [-72.7887, 67.0307], [-72.3649, 67.1334], [-72.2199, 67.2542], [-72.7253, 67.8117], [-73.3283, 68.2666], [-73.2844, 68.3569], [-73.6444, 68.2944], [-73.8204, 68.3629], [-73.8795, 68.4294], [-73.7805, 68.6193], [-73.8517, 68.7014], [-74.1181, 68.7009], [-73.9893, 68.5487], [-74.4223, 68.5799], [-74.6999, 68.8083], [-74.9105, 68.8231], [-74.7431, 68.9133], [-74.9541, 68.961], [-74.7168, 69.0454], [-74.8551, 69.0657], [-75.2133, 68.9093], [-75.5225, 68.9527], [-76.2346, 68.7281], [-76.5852, 68.6988], [-76.5571, 69.0095], [-75.9538, 69.0308], [-75.6478, 69.2125], [-75.7871, 69.3188], [-76.5204, 69.5166], [-76.4632, 69.6201], [-76.2342, 69.6621], [-76.5132, 69.6839], [-76.7422, 69.5729], [-77.0899, 69.6352], [-76.8585, 69.7754], [-77.5918, 69.8455], [-77.7739, 70.2386], [-78.283, 70.2293], [-79.0663, 70.6035], [-79.4051, 70.4008], [-79.0174, 70.3253], [-78.8097, 70.1786], [-78.8187, 70.0104], [-79.093, 69.9254], [-79.5153, 69.8875], [-80.6701, 70.0521], [-81.6519, 70.0946], [-81.0237, 69.9], [-80.8429, 69.7915], [-80.9218, 69.731], [-81.5647, 69.9427], [-82.2937, 69.8368], [-83.1498, 70.009], [-83.859, 69.9627], [-85.4322, 70.1113], [-85.78, 70.0366], [-86.3221, 70.1454], [-86.4996, 70.3504], [-86.397, 70.4653], [-87.9007, 70.252], [-88.8483, 70.5229], [-89.2083, 70.7597], [-89.4559, 71.0619], [-87.8449, 70.9444], [-87.1401, 71.0117], [-87.8723, 71.2085], [-89.0794, 71.288], [-89.6932, 71.4236], [-89.8458, 71.4923], [-90.0251, 71.9488], [-89.6637, 72.1579], [-89.8588, 72.2483], [-89.8167, 72.4677], [-89.3577, 72.8043], [-89.2252, 73.108], [-88.7608, 73.3123], [-88.7053, 73.4032], [-87.7197, 73.7229], [-86.7689, 73.834], [-85.0092, 73.7787], [-84.9747, 73.6948], [-86.0863, 73.2602], [-86.6292, 72.8709], [-86.6677, 72.7626], [-86.3225, 72.4608], [-86.3412, 72.1232], [-86.2185, 71.8991], [-85.0233, 71.3533], [-86.5893, 71.0108]]], [[[-61.9141, 47.2845], [-61.7726, 47.2598], [-62.0084, 47.2343], [-61.9246, 47.425], [-61.548, 47.6319], [-61.3954, 47.6377], [-61.9141, 47.2845]]], [[[-61.7435, 57.5546], [-61.6376, 57.4161], [-62.0113, 57.5485], [-61.8482, 57.5794], [-61.7435, 57.5546]]], [[[-61.8011, 49.0939], [-62.2194, 49.0791], [-63.0416, 49.2249], [-63.5658, 49.3993], [-63.7768, 49.6021], [-64.4852, 49.8869], [-64.1314, 49.9416], [-62.8584, 49.7055], [-61.8173, 49.2834], [-61.6963, 49.139], [-61.8011, 49.0939]]], [[[-63.8113, 46.4687], [-63.6814, 46.5619], [-63.1295, 46.4222], [-62.1636, 46.4871], [-62.0236, 46.4215], [-62.5261, 46.2028], [-62.5434, 46.0287], [-62.4782, 45.9997], [-62.8048, 45.9732], [-63.0222, 46.0666], [-62.8944, 46.1237], [-63.0564, 46.224], [-62.9786, 46.3163], [-63.271, 46.2], [-63.1529, 46.1884], [-63.2134, 46.1599], [-63.569, 46.2092], [-63.7318, 46.2891], [-63.7588, 46.3975], [-64.1108, 46.4253], [-64.136, 46.5996], [-64.4032, 46.6917], [-63.9935, 47.0616], [-63.9816, 46.913], [-64.0878, 46.7756], [-63.8113, 46.4687]]], [[[-62.6816, 67.0564], [-62.8717, 67.0626], [-62.6251, 67.177], [-62.3962, 67.1784], [-62.6816, 67.0564]]], [[[-64.4071, 60.367], [-64.442, 60.2978], [-64.738, 60.3755], [-64.8366, 60.501], [-64.6462, 60.5146], [-64.4071, 60.367]]], [[[-64.824, 62.5588], [-64.5155, 62.5518], [-64.4179, 62.4875], [-64.6573, 62.3837], [-64.9565, 62.4585], [-64.824, 62.5588]]], [[[-64.4762, 47.9589], [-64.5914, 47.9072], [-64.5004, 48.0138], [-64.4762, 47.9589]]], [[[-64.5086, 47.8867], [-64.5338, 47.8138], [-64.6847, 47.7536], [-64.6634, 47.8631], [-64.5086, 47.8867]]], [[[-64.8326, 61.3661], [-65.3939, 61.5629], [-65.432, 61.6495], [-64.7898, 61.6623], [-64.6696, 61.5931], [-64.8326, 61.3661]]], [[[-65.0306, 61.8791], [-64.9604, 61.8716], [-64.847, 61.7616], [-65.166, 61.7977], [-65.2355, 61.8977], [-65.1257, 61.9423], [-65.0306, 61.8791]]], [[[-66.2737, 44.2924], [-66.3241, 44.2573], [-66.2104, 44.392], [-66.2737, 44.2924]]], [[[-66.7626, 44.6817], [-66.8972, 44.6289], [-66.8022, 44.8053], [-66.7626, 44.6817]]], [[[-67.9146, 69.5409], [-68.2022, 69.5805], [-68.2213, 69.6168], [-67.9088, 69.6819], [-67.7548, 69.6315], [-67.9146, 69.5409]]], [[[-68.2339, 60.2408], [-68.3653, 60.254], [-68.3678, 60.3148], [-68.1418, 60.5619], [-67.978, 60.5704], [-67.8188, 60.4495], [-67.9222, 60.3398], [-68.2339, 60.2408]]], [[[-69.1602, 59.0403], [-69.2207, 58.9676], [-69.3528, 58.9608], [-69.3031, 59.145], [-69.1951, 59.1462], [-69.1602, 59.0403]]], [[[-70.3371, 62.5487], [-70.7662, 62.597], [-71.2201, 62.874], [-70.4425, 62.7337], [-70.269, 62.5781], [-70.3371, 62.5487]]], [[[-73.6217, 67.7839], [-74.4807, 67.8049], [-74.7492, 68.0184], [-74.3795, 68.0934], [-73.4352, 67.97], [-73.4071, 67.7931], [-73.6217, 67.7839]]], [[[-73.6956, 45.5854], [-73.8579, 45.5735], [-73.5724, 45.6944], [-73.6945, 45.586], [-73.4763, 45.7047], [-73.5666, 45.4692], [-73.6437, 45.449], [-73.9605, 45.4414], [-73.6956, 45.5854]]], [[[-74.0004, 62.6185], [-74.2535, 62.622], [-74.6265, 62.7127], [-74.1088, 62.6803], [-74.0004, 62.6185]]], [[[-74.881, 68.3485], [-75.3101, 68.4745], [-75.3961, 68.5889], [-75.2874, 68.6879], [-74.9836, 68.6476], [-74.7982, 68.4581], [-74.881, 68.3485]]], [[[-75.6759, 68.3225], [-75.0783, 68.1731], [-75.0905, 67.6348], [-75.2021, 67.459], [-75.7803, 67.2835], [-76.6939, 67.2358], [-77.005, 67.2669], [-77.2242, 67.5081], [-77.3059, 67.7062], [-77.2285, 67.8501], [-76.7404, 68.2312], [-76.3645, 68.3187], [-75.6759, 68.3225]]], [[[-79.5372, 73.6546], [-78.2866, 73.6658], [-77.2066, 73.4996], [-76.2897, 73.0811], [-76.3095, 72.998], [-76.0899, 72.8813], [-76.4005, 72.8208], [-78.3143, 72.8819], [-79.5005, 72.756], [-79.9368, 72.8636], [-80.1834, 73.2246], [-80.7763, 73.3342], [-80.8228, 73.4289], [-80.7357, 73.4831], [-80.8606, 73.6707], [-80.7627, 73.7578], [-80.4124, 73.7655], [-79.5372, 73.6546]]], [[[-76.6777, 63.394], [-76.9218, 63.4065], [-77.3646, 63.5884], [-77.1339, 63.6821], [-76.6525, 63.5037], [-76.6777, 63.394]]], [[[-76.9953, 69.1436], [-77.3218, 69.1934], [-77.3794, 69.2742], [-77.3409, 69.404], [-76.6687, 69.3661], [-76.9953, 69.1436]]], [[[-77.8765, 63.4705], [-77.7037, 63.4309], [-77.5327, 63.2338], [-77.9424, 63.1144], [-78.5368, 63.4238], [-77.8765, 63.4705]]], [[[-77.6422, 63.9917], [-77.7142, 63.9456], [-77.9658, 63.9928], [-77.5637, 64.0219], [-77.6422, 63.9917]]], [[[-78.0292, 69.7148], [-77.9691, 69.639], [-78.04, 69.6084], [-78.8482, 69.4828], [-78.5785, 69.6388], [-78.0292, 69.7148]]], [[[-79.2107, 68.8454], [-79.4058, 68.923], [-78.6621, 69.2625], [-78.6502, 69.3512], [-78.3327, 69.3861], [-78.229, 69.304], [-78.8529, 68.9156], [-79.2107, 68.8454]]], [[[-78.5317, 60.7286], [-78.6689, 60.7169], [-78.2416, 60.8186], [-78.279, 60.7839], [-78.5317, 60.7286]]], [[[-78.8266, 56.1453], [-78.9137, 56.1328], [-78.7996, 56.3834], [-78.6689, 56.4387], [-78.6729, 56.2605], [-78.8266, 56.1453]]], [[[-78.9828, 68.1928], [-79.174, 68.2348], [-79.1535, 68.3352], [-78.9526, 68.3529], [-78.8284, 68.2682], [-78.9828, 68.1928]]], [[[-79.0631, 75.9258], [-79.0516, 75.867], [-79.3558, 75.8311], [-79.6989, 75.8833], [-79.0095, 76.1459], [-78.8453, 76.1062], [-79.0631, 75.9258]]], [[[-78.9357, 56.2662], [-79.1754, 55.8851], [-79.2737, 55.9224], [-79.1423, 56.1364], [-79.1823, 56.2121], [-79.4951, 55.8747], [-79.7647, 55.8068], [-79.4976, 56.0932], [-79.5448, 56.1282], [-79.9044, 55.871], [-80.0081, 55.9109], [-79.5153, 56.3266], [-79.4587, 56.5398], [-79.5365, 56.18], [-79.3925, 56.2765], [-79.2723, 56.6005], [-78.963, 56.4217], [-78.9357, 56.2662]]], [[[-79.3842, 51.9519], [-79.5207, 51.953], [-79.6438, 52.0101], [-79.2712, 52.0868], [-79.3842, 51.9519]]], [[[-79.5451, 62.4118], [-79.2719, 62.186], [-79.3241, 62.0261], [-79.6686, 61.6445], [-79.8162, 61.5946], [-80.2651, 61.8182], [-80.2601, 62.1089], [-80.0214, 62.343], [-79.5451, 62.4118]]], [[[-79.4307, 69.7877], [-79.3651, 69.7124], [-79.5527, 69.6308], [-80.0473, 69.6343], [-79.9779, 69.5097], [-80.7947, 69.6893], [-80.4243, 69.7976], [-80.1247, 69.7372], [-79.4307, 69.7877]]], [[[-94.2951, 76.9124], [-93.8109, 76.9141], [-93.2118, 76.7546], [-93.2007, 76.669], [-93.5344, 76.4477], [-92.9955, 76.6204], [-91.3049, 76.6808], [-90.5428, 76.4958], [-91.3982, 76.5099], [-91.4151, 76.4559], [-89.2846, 76.3018], [-89.2363, 76.2391], [-89.4066, 76.1893], [-91.4072, 76.2202], [-90.2512, 76.0534], [-89.6953, 75.8536], [-89.2777, 75.7951], [-89.205, 75.762], [-89.2565, 75.6984], [-89.646, 75.5652], [-89.2803, 75.5641], [-88.9167, 75.4541], [-88.804, 75.5025], [-88.8522, 75.6249], [-88.6449, 75.6585], [-88.2013, 75.512], [-87.7297, 75.5757], [-87.5389, 75.485], [-87.2571, 75.6177], [-86.8146, 75.4914], [-85.9513, 75.3951], [-85.9045, 75.4419], [-86.0687, 75.5023], [-84.6049, 75.6535], [-83.9321, 75.8189], [-83.2369, 75.7509], [-82.1537, 75.8311], [-81.2685, 75.7561], [-81.0006, 75.6431], [-80.322, 75.6292], [-80.1193, 75.562], [-80.2605, 75.4796], [-79.6603, 75.4496], [-79.5091, 75.2597], [-80.3821, 75.0342], [-79.6639, 75.0209], [-79.4015, 74.9176], [-79.9444, 74.8336], [-80.3476, 74.903], [-80.1489, 74.7957], [-80.2777, 74.5817], [-81.9402, 74.4727], [-82.9309, 74.5656], [-83.1171, 74.6932], [-83.1027, 74.8166], [-83.5221, 74.9014], [-83.3413, 74.7647], [-83.5318, 74.5857], [-84.4257, 74.5081], [-85.0614, 74.6069], [-85.1334, 74.5175], [-85.4743, 74.6005], [-85.8081, 74.4991], [-86.7307, 74.5571], [-86.6659, 74.4892], [-88.4231, 74.4943], [-88.5577, 74.5698], [-88.3396, 74.7848], [-88.5351, 74.8317], [-88.8511, 74.69], [-88.9401, 74.7895], [-89.1921, 74.7449], [-89.1957, 74.6376], [-89.5585, 74.5548], [-90.5532, 74.6128], [-90.9669, 74.7152], [-90.8801, 74.8178], [-91.13, 74.7364], [-91.1346, 74.6499], [-91.5083, 74.6508], [-91.9616, 74.7933], [-92.1743, 75.0511], [-92.0764, 75.1234], [-92.3892, 75.2633], [-92.4112, 75.4063], [-92.0688, 75.658], [-92.1851, 75.8465], [-93.0916, 76.354], [-93.6651, 76.2733], [-95.2739, 76.2644], [-96.0396, 76.4868], [-95.6508, 76.5847], [-95.9712, 76.5696], [-96.8979, 76.7539], [-96.4014, 76.7971], [-96.8136, 76.9134], [-96.7582, 76.9717], [-95.8496, 77.0663], [-94.2951, 76.9124]]], [[[-79.5181, 56.6567], [-79.5775, 56.6449], [-79.57, 56.7956], [-79.4911, 56.7427], [-79.5181, 56.6567]]], [[[-79.9775, 56.2069], [-80.0887, 56.2138], [-80.0574, 56.2874], [-79.5797, 56.4663], [-79.6881, 56.3268], [-79.9775, 56.2069]]], [[[-79.7165, 57.5155], [-79.8083, 57.4425], [-79.8382, 57.4831], [-79.7424, 57.6079], [-79.7165, 57.5155]]], [[[-79.867, 56.7746], [-79.9437, 56.7767], [-79.8983, 56.8652], [-79.8267, 56.8432], [-79.867, 56.7746]]], [[[-80.0643, 59.7708], [-80.1672, 59.7639], [-80.0412, 59.8703], [-79.8987, 59.8531], [-80.0643, 59.7708]]], [[[-79.9383, 53.3042], [-80.0041, 53.2801], [-80.074, 53.3443], [-79.9746, 53.3523], [-79.9383, 53.3042]]], [[[-80.2853, 59.624], [-80.299, 59.6742], [-80.1672, 59.709], [-80.1831, 59.6834], [-80.2853, 59.624]]], [[[-84.9196, 65.2612], [-84.5013, 65.4583], [-84.0847, 65.2178], [-83.4907, 65.1319], [-83.2009, 64.9597], [-82.05, 64.6443], [-81.7872, 64.426], [-81.676, 64.2127], [-81.8869, 64.0164], [-80.8289, 64.09], [-80.569, 63.9319], [-80.6683, 63.9015], [-80.2612, 63.8019], [-81.0463, 63.4617], [-82.378, 63.7067], [-82.4673, 63.9268], [-83.0339, 64.0231], [-83.0652, 64.159], [-83.3039, 64.1439], [-83.5836, 64.0582], [-83.7283, 63.8133], [-84.3076, 63.5858], [-84.633, 63.3093], [-85.3926, 63.1196], [-85.4956, 63.139], [-85.7688, 63.7003], [-87.1771, 63.5951], [-87.189, 63.6722], [-86.932, 63.9017], [-86.2519, 64.137], [-86.3743, 64.5659], [-86.0745, 65.5338], [-85.8138, 65.832], [-85.5546, 65.9186], [-85.2411, 65.7956], [-85.1053, 65.6227], [-85.24, 65.5102], [-85.056, 65.4373], [-84.9196, 65.2612]]], [[[-80.7317, 52.7472], [-81.0967, 52.78], [-82.0392, 53.0499], [-81.8473, 53.1863], [-81.1356, 53.2058], [-80.7652, 52.9234], [-80.7317, 52.7472]]], [[[-82.0003, 62.9542], [-81.9643, 62.8276], [-82.1137, 62.6523], [-83.0159, 62.2099], [-83.377, 62.238], [-83.6988, 62.1601], [-83.9123, 62.4257], [-83.3763, 62.9049], [-82.0003, 62.9542]]], [[[-83.1235, 66.2828], [-82.9482, 66.2718], [-82.9313, 66.2573], [-83.0598, 66.1993], [-83.2377, 66.3315], [-83.1235, 66.2828]]], [[[-83.7258, 65.7968], [-83.2341, 65.6965], [-83.3813, 65.63], [-83.7874, 65.6689], [-83.7021, 65.7562], [-83.8137, 65.7876], [-84.1182, 65.7716], [-84.1431, 65.916], [-84.4674, 66.0884], [-84.4073, 66.1311], [-83.787, 65.9658], [-83.7013, 65.9202], [-83.7258, 65.7968]]], [[[-84.6748, 65.575], [-85.0963, 65.7562], [-85.1496, 66.0155], [-84.9387, 66.0085], [-84.7572, 65.8589], [-84.6028, 65.6573], [-84.6748, 65.575]]], [[[-91.8856, 81.1329], [-91.2725, 80.8502], [-90.6828, 80.6877], [-90.6429, 80.5938], [-89.2356, 80.5105], [-89.1341, 80.4402], [-89.2043, 80.4069], [-89.1474, 80.3604], [-89.1982, 80.2632], [-88.8573, 80.1662], [-88.1999, 80.1115], [-88.6125, 80.2554], [-88.6438, 80.3868], [-88.5246, 80.418], [-87.675, 80.372], [-87.6253, 80.1872], [-87.9223, 80.0978], [-87.202, 80.0433], [-86.9773, 79.8944], [-87.2952, 79.58], [-86.3369, 79.6349], [-86.0071, 79.4794], [-85.6479, 79.6113], [-85.042, 79.2846], [-86.9572, 78.975], [-87.6174, 78.6763], [-87.9223, 78.7513], [-87.9533, 78.9151], [-87.8169, 79.0364], [-88.0401, 78.9953], [-88.1639, 78.9335], [-88.1664, 78.7454], [-88.2539, 78.6719], [-88.003, 78.6155], [-87.9828, 78.5371], [-88.1477, 78.477], [-88.7417, 78.5839], [-88.6063, 78.392], [-88.8223, 78.186], [-89.0956, 78.2092], [-90.037, 78.6069], [-90.0762, 78.5491], [-89.4898, 78.1719], [-90.4589, 78.3309], [-90.6522, 78.3078], [-90.3268, 78.1848], [-91.4097, 78.1881], [-92.3514, 78.3128], [-92.8482, 78.46], [-91.8669, 78.5426], [-93.2666, 78.6082], [-93.6345, 78.7509], [-93.16, 78.7756], [-94.1698, 78.9729], [-92.6837, 79.1859], [-92.5473, 79.2825], [-91.2999, 79.3726], [-92.822, 79.4499], [-93.9333, 79.2907], [-94.1093, 79.315], [-93.9398, 79.3856], [-94.1104, 79.4016], [-95.1033, 79.2898], [-95.7329, 79.4181], [-95.6627, 79.5273], [-94.402, 79.7364], [-95.8575, 79.6739], [-96.4626, 79.8475], [-96.7733, 80.1358], [-94.6461, 80.0487], [-94.5827, 80.1413], [-94.2627, 80.1948], [-95.405, 80.1349], [-95.6462, 80.2309], [-96.0256, 80.2217], [-96.3942, 80.3151], [-95.549, 80.3666], [-96.152, 80.5536], [-96.1329, 80.6915], [-95.927, 80.7207], [-95.2257, 80.6858], [-94.8927, 80.5709], [-93.9279, 80.5593], [-95.5148, 80.8382], [-95.2696, 81.0008], [-93.2356, 81.1287], [-93.4066, 81.2091], [-94.1943, 81.2409], [-94.1795, 81.3391], [-93.0347, 81.3462], [-91.8856, 81.1329]]], [[[-86.5954, 67.736], [-86.8924, 67.8365], [-86.847, 68.0103], [-86.9597, 68.1002], [-86.7019, 68.3055], [-86.4211, 68.1835], [-86.3963, 67.8889], [-86.5954, 67.736]]], [[[-86.9129, 70.1132], [-86.6127, 70.1057], [-86.5151, 70.017], [-87.0439, 69.9998], [-87.3233, 70.08], [-86.9129, 70.1132]]], [[[-89.7263, 76.5074], [-90.1644, 76.5236], [-90.5626, 76.7542], [-89.9488, 76.8362], [-89.6953, 76.7412], [-89.8221, 76.6307], [-89.7263, 76.5074]]], [[[-89.8332, 77.2676], [-90.2282, 77.2124], [-90.9932, 77.3296], [-91.1472, 77.3874], [-91.1825, 77.5571], [-90.8427, 77.6549], [-90.172, 77.5946], [-89.7195, 77.4421], [-89.7119, 77.3105], [-89.8332, 77.2676]]], [[[-90.1997, 69.4191], [-90.1774, 69.3571], [-90.2955, 69.2578], [-90.492, 69.37], [-90.1997, 69.4191]]], [[[-93.1708, 74.161], [-92.2226, 73.9724], [-91.0878, 74.0093], [-90.3545, 73.8687], [-91.2495, 73.304], [-91.5537, 73.2361], [-91.4259, 73.1948], [-92.1178, 72.7539], [-94.2112, 72.7571], [-93.7706, 72.6682], [-93.5722, 72.5585], [-93.5416, 72.437], [-94.1439, 72.0008], [-95.1929, 72.0276], [-95.2509, 72.5019], [-95.6022, 72.8845], [-95.6328, 73.6955], [-95.3859, 73.7552], [-94.6976, 73.6636], [-95.1342, 73.8812], [-95.1213, 73.985], [-94.9737, 74.0414], [-93.1708, 74.161]]], [[[-90.4928, 69.221], [-90.5745, 69.2094], [-90.7656, 69.3361], [-90.5997, 69.3679], [-90.4928, 69.221]]], [[[-93.0441, 61.8441], [-93.0848, 61.8416], [-93.1967, 61.9185], [-92.993, 61.8897], [-93.0441, 61.8441]]], [[[-95.4845, 77.792], [-93.583, 77.7706], [-93.1287, 77.6601], [-93.3393, 77.6297], [-93.5441, 77.4667], [-93.8361, 77.4523], [-95.9871, 77.4841], [-96.2765, 77.6306], [-96.143, 77.7144], [-95.4845, 77.792]]], [[[-93.5427, 75.028], [-93.4635, 74.8565], [-93.5733, 74.6689], [-94.5345, 74.6368], [-95.8654, 74.8305], [-96.5994, 75.0318], [-96.3827, 75.2113], [-96.1804, 75.2401], [-96.125, 75.3584], [-95.9547, 75.4438], [-94.8783, 75.6301], [-94.4272, 75.5934], [-93.9092, 75.4227], [-93.4977, 75.1368], [-93.5427, 75.028]]], [[[-94.5266, 75.7493], [-94.7516, 75.7696], [-94.9013, 75.9307], [-94.4988, 75.9921], [-94.2962, 75.788], [-94.5266, 75.7493]]], [[[-96.2045, 78.5312], [-95.5612, 78.5166], [-94.9154, 78.3906], [-94.8873, 78.3453], [-95.3294, 78.225], [-94.9344, 78.0758], [-95.199, 77.9683], [-96.9897, 77.8059], [-97.0638, 77.859], [-97.0192, 77.9081], [-97.6582, 78.0907], [-96.9447, 78.1519], [-97.8191, 78.2306], [-98.0495, 78.3259], [-98.3174, 78.4769], [-98.0603, 78.5583], [-98.3408, 78.7511], [-97.3824, 78.7829], [-96.4752, 78.6652], [-96.2045, 78.5312]]], [[[-97.4393, 69.6426], [-97.2359, 69.6735], [-96.2999, 69.3444], [-95.7513, 68.8977], [-95.2678, 68.826], [-96.5987, 68.4608], [-97.4721, 68.5438], [-98.2349, 68.7394], [-98.3206, 68.8427], [-98.7753, 68.8168], [-98.9045, 68.9324], [-99.2541, 68.8632], [-99.564, 69.0341], [-99.4557, 69.1311], [-98.9121, 69.1676], [-98.5035, 69.3083], [-98.4506, 69.3542], [-98.5586, 69.4614], [-98.4484, 69.4797], [-98.546, 69.5729], [-98.0412, 69.4567], [-98.3044, 69.6694], [-98.2385, 69.7801], [-98.0808, 69.833], [-97.6913, 69.8412], [-97.4112, 69.7384], [-97.4393, 69.6426]]], [[[-95.3067, 74.5055], [-95.7772, 74.5508], [-95.8506, 74.5826], [-95.5101, 74.6368], [-95.3067, 74.5055]]], [[[-95.5137, 69.5737], [-95.3808, 69.5066], [-95.4964, 69.3502], [-95.73, 69.3476], [-95.666, 69.439], [-95.7635, 69.5597], [-95.8935, 69.3519], [-95.986, 69.392], [-95.8758, 69.606], [-95.5137, 69.5737]]], [[[-96.0785, 75.5101], [-96.4616, 75.4943], [-96.8572, 75.3692], [-97.0206, 75.4681], [-96.368, 75.6547], [-95.9597, 75.5544], [-96.0785, 75.5101]]], [[[-100.0018, 73.946], [-99.158, 73.7316], [-97.6701, 73.8878], [-97.1117, 73.7905], [-97.0016, 73.6665], [-97.6258, 73.5022], [-97.3504, 73.4808], [-97.2305, 73.4213], [-97.2726, 73.3867], [-97.7961, 73.2852], [-98.3757, 73.0447], [-98.4308, 72.958], [-97.6362, 73.0276], [-97.3288, 72.9379], [-97.3778, 72.865], [-97.0829, 72.763], [-97.1283, 72.6276], [-96.5422, 72.6986], [-96.4457, 72.5524], [-96.4727, 72.4344], [-96.8014, 72.3225], [-96.593, 72.2044], [-96.7665, 72.046], [-96.6243, 71.9677], [-96.6135, 71.8337], [-97.5822, 71.6296], [-98.1813, 71.6624], [-98.2839, 71.7155], [-98.3228, 71.8524], [-98.4588, 71.7731], [-98.1986, 71.4409], [-98.663, 71.3021], [-99.167, 71.3672], [-99.7347, 71.7572], [-100.5944, 72.1524], [-101.2085, 72.3169], [-101.724, 72.3148], [-101.9735, 72.4861], [-102.4023, 72.5946], [-102.7086, 72.7645], [-102.551, 72.9784], [-102.2039, 73.0773], [-101.9224, 73.057], [-101.2733, 72.7218], [-100.4849, 72.773], [-100.3956, 72.977], [-100.1282, 72.9067], [-100.0968, 72.9633], [-100.2362, 73.0953], [-100.5314, 73.1382], [-100.5364, 73.1979], [-100.3406, 73.2651], [-99.825, 73.2139], [-100.3661, 73.359], [-100.8892, 73.2753], [-101.5232, 73.4864], [-100.976, 73.5999], [-100.5216, 73.4492], [-100.607, 73.5752], [-100.8982, 73.6582], [-100.985, 73.7655], [-100.4835, 73.8436], [-99.991, 73.7951], [-99.9118, 73.847], [-100.2272, 73.8892], [-100.0018, 73.946]]], [[[-96.7823, 72.9367], [-97.0926, 72.9969], [-97.0692, 73.1302], [-96.8622, 73.1889], [-96.5984, 73.0738], [-96.7823, 72.9367]]], [[[-97.3554, 74.5264], [-97.656, 74.4658], [-97.75, 74.5106], [-97.4166, 74.6267], [-97.2914, 74.5764], [-97.3554, 74.5264]]], [[[-97.701, 76.4665], [-97.7388, 76.3353], [-97.5311, 76.1093], [-97.6499, 75.9791], [-97.6017, 75.851], [-97.8904, 75.7604], [-97.4076, 75.6726], [-97.336, 75.4199], [-97.6532, 75.5079], [-97.8782, 75.4162], [-97.8526, 75.2602], [-97.66, 75.1512], [-97.8429, 75.1217], [-98.0686, 75.1991], [-97.9919, 75.0458], [-100.2344, 75.0077], [-100.4835, 75.1883], [-100.1458, 75.2461], [-100.7312, 75.3466], [-100.7121, 75.4063], [-99.7559, 75.6334], [-99.1947, 75.6984], [-102.5412, 75.5136], [-102.7976, 75.5997], [-102.1449, 75.875], [-101.2614, 75.7582], [-100.9727, 75.7984], [-101.2881, 75.789], [-101.5059, 75.918], [-101.4314, 75.9919], [-101.872, 76.0831], [-101.557, 76.236], [-102.1377, 76.2849], [-101.7874, 76.4514], [-101.3399, 76.4106], [-101.0559, 76.2457], [-99.8654, 75.9243], [-99.689, 75.9597], [-100.1127, 76.1171], [-99.541, 76.1462], [-100.4144, 76.2426], [-99.9777, 76.3125], [-100.8906, 76.4755], [-100.0688, 76.6348], [-99.6692, 76.6241], [-99.1695, 76.4536], [-98.8905, 76.4656], [-99.0237, 76.6145], [-98.7108, 76.6938], [-97.701, 76.4665]]], [[[-98.2702, 73.8686], [-98.974, 73.8122], [-99.4172, 73.8955], [-98.061, 74.1046], [-97.6593, 74.0716], [-98.2702, 73.8686]]], [[[-98.7915, 79.9811], [-98.7897, 79.7855], [-98.9452, 79.7241], [-99.5158, 79.8872], [-100.0, 79.8841], [-100.126, 80.0013], [-100.0533, 80.0934], [-99.7311, 80.1441], [-99.0165, 80.1111], [-98.7915, 79.9811]]], [[[-103.4261, 79.3155], [-102.9142, 79.2312], [-102.6521, 79.0951], [-102.7306, 78.9694], [-102.5762, 78.8795], [-102.3933, 79.0104], [-101.7035, 79.079], [-101.0372, 78.9391], [-101.1282, 78.8018], [-100.4356, 78.8203], [-100.0148, 78.7285], [-99.582, 78.5633], [-99.8477, 78.4382], [-99.7512, 78.3029], [-99.1317, 78.1176], [-98.9996, 77.997], [-99.1662, 77.8569], [-99.9561, 77.7937], [-100.5861, 77.8918], [-101.0742, 78.194], [-102.057, 78.2795], [-102.6071, 78.249], [-102.772, 78.3069], [-102.7313, 78.371], [-103.9467, 78.2601], [-104.5126, 78.2946], [-104.8794, 78.4012], [-104.9957, 78.5185], [-104.7272, 78.5794], [-103.5705, 78.5399], [-103.4826, 78.5938], [-104.0208, 78.6348], [-103.3714, 78.7363], [-104.185, 78.7813], [-103.8758, 78.9028], [-104.1519, 78.9899], [-104.8956, 78.8082], [-104.9694, 78.8566], [-104.7466, 79.0271], [-105.5357, 79.0326], [-105.58, 79.1142], [-105.3878, 79.3235], [-103.4261, 79.3155]]], [[[-99.9946, 69.0135], [-100.018, 68.9539], [-100.1415, 68.9699], [-100.2473, 69.0527], [-100.153, 69.1294], [-99.9946, 69.0135]]], [[[-100.2171, 68.8067], [-100.3974, 68.7238], [-100.5965, 68.7665], [-100.6116, 68.9902], [-100.3298, 68.9975], [-100.1786, 68.9039], [-100.2171, 68.8067]]], [[[-101.2262, 76.5793], [-101.6132, 76.6046], [-100.8863, 76.7426], [-100.2693, 76.7341], [-101.2262, 76.5793]]], [[[-100.3085, 70.4959], [-100.6206, 70.5469], [-100.6782, 70.6462], [-100.2761, 70.5946], [-100.3085, 70.4959]]], [[[-114.5217, 72.5929], [-113.5781, 72.6521], [-113.45, 72.8633], [-113.0734, 72.9954], [-112.0481, 72.8881], [-111.2698, 72.7137], [-111.3555, 72.572], [-111.8951, 72.3561], [-111.6752, 72.3001], [-111.3112, 72.4549], [-111.268, 72.3639], [-111.1399, 72.3653], [-110.7817, 72.5339], [-110.2053, 72.6613], [-110.197, 72.759], [-110.5538, 72.8615], [-110.6895, 72.9445], [-110.6607, 73.0082], [-110.0084, 72.9837], [-108.7548, 72.551], [-108.1882, 71.7237], [-107.8127, 71.6261], [-107.3058, 71.8948], [-107.6957, 72.1494], [-108.2375, 73.1498], [-107.9362, 73.2172], [-108.0773, 73.2814], [-108.0291, 73.3487], [-107.1136, 73.1922], [-106.9509, 73.276], [-106.4822, 73.1962], [-105.8126, 73.0106], [-105.4151, 72.7885], [-105.234, 72.4151], [-104.8784, 71.98], [-104.3859, 71.577], [-104.3556, 71.3821], [-104.563, 71.1325], [-104.5148, 71.0643], [-103.5845, 70.6309], [-103.0773, 70.5089], [-103.0013, 70.541], [-103.0496, 70.655], [-101.9897, 70.2852], [-101.6762, 70.2784], [-101.5624, 70.135], [-101.0908, 70.1357], [-100.9058, 69.8117], [-101.0436, 69.6687], [-101.3374, 69.7103], [-101.4839, 69.8502], [-101.6477, 69.6985], [-102.2342, 69.8422], [-102.596, 69.718], [-102.5348, 69.6208], [-102.6212, 69.5515], [-103.4348, 69.6676], [-103.0488, 69.4718], [-103.1201, 69.2046], [-102.4469, 69.4764], [-102.1514, 69.4878], [-101.9782, 69.4252], [-102.0462, 69.2578], [-101.7892, 69.1816], [-101.8572, 69.0239], [-102.8951, 68.8236], [-105.1059, 68.9204], [-105.1692, 68.9553], [-105.0195, 69.0811], [-106.1409, 69.1619], [-106.341, 69.2243], [-106.4199, 69.4139], [-106.6589, 69.4397], [-107.4398, 69.0022], [-108.365, 68.9347], [-109.472, 68.6767], [-113.0194, 68.4815], [-113.2315, 68.5355], [-113.5547, 68.7675], [-113.6941, 69.195], [-115.6183, 69.283], [-116.5136, 69.4246], [-117.104, 69.8042], [-117.1954, 70.054], [-116.5539, 70.1751], [-114.5923, 70.3126], [-112.6378, 70.2253], [-111.6327, 70.3089], [-112.114, 70.4469], [-113.7574, 70.6908], [-115.9909, 70.5863], [-117.5871, 70.6295], [-118.3766, 70.9676], [-117.8139, 71.1585], [-115.8915, 71.3817], [-116.0452, 71.423], [-115.9804, 71.4692], [-115.3033, 71.4937], [-115.5866, 71.5463], [-117.9356, 71.3922], [-118.2265, 71.4671], [-117.7423, 71.6593], [-118.5829, 71.649], [-118.9879, 71.7643], [-118.9447, 71.9856], [-118.2135, 72.2629], [-118.4813, 72.4276], [-118.3744, 72.5339], [-117.5518, 72.8312], [-116.5733, 73.0549], [-114.6383, 73.3727], [-114.2063, 73.2977], [-114.0515, 73.071], [-114.0749, 72.9068], [-114.5217, 72.5929]]], [[[-101.1718, 69.3972], [-101.2686, 69.3906], [-101.2074, 69.4798], [-101.3514, 69.5593], [-101.0008, 69.4619], [-101.1718, 69.3972]]], [[[-101.6934, 77.6965], [-102.3778, 77.7281], [-102.4714, 77.8734], [-101.6394, 77.892], [-101.0019, 77.735], [-101.6934, 77.6965]]], [[[-101.8457, 68.5863], [-101.8871, 68.5849], [-102.3083, 68.682], [-102.0135, 68.8253], [-101.8284, 68.7989], [-101.7215, 68.7241], [-101.8457, 68.5863]]], [[[-102.2273, 76.0149], [-102.0081, 75.9394], [-102.5798, 75.7802], [-103.3149, 75.7642], [-103.0416, 75.9189], [-103.7699, 75.8923], [-103.9852, 75.9331], [-103.8009, 76.0369], [-104.406, 76.1084], [-104.3506, 76.1822], [-104.0122, 76.2231], [-102.7281, 76.3071], [-102.5841, 76.2816], [-102.4901, 76.095], [-102.2273, 76.0149]]], [[[-103.0035, 78.1464], [-103.1183, 78.1264], [-103.2735, 78.1658], [-102.9732, 78.2672], [-102.7882, 78.2183], [-103.0035, 78.1464]]], [[[-104.023, 76.5831], [-103.7228, 76.6012], [-103.0337, 76.4316], [-103.4722, 76.3292], [-104.3574, 76.3347], [-104.603, 76.5828], [-103.9589, 76.6388], [-104.023, 76.5831]]], [[[-104.1198, 75.0363], [-104.6343, 75.0613], [-104.8874, 75.1477], [-104.6487, 75.3498], [-104.3463, 75.4299], [-103.8513, 75.3709], [-103.6436, 75.1864], [-103.8138, 75.0797], [-104.1198, 75.0363]]], [[[-104.5407, 68.406], [-104.851, 68.4541], [-105.0515, 68.5591], [-104.6019, 68.5615], [-104.4446, 68.4707], [-104.5407, 68.406]]], [[[-104.5583, 77.1418], [-105.215, 77.1821], [-106.066, 77.7253], [-105.5879, 77.7359], [-105.2895, 77.642], [-104.9554, 77.4186], [-104.5421, 77.3378], [-104.4536, 77.2492], [-104.5583, 77.1418]]], [[[-105.2888, 72.92], [-106.071, 73.1964], [-106.1801, 73.3041], [-106.9498, 73.5103], [-106.6139, 73.6957], [-105.5123, 73.7658], [-105.1145, 73.7445], [-104.5875, 73.578], [-104.6217, 73.3111], [-105.2888, 72.92]]], [[[-108.2922, 76.057], [-107.7234, 75.9954], [-108.0208, 75.8048], [-107.2162, 75.8915], [-107.0502, 75.8455], [-106.9134, 75.6797], [-106.8918, 75.7825], [-106.6931, 75.8099], [-106.862, 75.93], [-106.6769, 76.0237], [-105.9047, 76.009], [-105.6045, 75.93], [-105.4814, 75.7023], [-105.8626, 75.1915], [-106.0926, 75.0894], [-107.1536, 74.9271], [-107.8199, 75.0], [-108.4748, 74.9473], [-108.8312, 75.0649], [-109.5033, 74.8827], [-110.3867, 74.814], [-110.9408, 74.6388], [-112.5194, 74.4169], [-113.5141, 74.43], [-114.377, 74.6709], [-112.8358, 74.9756], [-111.6712, 75.0195], [-111.0337, 75.2267], [-112.2141, 75.1328], [-112.5971, 75.2116], [-112.9514, 75.1078], [-113.7117, 75.0686], [-113.8449, 75.1121], [-113.8532, 75.2593], [-113.4673, 75.4162], [-113.8784, 75.3754], [-114.0166, 75.4343], [-114.1685, 75.2394], [-114.5138, 75.2755], [-114.3579, 75.1712], [-114.4519, 75.0879], [-115.0203, 74.9761], [-115.4131, 75.1149], [-115.7288, 74.9681], [-116.4761, 75.1717], [-117.005, 75.1561], [-117.6001, 75.2717], [-117.2577, 75.4596], [-116.0773, 75.4929], [-115.142, 75.6785], [-116.4257, 75.5855], [-117.1637, 75.6448], [-116.8023, 75.7715], [-114.9915, 75.8963], [-116.3379, 75.881], [-116.6644, 75.9576], [-116.5496, 76.0168], [-116.5913, 76.0957], [-116.2097, 76.1945], [-114.7787, 76.1725], [-115.8317, 76.2959], [-115.5808, 76.4375], [-114.9983, 76.4975], [-114.1941, 76.4515], [-114.0587, 76.3007], [-113.8237, 76.207], [-113.1713, 76.2578], [-112.6976, 76.2018], [-111.8653, 75.9394], [-112.0568, 75.8342], [-111.5492, 75.822], [-111.2756, 75.6125], [-111.0527, 75.5487], [-109.0864, 75.5065], [-108.9125, 75.587], [-108.9449, 75.699], [-109.8705, 75.9289], [-109.4547, 76.0211], [-109.4302, 76.1091], [-110.2006, 76.2894], [-110.3093, 76.3974], [-109.3384, 76.76], [-108.8315, 76.8211], [-108.4668, 76.7376], [-108.6278, 76.5867], [-108.5126, 76.4389], [-108.1936, 76.3302], [-108.123, 76.2335], [-108.406, 76.085], [-108.2922, 76.057]]], [[[-108.0928, 67.0051], [-107.9664, 66.9973], [-107.8055, 66.9986], [-107.9438, 66.8578], [-108.0928, 67.0051]]], [[[-107.8998, 67.4017], [-107.9502, 67.3181], [-108.1522, 67.4293], [-108.1274, 67.6286], [-107.9909, 67.6222], [-107.8998, 67.4017]]], [[[-109.1663, 67.9823], [-108.9705, 67.9797], [-108.8859, 67.8985], [-109.0961, 67.924], [-109.1663, 67.9823]]], [[[-109.3233, 67.9908], [-109.3607, 67.9875], [-109.4979, 68.0471], [-109.4691, 68.0979], [-109.3233, 67.9908]]], [[[-109.8161, 78.6503], [-109.4673, 78.5671], [-109.3622, 78.4928], [-109.3521, 78.3687], [-110.4184, 78.295], [-111.169, 78.3863], [-111.5175, 78.2747], [-112.1313, 78.3661], [-113.1724, 78.2839], [-113.2927, 78.3344], [-112.856, 78.4668], [-110.8774, 78.735], [-110.408, 78.7566], [-109.8161, 78.6503]]], [[[-110.458, 78.1034], [-109.6192, 78.0568], [-109.7718, 77.9576], [-110.8655, 77.834], [-110.1527, 77.7628], [-110.1167, 77.6247], [-110.1985, 77.5245], [-111.952, 77.3442], [-113.1645, 77.5302], [-113.2084, 77.5802], [-113.1206, 77.6326], [-113.2833, 77.813], [-113.1872, 77.9123], [-112.3045, 78.0068], [-110.458, 78.1034]]], [[[-113.5609, 76.7433], [-113.7124, 76.7105], [-114.8353, 76.7947], [-113.8917, 76.8948], [-113.5166, 76.8251], [-113.5609, 76.7433]]], [[[-113.8323, 77.7547], [-114.6085, 77.7692], [-115.0293, 77.9676], [-114.3305, 78.0777], [-114.2798, 78.0044], [-113.6181, 77.8324], [-113.8323, 77.7547]]], [[[-119.7363, 74.1126], [-119.206, 74.198], [-119.1178, 74.0156], [-118.544, 74.2445], [-117.5147, 74.2317], [-115.6345, 73.6657], [-115.3929, 73.5018], [-115.5243, 73.4168], [-118.9616, 72.684], [-119.5127, 72.3027], [-120.1798, 72.2126], [-120.4433, 71.6308], [-120.6194, 71.5057], [-121.4722, 71.389], [-121.7494, 71.4447], [-122.8399, 71.0974], [-123.3147, 71.1693], [-124.0077, 71.6773], [-125.2965, 71.9731], [-125.8451, 71.9788], [-125.7627, 72.1376], [-125.5838, 72.1831], [-125.6273, 72.2548], [-124.9873, 72.588], [-124.9696, 72.8433], [-124.565, 72.9442], [-124.817, 73.0589], [-124.804, 73.1257], [-123.7971, 73.7682], [-124.1917, 73.9021], [-124.6964, 74.3481], [-121.5043, 74.5451], [-119.5628, 74.2327], [-119.7363, 74.1126]]], [[[-115.5513, 77.3633], [-115.4703, 77.3086], [-116.3293, 77.1371], [-115.8101, 76.9391], [-116.2526, 76.9014], [-115.9462, 76.7112], [-116.2205, 76.611], [-116.9992, 76.5316], [-117.0446, 76.3731], [-117.2336, 76.2816], [-117.4924, 76.2728], [-117.9928, 76.4059], [-117.9655, 76.5741], [-117.7804, 76.7843], [-117.8809, 76.8051], [-118.3006, 76.7367], [-118.468, 76.5474], [-118.7913, 76.513], [-118.6246, 76.366], [-118.994, 76.1449], [-119.1682, 76.1265], [-119.5804, 76.3266], [-119.6398, 76.1567], [-119.7395, 76.1176], [-119.5261, 75.9972], [-119.9131, 75.8588], [-120.4088, 75.8257], [-120.8483, 76.1825], [-121.0193, 76.0202], [-121.2134, 75.9836], [-121.9082, 76.0346], [-122.4007, 75.9442], [-122.6404, 76.009], [-122.5461, 76.0805], [-122.5929, 76.162], [-122.9029, 76.1346], [-122.423, 76.3901], [-121.5611, 76.4535], [-119.0901, 77.3051], [-118.0051, 77.3812], [-116.8437, 77.3395], [-116.7037, 77.3799], [-117.0399, 77.4652], [-116.5114, 77.5476], [-115.5513, 77.3633]]], [[[-118.328, 75.5797], [-118.8172, 75.5221], [-119.3947, 75.6174], [-118.6261, 75.9062], [-117.7523, 76.1124], [-117.5126, 76.0994], [-117.6263, 75.9659], [-118.328, 75.5797]]], [[[-121.0762, 75.7453], [-121.2407, 75.7519], [-120.8879, 75.9279], [-120.9211, 75.8144], [-121.0762, 75.7453]]], [[[-127.1973, 50.6403], [-125.4819, 50.3168], [-124.8307, 49.53], [-123.9958, 49.2239], [-123.8201, 49.0835], [-123.4969, 48.5822], [-123.4155, 48.6981], [-123.2837, 48.4553], [-123.5732, 48.3227], [-125.0171, 48.7115], [-125.1356, 48.8224], [-124.8497, 49.0283], [-124.8127, 49.2126], [-124.9275, 49.0142], [-125.5431, 48.9528], [-125.8286, 49.0918], [-125.6443, 49.1857], [-125.8354, 49.2766], [-125.9517, 49.248], [-125.9355, 49.4016], [-126.5486, 49.419], [-126.5417, 49.5904], [-126.1342, 49.6724], [-126.5252, 49.7196], [-126.6832, 49.8765], [-126.9032, 49.9442], [-127.1141, 49.8798], [-127.2499, 50.1379], [-127.3496, 50.0519], [-127.4673, 50.1635], [-127.864, 50.1276], [-127.8392, 50.2932], [-127.963, 50.3461], [-127.9058, 50.4452], [-127.6415, 50.4791], [-127.4864, 50.4046], [-127.5289, 50.5367], [-127.4659, 50.583], [-127.7513, 50.6073], [-127.7312, 50.5358], [-128.0584, 50.4985], [-128.35, 50.6966], [-128.2417, 50.8281], [-127.918, 50.8606], [-127.1973, 50.6403]]], [[[-123.3723, 48.8861], [-123.5411, 48.946], [-123.6891, 49.0951], [-123.3781, 48.9083], [-123.3723, 48.8861]]], [[[-123.4353, 48.7545], [-123.5174, 48.7502], [-123.5822, 48.9257], [-123.4677, 48.8674], [-123.4353, 48.7545]]], [[[-124.1535, 49.5312], [-124.3623, 49.5882], [-124.6499, 49.7583], [-124.4213, 49.7277], [-124.1535, 49.5312]]], [[[-124.9779, 50.0295], [-125.0261, 50.134], [-124.9909, 50.2172], [-124.9073, 50.0839], [-124.9779, 50.0295]]], [[[-125.1842, 50.0971], [-125.195, 50.0443], [-125.3584, 50.3116], [-125.3012, 50.4142], [-125.0913, 50.2679], [-125.1842, 50.0971]]], [[[-126.0921, 49.354], [-126.064, 49.2636], [-126.2296, 49.2957], [-126.2084, 49.3799], [-126.0921, 49.354]]], [[[-126.6411, 49.6059], [-126.9385, 49.7185], [-126.9259, 49.8378], [-126.7383, 49.8437], [-126.6411, 49.6059]]], [[[-127.9245, 51.4739], [-128.0919, 51.5111], [-128.1423, 51.6465], [-127.9987, 51.7037], [-127.9245, 51.4739]]], [[[-128.3687, 52.4008], [-128.4454, 52.3874], [-128.4397, 52.6964], [-128.2474, 52.7845], [-128.3687, 52.4008]]], [[[-128.5523, 52.9399], [-128.5099, 52.5186], [-128.6791, 52.2897], [-128.7464, 52.7635], [-128.8997, 52.6738], [-129.1841, 52.9907], [-129.0333, 53.2799], [-128.6326, 53.1126], [-128.5523, 52.9399]]], [[[-128.9368, 52.51], [-128.9689, 52.4643], [-129.151, 52.6052], [-129.2633, 52.8008], [-128.9941, 52.6616], [-128.9368, 52.51]]], [[[-129.1676, 53.1179], [-129.3238, 53.1421], [-129.2381, 53.33], [-129.1769, 53.2591], [-129.1676, 53.1179]]], [[[-129.3137, 52.9923], [-129.4099, 53.0237], [-129.5146, 53.1794], [-129.4509, 53.1747], [-129.3137, 52.9923]]], [[[-129.8487, 53.1679], [-129.9344, 53.1766], [-130.5176, 53.5442], [-130.3948, 53.6202], [-129.9448, 53.4363], [-129.7547, 53.2448], [-129.8487, 53.1679]]], [[[-130.5752, 54.7698], [-130.2141, 55.0259], [-130.204, 54.947], [-130.3495, 54.8145], [-130.5752, 54.7698]]], [[[-130.2364, 53.9585], [-130.3844, 53.844], [-130.6245, 53.9415], [-130.6638, 53.8476], [-130.7073, 53.9215], [-130.4481, 54.089], [-130.2364, 53.9585]]], [[[-130.9273, 54.479], [-130.9068, 54.6318], [-130.7581, 54.6139], [-130.7635, 54.5768], [-130.9273, 54.479]]], [[[-131.0292, 51.9617], [-131.1033, 52.0139], [-131.0983, 52.1507], [-131.0108, 52.0953], [-131.0292, 51.9617]]], [[[-131.7538, 53.1955], [-131.6523, 53.103], [-131.6347, 52.9222], [-131.9716, 52.8798], [-131.4554, 52.7016], [-131.5908, 52.5782], [-131.4298, 52.4221], [-131.2596, 52.4159], [-131.32, 52.3031], [-131.1426, 52.2911], [-131.1163, 52.2191], [-131.2214, 52.1536], [-132.165, 52.7833], [-132.2582, 52.934], [-132.1437, 52.9994], [-132.5469, 53.1376], [-131.7538, 53.1955]]], [[[-132.6556, 54.1274], [-132.5642, 54.0687], [-132.3032, 54.0989], [-132.166, 53.9552], [-132.175, 53.8466], [-132.5347, 53.6518], [-132.1869, 53.6848], [-132.1344, 54.0344], [-131.6678, 54.1413], [-131.8892, 53.714], [-131.9281, 53.3792], [-132.0112, 53.2651], [-132.5206, 53.194], [-132.7474, 53.3104], [-132.6927, 53.3679], [-132.4249, 53.337], [-132.845, 53.5076], [-133.0524, 53.7782], [-133.0981, 54.0056], [-133.0484, 54.159], [-132.6556, 54.1274]]], [[[-139.0431, 69.5768], [-139.1256, 69.5394], [-139.2915, 69.5978], [-139.1396, 69.6496], [-138.879, 69.5897], [-139.0431, 69.5768]]]]}}, {"type": "Feature", "properties": {"SOVEREIGNT": "Cameroon", "SOV_A3": "CMR", "mean": 1.305, "GERMAN_NAME": "Kamerun", "NOTE_DE": null}, "geometry": {"type": "Polygon", "coordinates": [[[8.5559, 4.7552], [8.8011, 5.1975], [8.9973, 5.9177], [9.6601, 6.532], [9.7799, 6.76], [10.1436, 6.9964], [10.2055, 6.8916], [10.4823, 6.8913], [10.6062, 7.0631], [11.0086, 6.739], [11.1066, 6.4577], [11.2372, 6.4506], [11.4777, 6.5974], [11.58, 6.889], [11.8615, 7.1164], [11.7675, 7.2722], [12.0159, 7.5897], [12.2334, 8.2822], [12.4036, 8.5957], [12.5826, 8.6241], [12.7824, 8.8178], [12.9296, 9.4263], [13.1989, 9.5638], [13.2698, 10.0361], [13.4145, 10.1714], [13.5355, 10.605], [13.7, 10.8732], [13.9815, 11.212], [14.2022, 11.2682], [14.5755, 11.5324], [14.6198, 12.1509], [14.519, 12.2983], [14.1975, 12.3839], [14.064, 13.0785], [14.4618, 13.0219], [14.5446, 12.8202], [14.847, 12.5021], [15.0813, 11.8455], [15.122, 11.5412], [15.0298, 11.1137], [15.1321, 10.6486], [15.2761, 10.3575], [15.6548, 10.0078], [14.2432, 9.9797], [13.9772, 9.6915], [14.3322, 9.2035], [15.1162, 8.5575], [15.4431, 7.8519], [15.5497, 7.7879], [15.4802, 7.5237], [15.2066, 7.2061], [14.7393, 6.2798], [14.4312, 6.0387], [14.6169, 5.865], [14.5629, 5.2799], [14.6407, 5.1791], [14.7314, 4.6025], [15.0637, 4.2849], [15.1357, 4.0368], [15.0349, 4.0163], [15.1288, 3.8268], [16.0634, 2.9087], [16.1833, 2.2699], [16.08, 2.1068], [16.1361, 1.7243], [16.0594, 1.6764], [15.7416, 1.915], [15.3387, 1.9447], [15.1602, 2.0356], [14.9024, 2.0124], [14.5788, 2.1991], [13.2936, 2.1615], [13.2205, 2.2564], [11.5591, 2.3021], [11.3485, 2.2996], [11.3287, 2.1674], [9.9797, 2.1677], [9.8008, 2.3043], [9.9484, 3.0789], [9.8761, 3.3098], [9.6719, 3.5377], [9.7655, 3.6239], [9.6424, 3.6118], [9.556, 3.798], [9.7396, 3.8529], [9.6399, 3.9653], [9.6889, 4.0563], [9.4837, 4.066], [9.4253, 3.9223], [9.0002, 4.0915], [8.9181, 4.5537], [8.6603, 4.671], [8.6895, 4.5502], [8.5743, 4.5263], [8.5559, 4.7552]]]}}, {"type": "Feature", "properties": {"SOVEREIGNT": "Cambodia", "SOV_A3": "KHM", "mean": 0.651, "GERMAN_NAME": "Kambodscha", "NOTE_DE": null}, "geometry": {"type": "MultiPolygon", "coordinates": [[[[107.5193, 14.7051], [107.3314, 14.1266], [107.6054, 13.4377], [107.4754, 13.0304], [107.5553, 12.5399], [107.5064, 12.3646], [107.3933, 12.2605], [107.2122, 12.304], [106.7, 11.9795], [106.4138, 11.9484], [106.3994, 11.687], [106.0059, 11.758], [105.8514, 11.6349], [105.8561, 11.2944], [106.161, 11.037], [106.1639, 10.7949], [105.8532, 10.8636], [105.755, 10.99], [105.4058, 10.9516], [105.3147, 10.845], [105.0458, 10.9114], [105.0465, 10.7017], [104.8506, 10.5345], [104.5641, 10.516], [104.4262, 10.4113], [104.2624, 10.5413], [103.8704, 10.6552], [103.6619, 10.509], [103.587, 10.5522], [103.5406, 10.6687], [103.681, 10.7586], [103.722, 10.8902], [103.5323, 11.1467], [103.3538, 10.9216], [103.1529, 10.9136], [103.1255, 11.4607], [102.9488, 11.7734], [102.934, 11.7066], [102.7367, 12.0899], [102.7558, 12.4262], [102.4995, 12.6699], [102.4617, 13.0151], [102.3306, 13.2883], [102.3364, 13.5603], [102.547, 13.5856], [102.9092, 14.1367], [103.1993, 14.3326], [103.6004, 14.421], [103.982, 14.3578], [104.779, 14.4278], [104.9698, 14.3661], [105.0742, 14.2275], [105.1833, 14.3462], [105.3503, 14.1096], [105.5314, 14.1561], [105.9044, 13.9246], [106.0667, 13.9213], [106.1247, 14.0492], [105.9789, 14.3431], [106.1654, 14.3724], [106.2255, 14.4762], [106.3551, 14.4547], [106.5016, 14.5782], [106.7835, 14.3351], [106.9379, 14.3273], [107.2925, 14.5925], [107.4146, 14.5628], [107.5193, 14.7051]]], [[[103.3178, 10.7185], [103.2814, 10.6796], [103.2234, 10.782], [103.3178, 10.7185]]], [[[103.0452, 11.285], [102.9934, 11.2904], [103.037, 11.39], [103.0452, 11.285]]]]}}, {"type": "Feature", "properties": {"SOVEREIGNT": "Myanmar", "SOV_A3": "MMR", "mean": 1.044, "GERMAN_NAME": "Myanmar", "NOTE_DE": null}, "geometry": {"type": "MultiPolygon", "coordinates": [[[[98.7026, 10.1904], [98.5625, 10.0349], [98.465, 10.6758], [98.6756, 10.9869], [98.7414, 11.5917], [98.8761, 11.7196], [98.8048, 11.7792], [98.6363, 11.7384], [98.6964, 12.2252], [98.6003, 12.2454], [98.6788, 12.3485], [98.5758, 13.162], [98.2454, 13.7335], [98.2004, 13.9801], [98.1496, 13.6476], [98.1107, 13.713], [98.1003, 14.1615], [97.9098, 14.6527], [98.0189, 14.6527], [97.8123, 14.8589], [97.7104, 15.8755], [97.5844, 16.0195], [97.6337, 16.4578], [97.7259, 16.5687], [97.376, 16.523], [97.2003, 17.0953], [96.8514, 17.4011], [96.9087, 17.0309], [96.7654, 16.7103], [96.4313, 16.505], [96.189, 16.7683], [96.3244, 16.4446], [95.7632, 16.169], [95.6796, 15.9768], [95.3895, 15.7227], [95.3016, 15.7562], [95.3466, 16.0976], [95.1771, 15.8256], [94.9427, 15.8184], [94.893, 16.1828], [94.798, 15.9711], [94.6616, 15.9044], [94.7033, 16.5119], [94.6652, 16.3363], [94.4416, 16.0943], [94.2238, 16.0164], [94.2713, 16.5173], [94.5644, 17.3086], [94.5888, 17.5693], [94.4308, 18.2017], [94.1709, 18.7323], [94.2458, 18.7412], [94.0701, 18.8934], [94.0449, 19.2874], [93.9412, 19.1461], [93.9293, 18.8996], [93.7054, 19.027], [93.493, 19.3695], [93.5787, 19.4012], [93.8249, 19.2384], [93.9981, 19.4408], [93.6118, 19.776], [93.7072, 19.9122], [93.25, 20.0701], [93.1568, 20.0408], [93.1989, 19.8983], [93.1294, 19.8581], [93.002, 20.0748], [93.0956, 20.1814], [93.0153, 20.1852], [93.0668, 20.3775], [92.8821, 20.1522], [92.8284, 20.1776], [92.8911, 20.3404], [92.7356, 20.5625], [92.723, 20.2956], [92.3241, 20.7918], [92.1797, 21.2931], [92.3306, 21.4397], [92.5685, 21.2632], [92.6315, 21.3061], [92.575, 21.9781], [92.6891, 22.1309], [92.9645, 22.0038], [93.043, 22.184], [93.151, 22.2305], [93.0786, 22.7182], [93.1643, 23.032], [93.3494, 23.085], [93.3915, 23.3392], [93.4149, 23.682], [93.3263, 24.0642], [93.4937, 23.9727], [93.6834, 24.0064], [94.1277, 23.8764], [94.7076, 25.0488], [94.5532, 25.2158], [94.5798, 25.3198], [94.9456, 25.7002], [95.1324, 26.0413], [95.0507, 26.3473], [95.1288, 26.5972], [96.1908, 27.2613], [96.7316, 27.3315], [96.9533, 27.1333], [97.102, 27.1155], [96.877, 27.5867], [97.0498, 27.7601], [97.088, 27.7872], [97.1578, 27.837], [97.2262, 27.8901], [97.2845, 27.9024], [97.3252, 27.9274], [97.3353, 27.9378], [97.3392, 28.0308], [97.3227, 28.2179], [97.3223, 28.2179], [97.5992, 28.5172], [98.0618, 28.1858], [98.299, 27.5501], [98.4527, 27.6573], [98.6511, 27.5725], [98.7386, 26.7859], [98.6856, 26.1893], [98.564, 26.0725], [98.6561, 25.8637], [98.4657, 25.7887], [98.3339, 25.5867], [98.1428, 25.5711], [98.0106, 25.2925], [97.8195, 25.2519], [97.7151, 25.0344], [97.7378, 24.8699], [97.5833, 24.7748], [97.5315, 24.4917], [97.7082, 24.2287], [97.5646, 23.9109], [98.2126, 24.1105], [98.835, 24.1213], [98.6766, 23.905], [98.8322, 23.6244], [98.8638, 23.1912], [99.4182, 23.0692], [99.5072, 22.9591], [99.3851, 22.8251], [99.1929, 22.126], [99.9176, 22.028], [99.9406, 21.7588], [100.0954, 21.6607], [100.1476, 21.4804], [100.6044, 21.4717], [101.0796, 21.756], [101.139, 21.5675], [100.7031, 21.2513], [100.536, 20.9925], [100.5224, 20.922], [100.6228, 20.8597], [100.2495, 20.7304], [100.1224, 20.3166], [99.8902, 20.4244], [99.7203, 20.3255], [99.4589, 20.363], [99.4859, 20.1498], [99.338, 20.079], [99.0741, 20.0993], [98.9168, 19.7728], [98.3714, 19.6892], [98.015, 19.7494], [97.817, 19.4599], [97.804, 19.1305], [97.7061, 18.9319], [97.746, 18.5881], [97.3738, 18.518], [97.4508, 18.3597], [97.6323, 18.2904], [97.7399, 17.9353], [97.7064, 17.7972], [98.439, 16.9757], [98.6608, 16.3305], [98.8354, 16.4177], [98.8883, 16.3521], [98.8181, 16.1808], [98.5924, 16.0506], [98.5568, 15.3676], [98.191, 15.2041], [98.2022, 14.9759], [98.5701, 14.3599], [98.9337, 14.0499], [99.1367, 13.7168], [99.1238, 13.0307], [99.2199, 12.7397], [99.4049, 12.5479], [99.6148, 11.7811], [99.19, 11.1054], [98.7573, 10.6609], [98.7026, 10.1904]]], [[[98.4743, 11.8993], [98.4545, 12.0614], [98.466, 12.0843], [98.6097, 11.9566], [98.4743, 11.8993]]], [[[98.519, 10.9593], [98.4776, 10.9797], [98.5265, 11.0868], [98.5416, 10.9615], [98.519, 10.9593]]], [[[98.5283, 11.5386], [98.4347, 11.5671], [98.3764, 11.7915], [98.5236, 11.8049], [98.5283, 11.5386]]], [[[98.4365, 12.5704], [98.4596, 12.4738], [98.3138, 12.336], [98.312, 12.6781], [98.4365, 12.5704]]], [[[98.3091, 12.9348], [98.2594, 13.0141], [98.2652, 13.2022], [98.3156, 13.0991], [98.3091, 12.9348]]], [[[98.2162, 11.4558], [98.2011, 11.5672], [98.2997, 11.783], [98.2839, 11.5942], [98.2162, 11.4558]]], [[[98.2936, 10.7796], [98.2518, 10.7444], [98.1554, 10.898], [98.0805, 10.8865], [98.1672, 10.9803], [98.2936, 10.7796]]], [[[98.1345, 9.8753], [98.1402, 9.9746], [98.2918, 10.0513], [98.2835, 10.0076], [98.1345, 9.8753]]], [[[98.1251, 12.1449], [98.0373, 12.2325], [98.0715, 12.2919], [98.1226, 12.2787], [98.1251, 12.1449]]], [[[98.0837, 11.6368], [98.0211, 11.6959], [98.0103, 11.8602], [98.0808, 11.7332], [98.0837, 11.6368]]], [[[98.0603, 12.3535], [98.0024, 12.279], [97.9386, 12.346], [97.9901, 12.3938], [98.0603, 12.3535]]], [[[97.5372, 16.2401], [97.4692, 16.4611], [97.5419, 16.5051], [97.5995, 16.4296], [97.5372, 16.2401]]], [[[94.7843, 15.7939], [94.7336, 15.823], [94.8279, 15.9331], [94.8383, 15.8921], [94.7843, 15.7939]]], [[[94.4121, 15.8484], [94.388, 15.9942], [94.6014, 16.2054], [94.5662, 16.0193], [94.4121, 15.8484]]], [[[93.8296, 19.4753], [93.9473, 19.4082], [93.8152, 19.2987], [93.6442, 19.495], [93.7148, 19.5581], [93.8296, 19.4753]]], [[[93.6741, 18.6756], [93.57, 18.7596], [93.4876, 18.8675], [93.7446, 18.8654], [93.6741, 18.6756]]], [[[93.5132, 19.7548], [93.4448, 19.8065], [93.4127, 19.9504], [93.4919, 19.8926], [93.5132, 19.7548]]], [[[93.0232, 19.8289], [92.9127, 19.9999], [92.9145, 20.0865], [92.9595, 20.0462], [93.0232, 19.8289]]]]}}, {"type": "Feature", "properties": {"SOVEREIGNT": "Burundi", "SOV_A3": "BDI", "mean": 1.417, "GERMAN_NAME": "Burundi", "NOTE_DE": null}, "geometry": {"type": "Polygon", "coordinates": [[[30.5538, -2.4001], [30.4242, -2.6416], [30.4335, -2.8747], [30.7802, -2.9849], [30.7903, -3.2746], [30.6261, -3.3473], [30.6319, -3.4186], [30.4249, -3.5889], [29.9472, -4.3073], [29.7178, -4.4558], [29.4032, -4.4492], [29.2117, -3.8338], [29.2243, -3.0536], [29.0144, -2.7202], [29.1019, -2.5956], [29.297, -2.673], [29.3902, -2.8087], [29.698, -2.7948], [29.8683, -2.7164], [29.9302, -2.3396], [30.1175, -2.4166], [30.4083, -2.313], [30.5538, -2.4001]]]}}, {"type": "Feature", "properties": {"SOVEREIGNT": "Burkina Faso", "SOV_A3": "BFA", "mean": 1.229, "GERMAN_NAME": "Burkina Faso", "NOTE_DE": null}, "geometry": {"type": "Polygon", "coordinates": [[[0.9005, 10.9933], [0.4927, 10.9549], [-0.0686, 11.1156], [-0.2993, 11.167], [-0.6273, 10.9273], [-1.0424, 11.0099], [-2.8298, 10.9983], [-2.9147, 10.5923], [-2.7913, 10.4325], [-2.7805, 9.7459], [-2.6959, 9.4814], [-2.8168, 9.426], [-3.2236, 9.8955], [-3.7906, 9.9172], [-4.2673, 9.7433], [-4.3321, 9.6457], [-4.6258, 9.7136], [-4.97, 9.93], [-5.0999, 10.2417], [-5.5237, 10.4261], [-5.4905, 11.0424], [-5.3473, 11.1304], [-5.2501, 11.3758], [-5.2882, 11.8279], [-5.1061, 11.9675], [-4.6993, 12.0763], [-4.4285, 12.3375], [-4.4807, 12.6722], [-4.2269, 12.7937], [-4.3288, 13.1191], [-4.151, 13.3062], [-3.9472, 13.4022], [-3.5275, 13.1828], [-3.3017, 13.2808], [-3.2485, 13.6583], [-2.9507, 13.6483], [-2.8741, 13.9508], [-2.5868, 14.2276], [-2.4572, 14.2742], [-2.1134, 14.1685], [-1.973, 14.4564], [-1.6951, 14.5085], [-1.0496, 14.8195], [-0.7605, 15.0477], [-0.236, 15.0594], [0.2176, 14.9115], [0.164, 14.4972], [0.3825, 14.2459], [0.4293, 13.9722], [0.6183, 13.7033], [0.898, 13.6108], [1.2011, 13.3576], [0.9884, 13.3649], [0.9873, 13.042], [1.5651, 12.6354], [2.1047, 12.7011], [2.2264, 12.4661], [2.0684, 12.3792], [2.0731, 12.3094], [2.3891, 11.897], [2.2873, 11.6912], [1.9805, 11.4185], [1.4269, 11.4471], [1.3174, 11.2953], [1.1457, 11.2519], [1.0845, 11.0762], [0.9005, 10.9933]]]}}, {"type": "Feature", "properties": {"SOVEREIGNT": "Bulgaria", "SOV_A3": "BGR", "mean": 1.915, "GERMAN_NAME": "Bulgarien", "NOTE_DE": null}, "geometry": {"type": "Polygon", "coordinates": [[[28.0143, 41.9691], [27.5348, 41.9208], [27.2443, 42.0932], [27.0117, 42.0586], [26.5797, 41.9479], [26.3209, 41.7165], [26.0854, 41.7042], [26.1355, 41.3857], [25.9234, 41.3118], [25.2513, 41.2436], [24.9936, 41.3649], [24.7736, 41.356], [24.4878, 41.5553], [22.916, 41.3363], [23.0035, 41.74], [22.8368, 41.9935], [22.344, 42.3139], [22.5236, 42.441], [22.4361, 42.6291], [22.4667, 42.8424], [22.7061, 42.8839], [22.9768, 43.1878], [22.5546, 43.4546], [22.3695, 43.7812], [22.4206, 44.0074], [22.5974, 44.0753], [22.705, 44.2379], [23.0287, 44.0779], [22.8681, 43.9479], [22.9189, 43.8344], [23.2245, 43.8738], [25.4972, 43.6709], [26.2158, 44.0072], [27.087, 44.1674], [27.4254, 44.0204], [27.8844, 43.9873], [28.05, 43.8224], [28.222, 43.7727], [28.5853, 43.7422], [28.5619, 43.5013], [28.4654, 43.3893], [28.1338, 43.3956], [27.929, 43.1861], [27.8887, 42.7498], [27.4848, 42.4681], [27.7083, 42.35], [28.0143, 41.9691]]]}}, {"type": "Feature", "properties": {"SOVEREIGNT": "Brunei", "SOV_A3": "BRN", "mean": 1.21, "GERMAN_NAME": "Brunei", "NOTE_DE": null}, "geometry": {"type": "MultiPolygon", "coordinates": [[[[115.0268, 4.8996], [115.1402, 4.8996], [115.2665, 4.6341], [115.2907, 4.3527], [115.1071, 4.3906], [115.0268, 4.8996]]], [[[115.0268, 4.8996], [114.7467, 4.7181], [114.8403, 4.3933], [114.6542, 4.0375], [114.323, 4.2628], [114.224, 4.4779], [114.0638, 4.5928], [114.4245, 4.6604], [114.9955, 5.0223], [115.0268, 4.8996]]]]}}, {"type": "Feature", "properties": {"SOVEREIGNT": "Brazil", "SOV_A3": "BRA", "mean": 0.792, "GERMAN_NAME": "Brasilien", "NOTE_DE": null}, "geometry": {"type": "MultiPolygon", "coordinates": [[[[-60.742, 5.2021], [-60.2416, 5.258], [-59.9906, 5.0829], [-60.0317, 4.7405], [-60.1487, 4.5332], [-59.7034, 4.3812], [-59.7386, 4.2269], [-59.5579, 3.9599], [-59.6789, 3.6998], [-59.8546, 3.5875], [-59.8312, 3.3493], [-59.996, 2.7655], [-59.8895, 2.3628], [-59.7552, 2.2741], [-59.7563, 1.9006], [-59.6666, 1.7463], [-59.231, 1.3759], [-58.8624, 1.2036], [-58.5118, 1.2846], [-58.506, 1.4386], [-58.4272, 1.4754], [-58.3804, 1.5302], [-58.3678, 1.5493], [-58.3433, 1.5838], [-58.3408, 1.5877], [-58.3141, 1.592], [-58.3116, 1.5906], [-58.281, 1.5745], [-58.173, 1.5477], [-58.1446, 1.5193], [-58.1345, 1.5165], [-58.0603, 1.5175], [-58.0243, 1.5292], [-58.0117, 1.5399], [-57.9829, 1.6484], [-57.9667, 1.6495], [-57.921, 1.6564], [-57.8339, 1.684], [-57.7957, 1.7001], [-57.5945, 1.7041], [-57.5459, 1.7262], [-57.5336, 1.739], [-57.4768, 1.8102], [-57.3947, 1.9213], [-57.3418, 1.952], [-57.3176, 1.9634], [-57.2971, 1.9614], [-57.2755, 1.9593], [-57.1189, 2.0139], [-57.1038, 2.0093], [-57.0926, 2.0058], [-57.0376, 1.9365], [-57.0343, 1.9346], [-56.9864, 1.9185], [-56.9695, 1.9164], [-56.6898, 1.9143], [-56.6675, 1.9169], [-56.6164, 1.9226], [-56.5256, 1.9273], [-56.4943, 1.9381], [-56.4828, 1.9421], [-56.0198, 1.8423], [-55.9295, 1.8876], [-55.9154, 2.0396], [-56.1376, 2.259], [-55.9576, 2.5206], [-55.7304, 2.406], [-55.3855, 2.4407], [-54.9787, 2.5976], [-54.8761, 2.4505], [-54.7224, 2.4418], [-54.6162, 2.3267], [-54.604, 2.3201], [-54.5665, 2.301], [-54.5507, 2.293], [-54.515, 2.2455], [-54.4549, 2.2175], [-54.3232, 2.1656], [-54.2929, 2.1542], [-54.2281, 2.1533], [-54.2018, 2.1462], [-54.1673, 2.137], [-54.1302, 2.121], [-54.1201, 2.1281], [-53.7677, 2.3548], [-53.5088, 2.2531], [-53.3346, 2.3397], [-53.2298, 2.2049], [-53.0099, 2.1818], [-52.7006, 2.3637], [-52.328, 3.1817], [-51.6527, 4.0611], [-51.5472, 4.3109], [-51.22, 4.0936], [-50.9942, 3.0775], [-50.6789, 2.2102], [-50.7145, 2.134], [-50.6087, 2.104], [-50.4589, 1.8296], [-49.9571, 1.6599], [-49.8987, 1.163], [-50.2944, 0.8358], [-50.7552, 0.2226], [-51.283, -0.0851], [-51.4043, -0.3927], [-51.7027, -0.7622], [-51.7207, -1.0184], [-51.9216, -1.1809], [-51.9806, -1.368], [-52.2294, -1.3626], [-52.6643, -1.5518], [-52.3104, -1.5596], [-52.1966, -1.6401], [-51.9475, -1.5866], [-50.8949, -0.9375], [-50.8384, -1.0387], [-50.9179, -1.1152], [-50.69, -1.7616], [-50.4031, -2.0155], [-49.9992, -1.8317], [-49.7195, -1.9265], [-49.3137, -1.7317], [-49.6367, -2.6568], [-49.4574, -2.5046], [-49.2111, -1.9166], [-48.9912, -1.8296], [-48.71, -1.4877], [-48.4631, -1.6139], [-48.3497, -1.4822], [-48.4681, -1.3938], [-48.4497, -1.1456], [-48.1149, -0.7374], [-47.9609, -0.7697], [-47.8075, -0.6635], [-47.6873, -0.7247], [-47.5573, -0.6699], [-47.4187, -0.7659], [-47.4605, -0.681], [-47.3982, -0.6267], [-46.8114, -0.7796], [-46.6173, -0.9705], [-46.2192, -1.0312], [-46.2149, -1.0998], [-46.0446, -1.1031], [-45.6446, -1.3478], [-45.4585, -1.3563], [-45.3293, -1.7172], [-45.0765, -1.4664], [-44.7212, -1.7335], [-44.7785, -1.7987], [-44.6514, -1.7458], [-44.5376, -2.0528], [-44.7565, -2.2656], [-44.6625, -2.3732], [-44.4354, -2.1681], [-44.3817, -2.3656], [-44.52, -2.4055], [-44.5891, -2.5734], [-44.723, -3.2048], [-44.4375, -2.9444], [-44.2287, -2.4713], [-44.1056, -2.4933], [-44.1927, -2.8096], [-43.9328, -2.5834], [-43.4551, -2.502], [-43.3802, -2.376], [-42.9367, -2.4651], [-42.2495, -2.792], [-41.8761, -2.7466], [-41.4798, -2.9165], [-40.4747, -2.7957], [-39.9645, -2.8616], [-38.4759, -3.7175], [-38.049, -4.2163], [-37.6263, -4.5921], [-37.3016, -4.7131], [-37.1745, -4.9125], [-36.5906, -5.0975], [-35.9801, -5.0545], [-35.5495, -5.1294], [-35.3925, -5.2508], [-35.2356, -5.5668], [-34.8338, -7.0244], [-34.8345, -7.9714], [-35.1578, -8.9307], [-35.3407, -9.2308], [-35.7641, -9.7025], [-35.8908, -9.6869], [-35.8854, -9.8478], [-36.3984, -10.4841], [-36.7685, -10.6717], [-37.0935, -11.0547], [-37.1828, -11.0684], [-37.1814, -11.1875], [-37.356, -11.4038], [-37.3218, -11.2151], [-37.3592, -11.2524], [-37.6886, -12.0999], [-38.0191, -12.5913], [-38.4018, -12.9662], [-38.499, -12.9566], [-38.5249, -12.7623], [-38.6909, -12.6239], [-38.8518, -12.7902], [-38.7636, -12.9072], [-39.0894, -13.5882], [-38.9886, -13.615], [-39.048, -14.0439], [-39.0084, -14.1013], [-38.9425, -14.0307], [-39.0595, -14.6548], [-38.8806, -15.8644], [-39.2028, -17.1781], [-39.1542, -17.704], [-39.4868, -17.9902], [-39.6506, -18.2523], [-39.7399, -18.6398], [-39.6999, -19.2778], [-39.7835, -19.5719], [-40.0013, -19.742], [-40.3958, -20.5695], [-40.7893, -20.9061], [-40.9545, -21.2379], [-41.0474, -21.5057], [-41.0003, -21.9992], [-41.7055, -22.3097], [-41.9805, -22.5806], [-41.9409, -22.7884], [-42.0425, -22.9472], [-42.9583, -22.9671], [-43.0811, -22.9026], [-43.0656, -22.7708], [-43.1541, -22.7252], [-43.242, -22.7951], [-43.2243, -22.9913], [-43.899, -23.1015], [-43.9739, -23.0574], [-43.6761, -23.0095], [-43.8662, -22.9105], [-44.6373, -23.0555], [-44.6737, -23.2066], [-44.5697, -23.274], [-44.9516, -23.3814], [-45.3253, -23.5996], [-45.4643, -23.8027], [-45.9722, -23.7955], [-46.8672, -24.2362], [-47.1372, -24.4933], [-47.9893, -25.0357], [-47.9083, -25.0681], [-47.9295, -25.1683], [-48.2028, -25.4166], [-48.1859, -25.3097], [-48.4026, -25.2721], [-48.476, -25.443], [-48.7316, -25.3689], [-48.692, -25.4916], [-48.4011, -25.5973], [-48.5451, -25.8158], [-48.6657, -25.8443], [-48.5765, -25.9354], [-48.6193, -26.1793], [-48.7482, -26.2687], [-48.6517, -26.4065], [-48.6776, -26.7029], [-48.5541, -27.196], [-48.6427, -27.5579], [-48.6207, -28.0756], [-48.7997, -28.5753], [-49.2713, -28.8713], [-49.7461, -29.3631], [-50.0334, -29.801], [-50.2994, -30.4257], [-50.9215, -31.2583], [-52.0393, -32.1148], [-52.0631, -31.8303], [-51.8932, -31.8678], [-51.6808, -31.7746], [-51.2722, -31.477], [-51.1742, -31.3397], [-51.1613, -31.1189], [-50.9802, -31.0943], [-50.941, -30.9037], [-50.6893, -30.7043], [-50.7163, -30.4259], [-50.582, -30.4389], [-50.5637, -30.2535], [-51.0248, -30.3686], [-51.0403, -30.2606], [-51.1793, -30.211], [-51.2981, -30.0348], [-51.2819, -30.2441], [-51.1573, -30.3642], [-51.2876, -30.5913], [-51.283, -30.7516], [-51.3589, -30.6746], [-51.5062, -31.1045], [-51.9724, -31.3838], [-52.1934, -31.8855], [-52.1275, -32.1678], [-52.3417, -32.4397], [-52.6524, -33.1376], [-53.3706, -33.7422], [-53.5315, -33.6555], [-53.5315, -33.171], [-53.1254, -32.7367], [-53.6017, -32.4031], [-53.7616, -32.0568], [-54.2206, -31.8552], [-54.5878, -31.4853], [-55.1735, -31.2795], [-55.603, -30.8507], [-55.8078, -31.0366], [-56.0047, -31.0792], [-56.0447, -30.7777], [-56.8327, -30.1072], [-57.1204, -30.1443], [-57.2143, -30.2834], [-57.5524, -30.2612], [-57.6089, -30.1877], [-56.9386, -29.5948], [-55.8906, -28.37], [-55.6872, -28.3816], [-55.7254, -28.2041], [-55.1015, -27.8667], [-54.829, -27.5506], [-54.3271, -27.4236], [-54.1565, -27.2538], [-53.8382, -27.1212], [-53.7173, -26.8827], [-53.6687, -26.2883], [-53.8912, -25.6688], [-54.1547, -25.523], [-54.4441, -25.6251], [-54.6158, -25.5761], [-54.4362, -25.1212], [-54.281, -24.306], [-54.3181, -24.1281], [-54.2418, -24.0472], [-54.6256, -23.8126], [-55.1944, -24.0175], [-55.4158, -23.9514], [-55.6508, -22.8864], [-55.6177, -22.6714], [-55.8492, -22.3076], [-56.2459, -22.2647], [-56.4479, -22.0762], [-56.6329, -22.2349], [-56.9371, -22.2713], [-57.9559, -22.1092], [-57.9458, -21.4941], [-57.8303, -20.9979], [-58.1597, -20.1648], [-57.8609, -19.9796], [-58.1316, -19.7446], [-57.8004, -19.0809], [-57.7169, -19.0441], [-57.7831, -18.9142], [-57.4955, -18.2146], [-57.8324, -17.512], [-57.9908, -17.5129], [-58.3958, -17.2343], [-58.4783, -16.7008], [-58.3505, -16.4908], [-58.3454, -16.2844], [-60.1757, -16.2693], [-60.2423, -15.4796], [-60.5832, -15.0984], [-60.2732, -15.0889], [-60.2988, -14.6185], [-60.4745, -14.1848], [-60.405, -14.0192], [-60.5065, -13.7898], [-61.0771, -13.4898], [-61.7899, -13.5256], [-62.1179, -13.1597], [-62.7655, -12.9973], [-63.0154, -12.8055], [-63.0676, -12.6692], [-63.3466, -12.6802], [-63.6886, -12.4781], [-63.9384, -12.5297], [-64.4204, -12.4398], [-64.5133, -12.2509], [-64.9925, -11.9751], [-65.0904, -11.7412], [-65.1858, -11.7495], [-65.3899, -11.2462], [-65.3237, -11.0249], [-65.4472, -10.5073], [-65.2985, -10.1468], [-65.396, -9.7124], [-65.5588, -9.7976], [-66.5754, -9.9], [-67.4171, -10.3898], [-67.7216, -10.6831], [-68.0716, -10.7033], [-68.311, -10.9752], [-68.6227, -11.1092], [-68.7275, -11.1224], [-68.8484, -11.0112], [-69.5785, -10.9518], [-69.9605, -10.9299], [-70.2903, -11.0643], [-70.5333, -10.947], [-70.6423, -11.0103], [-70.6369, -9.8238], [-70.5412, -9.4375], [-71.2378, -9.9661], [-72.1428, -10.0052], [-72.379, -9.5102], [-73.2095, -9.4114], [-72.9705, -9.1202], [-72.9741, -8.9931], [-73.3024, -8.654], [-73.3603, -8.4792], [-73.549, -8.3457], [-73.7754, -7.9363], [-73.7203, -7.7825], [-74.0022, -7.556], [-73.9644, -7.379], [-73.7203, -7.3094], [-73.8046, -7.0798], [-73.7581, -6.9057], [-73.1375, -6.4659], [-73.2354, -6.0984], [-72.9798, -5.6349], [-72.8869, -5.1227], [-71.8447, -4.5043], [-70.9735, -4.3505], [-70.7997, -4.1733], [-70.4047, -4.15], [-70.2391, -4.3012], [-70.0534, -4.3331], [-69.9659, -4.2359], [-69.4003, -1.1949], [-69.612, -0.7627], [-69.634, -0.5093], [-70.0707, -0.1388], [-70.0537, 0.5786], [-69.472, 0.7301], [-69.283, 0.6272], [-69.1534, 0.6588], [-69.1631, 0.8641], [-69.3118, 1.0505], [-69.8521, 1.0595], [-69.8485, 1.7088], [-69.5429, 1.7732], [-68.1767, 1.7199], [-68.2559, 1.8456], [-68.194, 1.987], [-67.9362, 1.7486], [-67.556, 2.073], [-67.4005, 2.1167], [-67.1194, 1.7036], [-67.0823, 1.1853], [-66.876, 1.223], [-66.3472, 0.7672], [-66.0599, 0.7855], [-65.6815, 0.9835], [-65.5231, 0.8434], [-65.5559, 0.6879], [-65.4734, 0.6914], [-65.1037, 1.1081], [-64.2052, 1.5293], [-64.0086, 1.9317], [-63.4326, 2.1556], [-63.3894, 2.4117], [-64.0464, 2.5025], [-64.009, 2.6719], [-64.2188, 3.2046], [-64.221, 3.5875], [-64.6688, 4.0118], [-64.7887, 4.2762], [-64.5763, 4.1398], [-64.1926, 4.1267], [-64.0216, 3.929], [-63.3386, 3.9438], [-62.9686, 3.5939], [-62.857, 3.5935], [-62.7644, 3.673], [-62.7122, 4.0179], [-62.4106, 4.1566], [-62.1532, 4.0983], [-61.8209, 4.197], [-61.5541, 4.2878], [-61.2802, 4.5169], [-61.003, 4.5353], [-60.6037, 4.9493], [-60.742, 5.2021]]], [[[-38.787, -13.0551], [-38.6682, -12.8801], [-38.6145, -12.924], [-38.6012, -12.9926], [-38.783, -13.1186], [-38.787, -13.0551]]], [[[-38.9774, -13.5235], [-39.0066, -13.4156], [-38.9072, -13.4011], [-38.9036, -13.4735], [-38.9774, -13.5235]]], [[[-44.1557, -23.1666], [-44.3202, -23.2124], [-44.3601, -23.1721], [-44.2428, -23.0742], [-44.0981, -23.1693], [-44.1557, -23.1666]]], [[[-44.5653, -2.924], [-44.5689, -2.7851], [-44.4815, -2.7176], [-44.4995, -2.9397], [-44.5977, -3.0376], [-44.5653, -2.924]]], [[[-44.9678, -1.3909], [-45.0207, -1.3725], [-44.9786, -1.2673], [-44.8883, -1.2768], [-44.9678, -1.3909]]], [[[-45.3026, -23.9148], [-45.4513, -23.8957], [-45.3023, -23.7277], [-45.2331, -23.8254], [-45.3026, -23.9148]]], [[[-49.403, -0.2148], [-49.1168, -0.1634], [-48.3925, -0.2974], [-48.4976, -0.6648], [-48.5667, -0.6845], [-48.5711, -0.8927], [-48.8396, -1.2267], [-48.8335, -1.39], [-49.0383, -1.5141], [-49.1726, -1.4126], [-49.2338, -1.5995], [-49.5067, -1.5117], [-49.5881, -1.7123], [-49.8051, -1.7902], [-50.0658, -1.7038], [-50.5075, -1.788], [-50.7599, -1.2402], [-50.7296, -1.1269], [-50.577, -1.1033], [-50.7095, -1.0778], [-50.7962, -0.9063], [-50.6454, -0.2729], [-50.2483, -0.1164], [-49.403, -0.2148]]], [[[-48.5423, -27.5747], [-48.4148, -27.3996], [-48.4094, -27.5662], [-48.5545, -27.8122], [-48.5423, -27.5747]]], [[[-48.6657, -26.2897], [-48.5397, -26.1702], [-48.4976, -26.2188], [-48.6031, -26.4138], [-48.6657, -26.2897]]], [[[-49.83, -0.0938], [-49.5035, 0.0837], [-49.3724, 0.0011], [-49.4441, -0.1124], [-49.83, -0.0938]]], [[[-49.839, 0.007], [-50.2858, 0.0285], [-50.3452, 0.1344], [-50.2728, 0.2318], [-49.7382, 0.2682], [-49.6971, 0.216], [-49.839, 0.007]]], [[[-50.2814, 0.3908], [-50.2512, 0.5853], [-50.059, 0.6379], [-50.0399, 0.5227], [-50.1529, 0.393], [-50.2814, 0.3908]]], [[[-50.456, 1.9105], [-50.491, 2.1287], [-50.3628, 2.1544], [-50.2991, 1.9386], [-50.456, 1.9105]]], [[[-50.6238, 0.0544], [-50.6105, 0.2047], [-50.4517, 0.3269], [-50.4247, 0.5583], [-50.3509, 0.5817], [-50.3322, 0.259], [-50.4438, -0.0076], [-50.6238, 0.0544]]], [[[-51.0191, -0.2632], [-50.995, -0.1053], [-50.667, -0.0579], [-50.653, -0.1315], [-50.9262, -0.3274], [-51.0191, -0.2632]]], [[[-51.8021, -1.2025], [-51.68, -1.0863], [-51.6782, -0.8551], [-51.5461, -0.6496], [-51.2542, -0.5414], [-51.1609, -0.6668], [-51.2765, -1.0217], [-51.6376, -1.3419], [-51.9385, -1.4527], [-51.8021, -1.2025]]]]}}, {"type": "Feature", "properties": {"SOVEREIGNT": "Botswana", "SOV_A3": "BWA", "mean": 0.262, "GERMAN_NAME": "Botswana", "NOTE_DE": null}, "geometry": {"type": "Polygon", "coordinates": [[[25.2589, -17.7935], [25.2423, -17.969], [25.9393, -18.9387], [26.1679, -19.5384], [26.6784, -19.8928], [27.178, -20.1009], [27.2806, -20.4787], [27.6997, -20.5306], [27.6694, -21.0643], [28.014, -21.5541], [29.0256, -21.7968], [29.0425, -22.0184], [29.3647, -22.1939], [29.13, -22.2133], [28.8398, -22.4808], [28.2102, -22.6936], [27.7584, -23.1968], [27.0855, -23.5779], [26.835, -24.2407], [26.3972, -24.6136], [25.9123, -24.7475], [25.584, -25.6063], [25.4436, -25.7145], [24.748, -25.8174], [23.8938, -25.601], [23.3894, -25.2913], [23.0575, -25.3121], [22.8789, -25.4579], [22.5978, -26.1326], [21.6949, -26.8409], [20.6851, -26.8225], [20.6268, -26.444], [20.815, -26.1649], [20.7931, -25.9156], [20.4306, -25.1471], [19.9806, -24.7767], [19.9773, -22.0002], [20.9796, -21.962], [20.9742, -18.3187], [23.2195, -17.9997], [23.5996, -18.46], [24.244, -18.0235], [24.3589, -17.9782], [24.5306, -18.0527], [24.909, -17.8215], [25.2589, -17.7935]]]}}, {"type": "Feature", "properties": {"SOVEREIGNT": "Bosnia and Herzegovina", "SOV_A3": "BIH", "mean": 2.462, "GERMAN_NAME": "Bosnien und Herzegowina", "NOTE_DE": null}, "geometry": {"type": "Polygon", "coordinates": [[[19.1943, 43.5334], [18.9506, 43.5266], [19.0266, 43.2925], [18.8512, 43.3465], [18.6741, 43.2309], [18.6237, 43.0276], [18.4603, 42.9978], [18.546, 42.6416], [18.4362, 42.5597], [17.8018, 42.9021], [17.6676, 42.8971], [17.5851, 42.9384], [17.6506, 43.0066], [17.2932, 43.3057], [17.2737, 43.4457], [17.0847, 43.5166], [16.3003, 44.1246], [16.1034, 44.521], [15.7365, 44.7657], [15.788, 45.179], [16.0285, 45.1897], [16.2934, 45.0089], [16.5307, 45.2168], [16.791, 45.1968], [16.9188, 45.2765], [17.1254, 45.1718], [17.6535, 45.1635], [17.8126, 45.0781], [17.9962, 45.1418], [18.6626, 45.0774], [18.8365, 44.8832], [19.0071, 44.8691], [19.3488, 44.8808], [19.1184, 44.3599], [19.5838, 44.0433], [19.2451, 43.9651], [19.4953, 43.6429], [19.4514, 43.562], [19.1943, 43.5334]]]}}, {"type": "Feature", "properties": {"SOVEREIGNT": "Bolivia", "SOV_A3": "BOL", "mean": 0.975, "GERMAN_NAME": "Bolivien", "NOTE_DE": null}, "geometry": {"type": "Polygon", "coordinates": [[[-69.5108, -17.5059], [-69.625, -17.2001], [-69.0205, -16.6421], [-69.0328, -16.476], [-68.8427, -16.3378], [-69.2174, -16.1492], [-69.4208, -15.6406], [-69.1724, -15.2366], [-69.3748, -14.963], [-69.3596, -14.7952], [-68.8708, -14.1699], [-69.0742, -13.6828], [-68.9834, -13.4964], [-68.9788, -12.8801], [-68.7592, -12.6873], [-68.6854, -12.5021], [-69.5785, -10.9518], [-68.8484, -11.0112], [-68.7275, -11.1224], [-68.6227, -11.1092], [-68.311, -10.9752], [-68.0716, -10.7033], [-67.7216, -10.6831], [-67.4171, -10.3898], [-66.5754, -9.9], [-65.5588, -9.7976], [-65.396, -9.7124], [-65.2985, -10.1468], [-65.4472, -10.5073], [-65.3237, -11.0249], [-65.3899, -11.2462], [-65.1858, -11.7495], [-65.0904, -11.7412], [-64.9925, -11.9751], [-64.5133, -12.2509], [-64.4204, -12.4398], [-63.9384, -12.5297], [-63.6886, -12.4781], [-63.3466, -12.6802], [-63.0676, -12.6692], [-63.0154, -12.8055], [-62.7655, -12.9973], [-62.1179, -13.1597], [-61.7899, -13.5256], [-61.0771, -13.4898], [-60.5065, -13.7898], [-60.405, -14.0192], [-60.4745, -14.1848], [-60.2988, -14.6185], [-60.2732, -15.0889], [-60.5832, -15.0984], [-60.2423, -15.4796], [-60.1757, -16.2693], [-58.3454, -16.2844], [-58.3505, -16.4908], [-58.4783, -16.7008], [-58.3958, -17.2343], [-57.9908, -17.5129], [-57.8324, -17.512], [-57.4955, -18.2146], [-57.7831, -18.9142], [-57.7169, -19.0441], [-57.8004, -19.0809], [-58.1316, -19.7446], [-57.8609, -19.9796], [-58.1597, -20.1648], [-58.1802, -19.8178], [-59.0906, -19.2864], [-60.0072, -19.2976], [-61.7568, -19.6453], [-61.917, -20.0552], [-62.2763, -20.5626], [-62.2766, -21.0661], [-62.651, -22.2336], [-62.8433, -21.9972], [-63.9218, -22.0287], [-64.3254, -22.8278], [-64.6055, -22.2288], [-64.9925, -22.1097], [-65.7712, -22.0997], [-66.2201, -21.8025], [-66.3652, -22.1139], [-66.7118, -22.2163], [-66.8004, -22.4096], [-67.0337, -22.5521], [-67.195, -22.8217], [-67.5798, -22.8918], [-67.8793, -22.8231], [-67.8818, -22.4933], [-68.1864, -21.6185], [-68.1968, -21.3004], [-68.4355, -20.9482], [-68.5583, -20.9019], [-68.5633, -20.7202], [-68.4845, -20.6284], [-68.7606, -20.4163], [-68.6886, -20.31], [-68.7559, -20.0908], [-68.5608, -19.9671], [-68.6983, -19.7211], [-68.4629, -19.4328], [-68.9683, -18.9679], [-69.1454, -18.144], [-69.094, -18.0504], [-69.3132, -17.9431], [-69.5108, -17.5059]]]}}, {"type": "Feature", "properties": {"SOVEREIGNT": "Bhutan", "SOV_A3": "BTN", "mean": 2.186, "GERMAN_NAME": "Bhutan", "NOTE_DE": null}, "geometry": {"type": "Polygon", "coordinates": [[[91.6318, 27.7601], [91.5976, 27.6771], [91.5929, 27.6604], [91.5792, 27.6115], [91.6581, 27.4935], [91.6948, 27.4714], [91.806, 27.4402], [91.909, 27.4499], [91.9511, 27.4582], [91.9907, 27.4501], [92.0015, 27.4331], [92.0451, 27.3647], [92.031, 27.2142], [92.031, 27.0408], [92.0483, 27.0103], [92.0681, 26.9752], [92.0735, 26.9148], [92.0523, 26.8796], [92.0498, 26.8749], [90.7397, 26.7718], [90.3459, 26.8903], [90.123, 26.7546], [89.61, 26.7194], [89.5452, 26.7963], [89.1481, 26.8162], [88.8576, 26.9615], [88.7388, 27.1755], [88.8915, 27.3161], [89.4808, 28.06], [89.9812, 28.3111], [90.3484, 28.244], [90.3527, 28.0803], [90.7156, 28.0718], [91.0209, 27.9701], [91.2729, 28.0784], [91.6419, 27.9232], [91.6318, 27.7601]]]}}, {"type": "Feature", "properties": {"SOVEREIGNT": "Benin", "SOV_A3": "BEN", "mean": 1.343, "GERMAN_NAME": "Benin", "NOTE_DE": null}, "geometry": {"type": "Polygon", "coordinates": [[[1.6227, 6.2168], [1.7779, 6.2947], [1.5986, 6.6101], [1.5309, 6.9924], [1.6249, 6.9973], [1.6, 9.0501], [1.3858, 9.3616], [1.33, 9.997], [0.7634, 10.3867], [0.9005, 10.9933], [1.0845, 11.0762], [1.1457, 11.2519], [1.3174, 11.2953], [1.4269, 11.4471], [1.9805, 11.4185], [2.2873, 11.6912], [2.3891, 11.897], [2.3661, 12.2219], [2.8053, 12.3839], [3.5955, 11.6962], [3.4879, 11.3954], [3.7165, 11.0795], [3.8345, 10.6074], [3.7719, 10.4177], [3.6466, 10.4091], [3.5779, 10.2926], [3.6459, 10.1602], [3.5573, 9.9073], [3.3547, 9.8129], [3.3295, 9.6671], [3.1361, 9.4517], [3.0451, 9.0837], [2.7747, 9.0485], [2.6861, 7.8738], [2.7851, 7.4769], [2.7214, 6.9803], [2.7747, 6.7116], [2.7063, 6.3692], [1.6227, 6.2168]]]}}, {"type": "Feature", "properties": {"SOVEREIGNT": "Belize", "SOV_A3": "BLZ", "mean": 1.301, "GERMAN_NAME": "Belize", "NOTE_DE": null}, "geometry": {"type": "MultiPolygon", "coordinates": [[[[-87.8529, 17.423], [-87.9299, 17.2831], [-87.8266, 17.5464], [-87.8529, 17.423]]], [[[-87.9504, 17.9249], [-87.9979, 17.9063], [-87.859, 18.1542], [-87.8485, 18.1405], [-87.9504, 17.9249]]], [[[-89.1615, 17.8149], [-89.1334, 17.9707], [-88.8979, 17.9145], [-88.8065, 17.9655], [-88.5228, 18.4459], [-88.2957, 18.4725], [-88.3493, 18.3588], [-88.1304, 18.3508], [-88.0854, 18.2262], [-88.2719, 17.6099], [-88.2035, 17.5167], [-88.2888, 17.3127], [-88.3133, 16.6327], [-88.8792, 16.0166], [-88.894, 15.8906], [-89.2374, 15.8944], [-89.1615, 17.8149]]]]}}, {"type": "Feature", "properties": {"SOVEREIGNT": "Belgium", "SOV_A3": "BEL", "mean": 1.995, "GERMAN_NAME": "Belgien", "NOTE_DE": null}, "geometry": {"type": "Polygon", "coordinates": [[[4.2262, 51.3865], [4.3738, 51.3561], [4.5034, 51.4746], [4.6341, 51.4217], [4.7558, 51.4911], [4.8479, 51.4033], [5.0308, 51.4691], [5.2141, 51.279], [5.4769, 51.2851], [5.7965, 51.1532], [5.7501, 50.9501], [5.6396, 50.8436], [5.7472, 50.7596], [5.9938, 50.7504], [6.2361, 50.5968], [6.203, 50.4992], [6.3409, 50.4518], [6.3646, 50.3163], [6.1753, 50.2328], [6.1166, 50.1208], [5.9762, 50.1672], [5.744, 49.9195], [5.7249, 49.8083], [5.8804, 49.6448], [5.7897, 49.5384], [5.5075, 49.5109], [5.2789, 49.6779], [4.8677, 49.7881], [4.79, 49.9596], [4.8188, 50.1531], [4.5452, 49.9601], [4.1492, 49.9716], [4.1747, 50.2465], [3.9497, 50.3361], [3.6895, 50.306], [3.5955, 50.4773], [3.2733, 50.5315], [3.107, 50.7793], [2.7592, 50.7505], [2.5969, 50.8758], [2.5249, 51.0971], [3.35, 51.3776], [3.4324, 51.2457], [3.5804, 51.2862], [3.9022, 51.2077], [4.2262, 51.3865]]]}}, {"type": "Feature", "properties": {"SOVEREIGNT": "Belarus", "SOV_A3": "BLR", "mean": 2.492, "GERMAN_NAME": "Belarus", "NOTE_DE": null}, "geometry": {"type": "Polygon", "coordinates": [[[31.7634, 52.101], [31.0794, 52.0771], [30.7554, 51.8952], [30.5329, 51.5963], [30.6326, 51.3554], [30.5444, 51.2652], [30.1607, 51.4779], [29.3463, 51.3827], [29.1019, 51.6276], [28.7311, 51.4333], [28.599, 51.5427], [28.1839, 51.6078], [27.8584, 51.5923], [27.7, 51.4779], [27.6896, 51.5724], [27.2961, 51.5974], [27.142, 51.752], [25.7856, 51.9238], [24.3618, 51.8674], [23.9784, 51.5913], [23.7069, 51.6413], [23.6086, 51.6105], [23.6054, 51.5179], [23.5449, 51.7102], [23.6526, 52.0405], [23.1752, 52.2866], [23.411, 52.5162], [23.8448, 52.6641], [23.9154, 52.7703], [23.8592, 53.112], [23.4848, 53.9398], [24.1915, 53.9505], [24.3178, 53.8931], [24.7682, 53.9747], [24.8694, 54.1451], [25.0461, 54.1331], [25.4612, 54.2928], [25.5105, 54.1597], [25.7492, 54.1569], [25.7481, 54.2597], [25.5472, 54.3319], [25.8594, 54.9194], [26.1751, 55.0032], [26.2917, 55.1396], [26.6013, 55.1301], [26.7756, 55.2731], [26.4577, 55.3423], [26.5934, 55.6676], [27.0524, 55.8306], [27.5769, 55.7988], [27.8962, 56.0762], [28.1479, 56.1428], [28.2843, 56.0559], [28.564, 56.092], [28.7948, 55.9425], [29.0317, 56.0217], [29.3751, 55.9387], [29.3535, 55.7844], [29.482, 55.6846], [29.9371, 55.8453], [30.2337, 55.8452], [30.9069, 55.5701], [30.9005, 55.3975], [30.8105, 55.3069], [30.9779, 55.0504], [30.7989, 54.7833], [31.1521, 54.6254], [31.0747, 54.4917], [31.4037, 54.196], [31.826, 54.0307], [31.7544, 53.8105], [32.4503, 53.693], [32.4697, 53.5468], [32.7066, 53.4194], [32.7044, 53.3363], [32.1421, 53.0912], [31.4178, 53.1961], [31.2587, 53.0168], [31.565, 52.7594], [31.5773, 52.3123], [31.7634, 52.101]]]}}, {"type": "Feature", "properties": {"SOVEREIGNT": "Barbados", "SOV_A3": "BRB", "mean": 0.903, "GERMAN_NAME": "Barbados", "NOTE_DE": null}, "geometry": {"type": "Polygon", "coordinates": [[[-59.4935, 13.0819], [-59.6112, 13.1021], [-59.6468, 13.3031], [-59.4276, 13.1528], [-59.4935, 13.0819]]]}}, {"type": "Feature", "properties": {"SOVEREIGNT": "Bangladesh", "SOV_A3": "BGD", "mean": 0.902, "GERMAN_NAME": "Bangladesch", "NOTE_DE": null}, "geometry": {"type": "MultiPolygon", "coordinates": [[[[89.0513, 22.0932], [88.8504, 23.0405], [88.9282, 23.1865], [88.7244, 23.255], [88.741, 23.4366], [88.5675, 23.6744], [88.7237, 24.2749], [88.1455, 24.4858], [88.0235, 24.6278], [88.1499, 24.9145], [88.3133, 24.8817], [88.4562, 25.1886], [88.8173, 25.1762], [88.9516, 25.2594], [88.7691, 25.4904], [88.5023, 25.5371], [88.0847, 25.8884], [88.1509, 26.0873], [88.4404, 26.3695], [88.3461, 26.5047], [88.4181, 26.5715], [88.6827, 26.2917], [88.8281, 26.2522], [88.9703, 26.2509], [88.9242, 26.375], [89.0185, 26.4103], [89.1863, 26.106], [89.3695, 26.0062], [89.5499, 26.0053], [89.5859, 26.186], [89.6709, 26.2138], [89.8228, 25.9415], [89.8332, 25.2929], [90.4395, 25.1578], [92.0498, 25.1695], [92.4684, 24.944], [92.4432, 24.8494], [92.2283, 24.8813], [92.102, 24.408], [91.9518, 24.3568], [91.877, 24.1954], [91.3672, 24.0934], [91.1606, 23.6607], [91.3154, 23.1044], [91.3686, 23.0745], [91.3704, 23.1979], [91.4363, 23.1999], [91.6196, 22.9796], [91.751, 23.0535], [91.7542, 23.2873], [91.9378, 23.5048], [91.9295, 23.686], [92.246, 23.6836], [92.3615, 22.9289], [92.4915, 22.6854], [92.575, 21.9781], [92.6315, 21.3061], [92.5685, 21.2632], [92.3306, 21.4397], [92.1797, 21.2931], [92.3241, 20.7918], [92.0562, 21.1747], [92.008, 21.6848], [91.8248, 22.2286], [91.8633, 22.3504], [91.797, 22.2973], [91.4802, 22.8848], [91.2164, 22.6422], [90.9456, 22.5971], [90.6562, 23.0254], [90.604, 23.5914], [90.5558, 23.4217], [90.2692, 23.4559], [90.591, 23.2665], [90.595, 23.1339], [90.4661, 23.0539], [90.5522, 22.9048], [90.4618, 22.8817], [90.4352, 22.7519], [90.6162, 22.3621], [90.2307, 21.8297], [90.0712, 21.8872], [90.2094, 22.1566], [89.9542, 22.0229], [89.9182, 22.1161], [89.8937, 22.3083], [89.9851, 22.4665], [89.8818, 22.3877], [89.812, 21.9835], [89.5686, 21.7674], [89.4833, 22.2755], [89.5006, 21.9144], [89.3537, 21.7211], [89.2342, 21.7225], [89.0938, 21.8728], [89.0513, 22.0932]]], [[[91.9493, 21.508], [91.8593, 21.5331], [91.8572, 21.7088], [91.9338, 21.7221], [91.9493, 21.508]]], [[[91.8737, 21.8322], [91.8377, 21.7502], [91.8507, 21.9271], [91.8824, 21.8837], [91.8737, 21.8322]]], [[[91.5569, 22.3822], [91.4669, 22.3784], [91.4115, 22.4757], [91.4561, 22.6165], [91.5569, 22.3822]]], [[[91.1508, 22.1751], [91.0446, 22.1052], [91.0796, 22.5198], [91.1782, 22.2829], [91.1508, 22.1751]]], [[[90.7775, 22.0892], [90.5151, 22.0651], [90.6803, 22.3273], [90.5028, 22.8354], [90.5964, 22.8635], [90.8682, 22.4849], [90.7775, 22.0892]]], [[[90.6418, 22.9629], [90.6594, 22.9201], [90.5363, 23.0148], [90.5799, 23.0355], [90.6418, 22.9629]]]]}}, {"type": "Feature", "properties": {"SOVEREIGNT": "Bahrain", "SOV_A3": "BHR", "mean": 0.929, "GERMAN_NAME": "Bahrain", "NOTE_DE": null}, "geometry": {"type": "Polygon", "coordinates": [[[50.6072, 25.8832], [50.5748, 25.8068], [50.4658, 25.9656], [50.4701, 26.2289], [50.586, 26.2407], [50.6072, 25.8832]]]}}, {"type": "Feature", "properties": {"SOVEREIGNT": "The Bahamas", "SOV_A3": "BHS", "mean": 0.831, "GERMAN_NAME": "Bahamas", "NOTE_DE": null}, "geometry": {"type": "MultiPolygon", "coordinates": [[[[-73.041, 22.4291], [-72.8308, 22.3857], [-72.7473, 22.3273], [-73.162, 22.3806], [-73.1274, 22.4554], [-73.041, 22.4291]]], [[[-72.9161, 21.5066], [-73.0493, 21.4576], [-73.0626, 21.5152], [-72.9949, 21.5618], [-72.9161, 21.5066]]], [[[-73.027, 21.1924], [-73.1645, 20.9791], [-73.6811, 20.9756], [-73.6804, 21.1034], [-73.5231, 21.1909], [-73.2354, 21.1544], [-73.0587, 21.3134], [-73.027, 21.1924]]], [[[-74.2067, 22.2137], [-74.2769, 22.1836], [-73.9065, 22.5275], [-73.9543, 22.7156], [-73.8499, 22.7311], [-73.8366, 22.5384], [-74.2067, 22.2137]]], [[[-74.0577, 22.7234], [-74.0987, 22.6655], [-74.2747, 22.7116], [-74.3071, 22.8395], [-74.0577, 22.7234]]], [[[-74.4295, 24.068], [-74.5087, 23.9597], [-74.5509, 23.9689], [-74.5267, 24.105], [-74.4295, 24.068]]], [[[-74.8407, 22.8944], [-74.9735, 23.0685], [-75.2233, 23.1653], [-75.1305, 23.2681], [-75.3159, 23.6683], [-75.0642, 23.15], [-74.8457, 22.9999], [-74.8407, 22.8944]]], [[[-75.3083, 24.2001], [-75.3018, 24.1492], [-75.5031, 24.1392], [-75.4091, 24.2659], [-75.7266, 24.6894], [-75.6535, 24.6809], [-75.3083, 24.2001]]], [[[-75.6647, 23.4501], [-76.0369, 23.6029], [-76.0103, 23.6714], [-75.7543, 23.4901], [-75.6647, 23.4501]]], [[[-76.6489, 25.4874], [-76.3437, 25.3321], [-76.1266, 25.1406], [-76.1694, 24.6495], [-76.3199, 24.8176], [-76.2137, 24.8223], [-76.1604, 25.1195], [-76.3692, 25.3126], [-76.7807, 25.4269], [-76.7109, 25.5648], [-76.6489, 25.4874]]], [[[-77.2257, 25.9043], [-77.4031, 26.0248], [-77.2469, 26.1563], [-77.2386, 26.5611], [-77.5104, 26.8461], [-77.9439, 26.9035], [-77.5338, 26.9035], [-77.0662, 26.5302], [-77.0385, 26.3334], [-77.1673, 26.2403], [-77.2257, 25.9043]]], [[[-77.3477, 25.0139], [-77.4604, 24.9931], [-77.5619, 25.0301], [-77.2692, 25.044], [-77.3477, 25.0139]]], [[[-77.6577, 24.2496], [-77.7552, 24.1635], [-77.6832, 24.1184], [-77.6155, 24.2164], [-77.5615, 24.1369], [-77.5187, 23.8695], [-77.5738, 23.7391], [-77.7714, 23.7525], [-77.8524, 24.0403], [-78.0, 24.2199], [-77.6577, 24.2496]]], [[[-77.7437, 24.7074], [-77.7451, 24.4636], [-78.045, 24.2876], [-78.1458, 24.4934], [-78.2578, 24.4828], [-78.4353, 24.6276], [-78.319, 24.5903], [-78.2427, 24.6538], [-78.2988, 24.7539], [-78.184, 24.9171], [-78.1627, 25.2024], [-77.9752, 25.0849], [-77.7437, 24.7074]]], [[[-78.4929, 26.7291], [-77.9439, 26.7444], [-77.9226, 26.6911], [-78.7438, 26.5007], [-78.9857, 26.6894], [-78.7981, 26.5824], [-78.6333, 26.6592], [-78.5973, 26.798], [-78.4929, 26.7291]]]]}}, {"type": "Feature", "properties": {"SOVEREIGNT": "Azerbaijan", "SOV_A3": "AZE", "mean": 1.854, "GERMAN_NAME": "Aserbaidschan", "NOTE_DE": null}, "geometry": {"type": "MultiPolygon", "coordinates": [[[[47.3219, 39.4147], [47.2927, 39.5317], [47.0695, 40.2069], [46.8027, 40.3843], [46.3124, 40.2442], [45.9647, 40.2338], [45.4545, 40.5323], [45.3789, 40.6736], [45.5874, 40.847], [45.4193, 40.9857], [45.0704, 41.0756], [45.1885, 41.1474], [45.0013, 41.2909], [45.281, 41.4494], [45.7155, 41.3376], [45.7256, 41.2616], [45.9218, 41.1866], [46.1706, 41.1977], [46.5345, 41.0886], [46.6724, 41.2868], [46.1821, 41.6572], [46.4298, 41.891], [46.5713, 41.8002], [46.7495, 41.8127], [47.1426, 41.5161], [47.3175, 41.2824], [47.7909, 41.1993], [48.0559, 41.4586], [48.3914, 41.602], [48.5729, 41.8444], [49.0509, 41.3739], [49.2266, 41.0263], [49.4567, 40.7999], [49.776, 40.5839], [50.1824, 40.5047], [50.366, 40.2794], [49.9189, 40.3164], [49.5513, 40.1942], [49.3245, 39.6082], [49.3627, 39.3496], [49.1654, 39.0303], [49.0135, 39.1341], [48.8544, 38.8387], [48.8688, 38.4355], [48.5927, 38.4112], [47.9965, 38.8536], [48.2921, 39.0188], [48.1045, 39.2412], [48.3223, 39.3991], [47.9958, 39.6839], [47.3219, 39.4147]], [[45.5143, 40.5995], [45.5525, 40.6161], [45.5622, 40.6493], [45.4787, 40.6484], [45.5143, 40.5995]]], [[[46.4003, 39.1922], [46.4204, 39.2073], [46.4006, 39.1874], [46.4003, 39.1922]]], [[[46.3653, 39.4024], [46.3776, 39.4338], [46.3725, 39.3911], [46.3653, 39.4024]]], [[[44.7684, 39.7034], [45.0315, 39.7651], [45.1727, 39.5706], [45.4567, 39.4944], [45.7843, 39.5456], [45.7663, 39.3784], [45.9773, 39.2439], [46.1144, 38.8779], [45.4797, 39.0063], [45.1413, 39.2544], [44.8173, 39.6504], [44.7684, 39.7034]]], [[[45.9312, 40.1046], [45.8581, 40.0113], [45.9549, 40.1508], [45.9312, 40.1046]]], [[[45.0287, 41.0539], [44.9689, 41.0273], [44.9613, 41.0792], [45.0211, 41.078], [45.0287, 41.0539]]]]}}, {"type": "Feature", "properties": {"SOVEREIGNT": "Austria", "SOV_A3": "AUT", "mean": 2.228, "GERMAN_NAME": "Österreich", "NOTE_DE": null}, "geometry": {"type": "Polygon", "coordinates": [[[9.5276, 47.2707], [9.6259, 47.4671], [9.524, 47.5242], [9.749, 47.5757], [9.9715, 47.5052], [10.2004, 47.3634], [10.1832, 47.2787], [10.3693, 47.366], [10.4395, 47.5516], [10.8729, 47.5202], [11.0421, 47.3931], [11.7168, 47.5835], [12.1855, 47.6196], [12.2092, 47.7184], [12.4828, 47.6373], [12.6859, 47.6694], [13.0142, 47.478], [13.0542, 47.6552], [12.8976, 47.7218], [12.9534, 47.8907], [12.7604, 48.107], [13.3746, 48.3613], [13.4865, 48.5819], [13.7238, 48.5425], [13.8148, 48.767], [14.0492, 48.6025], [14.6914, 48.5992], [14.8218, 48.774], [14.9226, 48.7714], [14.9722, 48.9838], [15.0669, 48.9979], [15.8251, 48.8644], [16.0573, 48.7547], [16.5436, 48.7962], [16.8838, 48.7037], [16.953, 48.5989], [16.8655, 48.3868], [17.1474, 48.006], [17.03, 47.8371], [17.0667, 47.7076], [16.7859, 47.6788], [16.5908, 47.7507], [16.4212, 47.6745], [16.6765, 47.536], [16.4428, 47.3995], [16.4533, 47.0068], [16.0929, 46.8634], [15.977, 46.8014], [15.9576, 46.6775], [14.8934, 46.6058], [14.55, 46.3996], [13.7, 46.5203], [12.3882, 46.7027], [12.1542, 46.9353], [12.1693, 47.0821], [11.7758, 46.9861], [11.2444, 46.9757], [10.9932, 46.7771], [10.4528, 46.865], [10.3495, 46.9847], [10.1335, 46.8516], [9.5801, 47.0574], [9.5276, 47.2707]]]}}, {"type": "Feature", "properties": {"SOVEREIGNT": "Australia", "SOV_A3": "AUS", "mean": 0.825, "GERMAN_NAME": "Australien", "NOTE_DE": null}, "geometry": {"type": "MultiPolygon", "coordinates": [[[[158.8788, -54.7097], [158.8453, -54.7491], [158.9591, -54.4723], [158.9457, -54.575], [158.8788, -54.7097]]], [[[143.1788, -11.9545], [143.1104, -12.3034], [143.4016, -12.6399], [143.5867, -13.4437], [143.5485, -13.741], [143.7562, -14.3488], [143.9618, -14.4628], [144.473, -14.2318], [144.648, -14.4925], [145.2877, -14.9433], [145.2715, -15.4766], [145.458, -16.0565], [145.4259, -16.4061], [145.7546, -16.8795], [145.9123, -16.9125], [145.9018, -17.0703], [146.1258, -17.6352], [146.0322, -18.2727], [146.3331, -18.5537], [146.2968, -18.8412], [146.3835, -18.9771], [146.692, -19.1872], [147.0027, -19.256], [147.1388, -19.3933], [147.4185, -19.3782], [147.7425, -19.7701], [148.6004, -20.1453], [148.7595, -20.2896], [148.8848, -20.4808], [148.73, -20.4678], [148.6836, -20.5801], [149.2048, -21.1251], [149.3294, -21.476], [149.454, -21.5786], [149.5242, -22.0236], [149.7038, -22.4405], [149.8226, -22.3899], [149.9745, -22.5506], [149.9418, -22.3081], [150.0206, -22.1684], [150.5412, -22.5591], [150.6229, -22.3673], [150.764, -22.5761], [150.8432, -23.458], [151.1539, -23.7841], [151.8318, -24.1229], [152.1299, -24.5976], [152.4564, -24.8024], [152.6544, -25.2019], [152.9136, -25.4323], [152.9204, -25.6886], [153.1649, -25.9641], [153.0842, -26.3039], [153.162, -26.9827], [153.117, -27.1944], [153.5756, -28.2405], [153.617, -28.673], [153.6044, -28.8546], [153.3481, -29.2904], [153.2725, -29.8925], [153.0306, -30.5635], [153.0479, -30.9072], [152.9438, -31.435], [152.7858, -31.7863], [152.5593, -32.0457], [152.4704, -32.4392], [152.1367, -32.6782], [152.1644, -32.7573], [151.8131, -32.9011], [151.4322, -33.5216], [151.2921, -33.5809], [151.2803, -33.9266], [151.1247, -34.0053], [151.2317, -34.0297], [150.9602, -34.297], [150.8713, -34.4991], [150.8047, -35.013], [150.6974, -35.042], [150.6902, -35.1777], [150.5675, -35.2143], [150.1952, -35.8336], [149.9601, -36.8455], [149.9328, -37.5286], [149.481, -37.7713], [148.2624, -37.8306], [147.8768, -37.9342], [146.8569, -38.6636], [146.2176, -38.7274], [146.3367, -38.8942], [146.4667, -38.8402], [146.484, -39.065], [146.4001, -39.1454], [146.1585, -38.8658], [145.9353, -38.9017], [145.791, -38.667], [145.3971, -38.5355], [145.5422, -38.394], [145.4756, -38.2437], [145.2927, -38.2375], [145.1912, -38.3836], [144.9597, -38.5008], [144.7178, -38.3402], [144.9115, -38.344], [145.1199, -38.0913], [144.8913, -37.8999], [144.3956, -38.1368], [144.6652, -38.2099], [143.5388, -38.8208], [142.4559, -38.3864], [142.1877, -38.3996], [141.7251, -38.2713], [141.5941, -38.3879], [141.4242, -38.3635], [141.0109, -38.0769], [140.6271, -38.0283], [140.3906, -37.8968], [139.7844, -37.2457], [139.7386, -37.0597], [139.8574, -36.6622], [139.7289, -36.3713], [139.4658, -36.0105], [138.969, -35.5807], [139.1781, -35.5231], [139.2894, -35.6113], [139.2825, -35.3754], [139.1929, -35.3473], [138.5218, -35.6423], [138.1845, -35.6127], [138.511, -35.0244], [138.4898, -34.7636], [138.0891, -34.1698], [137.6917, -35.143], [136.8835, -35.2398], [137.0142, -34.916], [137.3911, -34.9134], [137.493, -34.5976], [137.4937, -34.1611], [137.6503, -33.859], [137.9318, -33.5792], [137.8522, -33.2008], [137.9926, -33.0942], [137.7831, -32.5782], [137.791, -32.8233], [137.4422, -33.1937], [137.2374, -33.6295], [136.4306, -34.0301], [135.891, -34.6608], [135.9698, -34.9819], [135.7923, -34.8632], [135.6476, -34.9397], [135.3243, -34.6426], [135.1231, -34.5857], [135.2167, -34.4873], [135.45, -34.581], [135.2188, -33.9596], [134.8887, -33.6264], [134.7912, -33.3284], [134.6076, -33.1902], [134.3012, -33.1651], [134.1734, -32.979], [134.1003, -32.7487], [134.227, -32.7306], [134.2342, -32.5486], [133.6654, -32.2072], [133.2122, -32.1837], [132.7575, -31.9562], [132.2146, -32.007], [131.7211, -31.6964], [131.1436, -31.4957], [130.7829, -31.604], [130.1299, -31.5792], [128.9462, -31.7026], [128.0678, -32.0664], [127.3197, -32.2639], [125.9171, -32.2971], [124.7587, -32.8827], [124.2439, -33.0151], [123.8684, -33.5964], [123.5069, -33.9161], [123.2078, -33.9883], [123.0677, -33.9004], [122.7776, -33.8907], [122.1508, -33.9917], [122.0612, -33.8744], [121.4049, -33.8267], [119.854, -33.9746], [119.6351, -34.1013], [119.4505, -34.3682], [118.8953, -34.4798], [118.1354, -34.9866], [117.8632, -35.055], [117.5821, -35.0979], [116.5172, -34.988], [115.9869, -34.795], [115.565, -34.4258], [115.0088, -34.2559], [114.994, -33.5153], [115.1816, -33.6434], [115.3587, -33.6399], [115.5153, -33.5314], [115.6831, -33.193], [115.6186, -32.6669], [115.7255, -32.4012], [115.6985, -31.6946], [115.0779, -30.5605], [114.9688, -30.0423], [114.9591, -29.4336], [114.8569, -29.1431], [114.6283, -28.8718], [114.5375, -28.5429], [114.1653, -28.0807], [114.0281, -27.3474], [113.1847, -26.1822], [113.3233, -26.244], [113.356, -26.0803], [113.5817, -26.5582], [113.7337, -26.5951], [113.8363, -26.5005], [113.8528, -26.3322], [113.5889, -26.0986], [113.3953, -25.7133], [113.4514, -25.5992], [113.7131, -25.8308], [113.7236, -26.1296], [113.7657, -26.1597], [113.8539, -26.0144], [113.9921, -26.3216], [114.0904, -26.3936], [114.2157, -26.2895], [114.2143, -25.8516], [113.4176, -24.4356], [113.4899, -23.8697], [113.7571, -23.418], [113.7952, -22.9145], [113.6829, -22.6377], [114.0227, -21.8815], [114.1239, -21.8285], [114.1415, -22.4831], [114.3777, -22.3414], [114.7093, -21.8233], [115.4563, -21.4917], [116.011, -21.0305], [116.7069, -20.6539], [117.1389, -20.6408], [117.4064, -20.7212], [118.1991, -20.3753], [118.7513, -20.262], [119.1045, -19.9952], [119.5858, -20.0382], [120.4336, -19.8419], [120.9981, -19.6045], [121.3376, -19.32], [121.8337, -18.4772], [122.3456, -18.1118], [122.3611, -18.0369], [122.2372, -17.9685], [122.1476, -17.5492], [122.1602, -17.3136], [122.261, -17.1357], [122.7203, -16.7877], [122.9705, -16.4368], [123.1423, -16.8631], [123.5631, -17.5209], [123.5937, -17.0304], [123.8309, -17.1208], [123.8745, -16.9188], [123.4904, -16.4908], [123.6261, -16.4163], [123.607, -16.224], [123.7291, -16.1924], [123.859, -16.3823], [124.0444, -16.265], [124.3004, -16.3882], [124.772, -16.4026], [124.4048, -16.299], [124.4163, -16.1336], [124.5769, -16.1138], [124.6485, -15.8703], [124.6485, -15.8055], [124.5041, -15.9725], [124.3817, -15.7581], [124.4397, -15.4935], [124.5617, -15.4962], [124.6924, -15.2737], [125.0629, -15.4423], [125.0729, -15.3067], [124.9091, -15.31], [124.8389, -15.1607], [125.038, -15.0042], [125.3555, -15.1199], [125.3836, -15.0156], [125.2432, -14.9447], [125.1788, -14.7147], [125.2846, -14.584], [125.5798, -14.4831], [125.6277, -14.2566], [125.7047, -14.2915], [125.6615, -14.5295], [125.7386, -14.4443], [125.8196, -14.4691], [125.8905, -14.618], [126.0208, -14.4946], [126.1112, -14.1141], [126.0539, -13.9772], [126.1843, -14.002], [126.2584, -14.1636], [126.4031, -14.0189], [126.5698, -14.161], [126.7808, -13.9552], [126.7757, -13.7884], [126.9032, -13.7441], [127.4576, -14.0314], [128.1995, -14.7516], [128.0696, -15.3293], [128.1556, -15.2257], [128.2546, -15.2985], [128.1751, -15.0432], [128.5757, -14.7744], [129.0581, -14.8843], [129.2158, -15.1602], [129.2677, -14.8714], [129.4588, -14.9334], [129.6349, -15.1397], [129.637, -14.8509], [129.8487, -14.8289], [129.6046, -14.647], [129.6979, -14.5574], [129.3785, -14.3925], [129.7097, -13.98], [129.839, -13.573], [130.136, -13.4484], [130.2598, -13.3024], [130.1349, -13.1455], [130.168, -12.9573], [130.3178, -12.8829], [130.3999, -12.688], [130.6173, -12.6468], [130.6227, -12.4311], [130.7361, -12.4278], [130.8675, -12.5578], [130.874, -12.3672], [131.0234, -12.3429], [131.0194, -12.2138], [131.22, -12.1779], [131.2916, -12.0678], [131.4381, -12.2768], [132.0642, -12.2806], [132.2532, -12.186], [132.4112, -12.295], [132.5106, -12.1348], [132.7129, -12.1234], [132.6304, -12.0352], [132.6744, -11.649], [132.4753, -11.4916], [132.1336, -11.5008], [131.8226, -11.3024], [131.9616, -11.1807], [132.1556, -11.3111], [132.3342, -11.2234], [132.683, -11.5057], [132.9609, -11.4072], [133.1852, -11.7058], [133.9041, -11.8321], [134.4175, -12.0527], [134.7303, -11.9843], [135.0298, -12.1937], [135.2181, -12.2216], [135.9226, -11.8259], [135.8341, -11.9507], [135.8895, -11.9927], [135.7045, -12.2098], [136.0083, -12.1914], [136.0818, -12.4226], [136.2607, -12.4339], [136.3284, -12.3054], [136.27, -12.1315], [136.4432, -11.9515], [136.5404, -11.9576], [136.6099, -12.1336], [136.8975, -12.2435], [136.9476, -12.35], [136.5372, -12.7843], [136.5944, -13.0037], [136.4612, -13.2253], [136.2942, -13.1378], [135.9273, -13.3043], [135.9543, -13.9349], [135.8834, -14.1532], [135.4053, -14.7581], [135.4532, -14.9231], [136.2052, -15.4034], [136.2913, -15.57], [136.5836, -15.7064], [136.7049, -15.6852], [136.6981, -15.835], [136.7848, -15.8944], [137.0023, -15.8784], [137.7036, -16.233], [138.245, -16.7185], [139.01, -16.8993], [139.2483, -17.3286], [140.036, -17.7028], [140.5112, -17.6247], [140.8305, -17.4145], [140.9659, -17.0146], [141.219, -16.6461], [141.4119, -16.0695], [141.4515, -15.6052], [141.6254, -15.0568], [141.5228, -14.4701], [141.5944, -14.1529], [141.4724, -13.7976], [141.6456, -13.2592], [141.6135, -12.9435], [141.93, -12.7399], [141.8522, -12.5788], [141.6776, -12.4915], [141.6884, -12.3511], [141.8706, -11.9755], [141.9613, -12.0543], [142.1683, -10.9466], [142.3263, -10.8843], [142.4563, -10.7074], [142.605, -10.7482], [142.5528, -10.8744], [142.7796, -11.1153], [142.8724, -11.8214], [143.1788, -11.9545]]], [[[153.5389, -27.4364], [153.4529, -27.7117], [153.4266, -27.7065], [153.4356, -27.4053], [153.5389, -27.4364]]], [[[153.4424, -27.3161], [153.365, -27.1389], [153.4323, -27.0297], [153.4669, -27.0381], [153.4424, -27.3161]]], [[[153.0774, -25.7507], [153.0068, -25.7289], [152.9766, -25.5515], [153.0381, -25.1931], [153.2275, -25.0058], [153.1436, -24.8149], [153.257, -24.729], [153.3503, -25.0631], [153.0774, -25.7507]]], [[[151.1467, -23.4908], [151.2403, -23.5296], [151.2957, -23.7204], [151.2381, -23.7758], [151.0333, -23.5302], [151.0599, -23.4606], [151.1467, -23.4908]]], [[[150.5167, -22.3225], [150.4623, -22.3078], [150.4886, -22.2107], [150.5487, -22.3069], [150.5167, -22.3225]]], [[[149.9284, -22.193], [149.8694, -22.1505], [149.9122, -22.0488], [149.9281, -22.1493], [149.9284, -22.193]]], [[[149.0439, -20.2916], [148.9388, -20.2838], [148.9809, -20.1537], [149.0454, -20.2776], [149.0439, -20.2916]]], [[[148.9356, -20.15], [148.887, -20.1436], [148.968, -20.0443], [148.9561, -20.1346], [148.9356, -20.15]]], [[[148.3264, -40.307], [148.474, -40.4325], [148.4038, -40.4865], [148.0104, -40.3806], [148.3264, -40.307]]], [[[145.0429, -40.7866], [145.283, -40.7699], [146.3176, -41.1636], [146.7234, -41.078], [146.8483, -41.1681], [146.8566, -41.0584], [146.9898, -40.9924], [147.4549, -41.0018], [147.6216, -40.8447], [147.8728, -40.8725], [147.9686, -40.7795], [148.2152, -40.8548], [148.293, -40.947], [148.3426, -42.2154], [148.2904, -42.2549], [148.1832, -42.0647], [148.2138, -41.9701], [148.0226, -42.2595], [147.9121, -42.6585], [147.9808, -43.157], [147.7857, -43.22], [147.6478, -43.0207], [147.7738, -43.0035], [147.8001, -42.9282], [147.5737, -42.8458], [147.5366, -42.9966], [147.4524, -43.0334], [147.2979, -42.7909], [147.3476, -42.9266], [147.245, -43.216], [147.173, -43.2559], [146.997, -43.1563], [147.0772, -43.2758], [146.8738, -43.6126], [146.5484, -43.5088], [146.0433, -43.5471], [145.9944, -43.376], [146.2078, -43.3161], [145.8734, -43.2923], [145.4875, -42.9266], [145.2682, -42.5443], [145.1988, -42.2308], [145.4684, -42.4929], [145.5166, -42.3544], [145.3309, -42.1472], [145.2348, -42.197], [145.238, -42.0198], [144.766, -41.3901], [144.6462, -40.981], [144.7185, -40.6722], [145.0429, -40.7866]]], [[[148.0003, -39.7575], [148.2973, -39.9856], [148.2508, -40.0996], [148.3135, -40.1736], [148.1058, -40.2621], [147.8764, -39.9054], [147.7674, -39.8703], [147.933, -39.7259], [148.0003, -39.7575]]], [[[148.2368, -40.5151], [148.1878, -40.5925], [148.1173, -40.5216], [148.1932, -40.5032], [148.2368, -40.5151]]], [[[148.1043, -42.7105], [148.0298, -42.7149], [148.0726, -42.593], [148.1695, -42.6517], [148.1043, -42.7105]]], [[[147.4347, -43.2408], [147.2961, -43.1616], [147.3526, -43.0802], [147.3973, -43.1183], [147.4347, -43.2408]]], [[[147.3559, -43.397], [147.3087, -43.5008], [147.105, -43.431], [147.2839, -43.2788], [147.3559, -43.397]]], [[[146.2784, -18.2313], [146.3421, -18.4], [146.2989, -18.4848], [146.0988, -18.2517], [146.2784, -18.2313]]], [[[145.4864, -38.3548], [145.3359, -38.4211], [145.2801, -38.3907], [145.2952, -38.3189], [145.4864, -38.3548]]], [[[145.3143, -38.4909], [145.355, -38.5572], [145.1286, -38.5277], [145.2178, -38.4586], [145.3143, -38.4909]]], [[[144.7844, -40.5068], [144.748, -40.5894], [144.7102, -40.4853], [144.7833, -40.435], [144.7844, -40.5068]]], [[[143.928, -40.1161], [143.8387, -39.904], [143.8794, -39.6999], [144.0007, -39.5801], [144.0914, -39.6381], [144.1411, -39.9538], [143.928, -40.1161]]], [[[142.3389, -10.1921], [142.2795, -10.2543], [142.1953, -10.1992], [142.2986, -10.1404], [142.3389, -10.1921]]], [[[142.2748, -10.7048], [142.1913, -10.7621], [142.1312, -10.6408], [142.1978, -10.5918], [142.2748, -10.7048]]], [[[142.1676, -10.1541], [142.0977, -10.1218], [142.1488, -10.0517], [142.192, -10.0852], [142.1676, -10.1541]]], [[[139.5079, -16.573], [139.4305, -16.661], [139.1594, -16.7417], [139.293, -16.4672], [139.5878, -16.3951], [139.6976, -16.5149], [139.5079, -16.573]]], [[[139.4593, -17.1145], [139.4082, -17.0906], [139.4928, -16.9904], [139.5709, -17.0944], [139.4593, -17.1145]]], [[[137.5966, -35.7387], [137.9289, -35.726], [138.1233, -35.8523], [137.6708, -35.898], [137.5902, -36.0271], [137.4483, -36.0749], [137.2096, -35.9825], [136.755, -36.0332], [136.5408, -35.8902], [136.6387, -35.7487], [137.3342, -35.5923], [137.5851, -35.6201], [137.5966, -35.7387]]], [[[137.0937, -15.7781], [137.0509, -15.8244], [136.9425, -15.7116], [137.0095, -15.5948], [137.0937, -15.7781]]], [[[136.7146, -13.8038], [136.8907, -13.7866], [136.7452, -14.0727], [136.787, -14.1579], [136.9508, -14.1843], [136.8943, -14.2931], [136.3356, -14.2119], [136.4277, -14.1265], [136.4248, -13.8647], [136.6556, -13.6759], [136.7146, -13.8038]]], [[[136.8626, -15.6198], [136.8457, -15.544], [136.877, -15.5025], [136.8903, -15.5887], [136.8626, -15.6198]]], [[[136.5984, -11.3788], [136.5267, -11.4388], [136.7802, -11.0126], [136.7413, -11.1946], [136.5984, -11.3788]]], [[[136.5912, -15.6281], [136.5141, -15.6273], [136.5224, -15.5431], [136.6124, -15.5441], [136.5912, -15.6281]]], [[[136.3388, -11.6023], [136.1804, -11.6768], [136.4792, -11.4661], [136.4706, -11.5093], [136.3388, -11.6023]]], [[[136.2373, -13.8245], [136.1228, -13.8165], [136.2153, -13.6648], [136.2754, -13.7911], [136.2373, -13.8245]]], [[[132.5934, -11.3028], [132.4839, -11.0374], [132.579, -10.9688], [132.629, -11.1691], [132.5934, -11.3028]]], [[[130.6188, -11.376], [131.023, -11.3343], [131.2682, -11.1898], [131.5386, -11.4367], [131.4586, -11.5879], [130.951, -11.9264], [130.5118, -11.6179], [130.3844, -11.1922], [130.6188, -11.376]]], [[[130.4593, -11.6794], [130.6062, -11.8167], [130.0431, -11.7873], [130.0719, -11.6808], [130.1976, -11.6582], [130.1529, -11.4775], [130.2948, -11.3368], [130.4593, -11.6794]]], [[[125.1989, -14.5795], [125.1349, -14.6416], [125.0913, -14.5916], [125.1601, -14.4561], [125.1989, -14.5795]]], [[[124.5974, -15.402], [124.5243, -15.4214], [124.5193, -15.2675], [124.6049, -15.3565], [124.5974, -15.402]]], [[[115.4462, -20.7877], [115.3882, -20.866], [115.318, -20.8505], [115.4347, -20.6679], [115.4462, -20.7877]]], [[[113.1829, -26.0531], [112.9643, -25.783], [112.9471, -25.5315], [112.9823, -25.5203], [113.1829, -26.0531]]]]}}, {"type": "Feature", "properties": {"SOVEREIGNT": "Indian Ocean Territories", "SOV_A3": "IOA", "mean": 0.74, "GERMAN_NAME": "Australische Territorien im Indischen Ozean", "NOTE_DE": null}, "geometry": {"type": "MultiPolygon", "coordinates": [[[[105.7254, -10.4929], [105.697, -10.5641], [105.584, -10.5123], [105.7056, -10.4306], [105.7254, -10.4929]]], [[[96.9184, -12.194], [96.8928, -12.1871], [96.9206, -12.1616], [96.9252, -12.1732], [96.9184, -12.194]]], [[[96.8403, -12.1819], [96.8738, -12.1876], [96.8496, -12.1973], [96.8349, -12.1796], [96.8259, -12.1261], [96.8403, -12.1819]]]]}}, {"type": "Feature", "properties": {"SOVEREIGNT": "Heard Island and McDonald Islands", "SOV_A3": "HMD", "mean": 1.068, "GERMAN_NAME": "Heard und McDonaldinseln", "NOTE_DE": null}, "geometry": {"type": "Polygon", "coordinates": [[[73.7074, -53.1372], [73.4651, -53.1843], [73.2513, -52.9756], [73.8377, -53.1128], [73.7074, -53.1372]]]}}, {"type": "Feature", "properties": {"SOVEREIGNT": "Norfolk Island", "SOV_A3": "NFK", "mean": 1.012, "GERMAN_NAME": "Norfolkinsel", "NOTE_DE": null}, "geometry": {"type": "Polygon", "coordinates": [[[167.9396, -29.0177], [167.9904, -29.0422], [167.9609, -29.0964], [167.9144, -29.062], [167.9396, -29.0177]]]}}, {"type": "Feature", "properties": {"SOVEREIGNT": "Ashmore and Cartier Islands", "SOV_A3": "ATC", "mean": 0.561, "GERMAN_NAME": "Ashmore- und Cartierinseln", "NOTE_DE": null}, "geometry": {"type": "Polygon", "coordinates": [[[123.5944, -12.4257], [123.5951, -12.436], [123.5732, -12.4342], [123.5725, -12.424], [123.5944, -12.4257]]]}}, {"type": "Feature", "properties": {"SOVEREIGNT": "Armenia", "SOV_A3": "ARM", "mean": 2.245, "GERMAN_NAME": "Armenien", "NOTE_DE": null}, "geometry": {"type": "MultiPolygon", "coordinates": [[[[43.4396, 41.1071], [44.8415, 41.2113], [44.8112, 41.2594], [45.0013, 41.2909], [45.1885, 41.1474], [45.0704, 41.0756], [45.4193, 40.9857], [45.5874, 40.847], [45.3789, 40.6736], [45.4545, 40.5323], [45.9647, 40.2338], [45.9675, 40.1748], [45.9549, 40.1508], [45.9312, 40.1046], [45.8581, 40.0113], [45.8563, 40.0113], [45.6216, 40.0114], [45.596, 40.0028], [45.5809, 39.9873], [45.5777, 39.984], [45.5798, 39.9776], [45.6266, 39.9654], [45.6619, 39.9562], [45.7897, 39.8811], [45.8138, 39.8573], [45.9074, 39.7901], [45.9398, 39.7766], [46.0946, 39.6645], [46.095, 39.6643], [46.2019, 39.5944], [46.212, 39.5963], [46.3635, 39.6011], [46.4813, 39.5551], [46.478, 39.4751], [46.4471, 39.4623], [46.3776, 39.4338], [46.3653, 39.4024], [46.3725, 39.3911], [46.3783, 39.3823], [46.4373, 39.3486], [46.4658, 39.3281], [46.5435, 39.2634], [46.5846, 39.2236], [46.55, 39.2014], [46.5097, 39.1997], [46.4337, 39.2052], [46.4204, 39.2073], [46.4003, 39.1922], [46.4006, 39.1874], [46.4316, 39.1447], [46.4755, 39.111], [46.4906, 38.9067], [46.1144, 38.8779], [45.9773, 39.2439], [45.7663, 39.3784], [45.7843, 39.5456], [45.4567, 39.4944], [45.1727, 39.5706], [45.0315, 39.7651], [44.7684, 39.7034], [44.2892, 40.0404], [44.0055, 40.0142], [43.6661, 40.1263], [43.71, 40.1664], [43.5692, 40.4823], [43.7226, 40.7196], [43.4396, 41.1071]], [[45.0287, 41.0539], [45.0211, 41.078], [44.9613, 41.0792], [44.9689, 41.0273], [45.0287, 41.0539]]], [[[45.5143, 40.5995], [45.4787, 40.6484], [45.5622, 40.6493], [45.5525, 40.6161], [45.5143, 40.5995]]]]}}, {"type": "Feature", "properties": {"SOVEREIGNT": "Argentina", "SOV_A3": "ARG", "mean": 1.001, "GERMAN_NAME": "Argentinien", "NOTE_DE": null}, "geometry": {"type": "MultiPolygon", "coordinates": [[[[-57.6089, -30.1877], [-57.8724, -30.5911], [-57.8105, -30.8586], [-58.0538, -31.495], [-58.007, -31.6851], [-58.1888, -31.9242], [-58.1197, -32.2488], [-58.2011, -32.4717], [-58.1708, -32.9592], [-58.2504, -33.0783], [-58.4246, -33.1114], [-58.547, -33.6635], [-58.3926, -34.1931], [-58.5254, -34.2962], [-58.2835, -34.6834], [-57.5477, -35.0191], [-57.1708, -35.3625], [-57.1589, -35.5059], [-57.354, -35.7203], [-57.3353, -36.0268], [-57.0761, -36.2968], [-56.7496, -36.3465], [-56.6722, -36.8514], [-57.0876, -37.4464], [-57.3958, -37.7447], [-57.547, -38.0856], [-58.1791, -38.4358], [-59.8283, -38.8382], [-61.112, -38.993], [-61.8479, -38.9617], [-62.3346, -38.8002], [-62.295, -39.2433], [-62.0538, -39.374], [-62.1794, -39.3806], [-62.0768, -39.4616], [-62.1316, -39.8254], [-62.2871, -39.8953], [-62.4019, -40.1966], [-62.4271, -40.356], [-62.2464, -40.6746], [-62.3951, -40.8907], [-62.9592, -41.1098], [-63.6216, -41.1598], [-64.8528, -40.8137], [-64.8046, -40.7566], [-64.8694, -40.7357], [-65.1332, -40.8807], [-65.1548, -41.1058], [-65.0184, -41.5669], [-65.0591, -41.97], [-64.9864, -42.102], [-64.5378, -42.2546], [-64.5709, -42.416], [-64.4204, -42.4337], [-64.1008, -42.395], [-64.0612, -42.2661], [-64.2286, -42.2183], [-63.7955, -42.1138], [-63.6299, -42.2827], [-63.6173, -42.6958], [-63.6925, -42.8053], [-64.0349, -42.8813], [-64.1306, -42.8616], [-64.3243, -42.5722], [-64.4878, -42.5134], [-64.9705, -42.6663], [-65.027, -42.759], [-64.3193, -42.969], [-64.8398, -43.1889], [-65.2524, -43.5719], [-65.2654, -44.2796], [-65.3611, -44.4774], [-65.6477, -44.6614], [-65.6984, -44.7963], [-65.5991, -44.8756], [-65.6387, -45.0078], [-66.1902, -44.9648], [-66.5851, -45.1828], [-66.9415, -45.2573], [-67.5996, -46.0525], [-67.5064, -46.4429], [-66.777, -47.0057], [-65.8536, -47.1567], [-65.738, -47.3449], [-65.7755, -47.5683], [-65.8864, -47.7016], [-66.2251, -47.8267], [-65.9342, -47.8267], [-65.81, -47.9412], [-66.3932, -48.3424], [-67.033, -48.6277], [-67.4664, -48.9517], [-67.6849, -49.2466], [-67.7836, -49.859], [-67.9139, -49.9844], [-68.2573, -50.1045], [-68.4877, -49.978], [-68.6677, -49.7526], [-68.6616, -49.9358], [-68.9795, -50.003], [-68.5979, -50.0094], [-68.4218, -50.1578], [-68.9395, -50.3823], [-69.09, -50.5832], [-69.1548, -50.8644], [-69.3586, -51.0281], [-69.2009, -50.9937], [-69.0659, -51.3035], [-69.0583, -51.5472], [-69.4655, -51.5845], [-68.9654, -51.6772], [-68.3938, -52.3071], [-68.4434, -52.3567], [-68.4611, -52.2906], [-69.9601, -52.0082], [-71.9711, -51.9641], [-71.9535, -51.8803], [-72.4078, -51.5408], [-72.3034, -51.2988], [-72.3768, -51.0954], [-72.2764, -50.9102], [-72.3401, -50.6818], [-72.5097, -50.6075], [-73.153, -50.7384], [-73.5011, -50.1252], [-73.4705, -49.7946], [-73.5763, -49.5828], [-73.4615, -49.3138], [-73.1353, -49.3006], [-73.149, -49.188], [-73.0338, -49.0144], [-72.6144, -48.7929], [-72.6083, -48.5192], [-72.3549, -48.3658], [-72.2929, -48.2292], [-72.5179, -47.8763], [-72.3459, -47.4928], [-71.9049, -47.2017], [-71.9401, -46.8311], [-71.6997, -46.6513], [-71.7619, -46.3198], [-71.8757, -46.1605], [-71.6316, -45.9536], [-71.7508, -45.839], [-71.7461, -45.5789], [-71.5081, -45.5127], [-71.3494, -45.3321], [-71.3537, -45.2304], [-71.5963, -44.9792], [-72.0417, -44.9042], [-72.0636, -44.772], [-71.2612, -44.7631], [-71.1597, -44.5604], [-71.2126, -44.4413], [-71.8199, -44.383], [-71.8123, -44.106], [-71.6802, -43.9297], [-71.7947, -43.7533], [-71.7508, -43.5902], [-71.9049, -43.3475], [-71.7508, -43.2373], [-72.1025, -43.0657], [-72.1435, -42.5771], [-72.0535, -42.4733], [-72.1083, -42.2518], [-71.7501, -42.0468], [-71.9113, -41.6504], [-71.8732, -40.8928], [-71.9412, -40.789], [-71.6953, -40.3353], [-71.8185, -40.1767], [-71.6597, -40.0207], [-71.7198, -39.6353], [-71.5395, -39.6025], [-71.4199, -39.2873], [-71.4016, -38.935], [-70.9516, -38.7385], [-70.8475, -38.5417], [-70.9681, -38.4459], [-71.0283, -38.0412], [-71.1676, -37.7624], [-71.1348, -37.445], [-71.2003, -37.3002], [-71.1183, -37.1143], [-71.1921, -36.8437], [-71.0556, -36.5237], [-70.7493, -36.3925], [-70.7219, -36.2831], [-70.4047, -36.0617], [-70.4159, -35.5231], [-70.5552, -35.247], [-70.3932, -35.147], [-70.2899, -34.7327], [-70.0519, -34.3009], [-69.8525, -34.2243], [-69.8942, -33.7314], [-69.8197, -33.2838], [-70.0847, -33.2018], [-70.0221, -32.8846], [-70.116, -32.8073], [-70.1697, -32.4717], [-70.3637, -32.0834], [-70.2543, -31.9577], [-70.4501, -31.842], [-70.5851, -31.5695], [-70.5196, -31.1484], [-70.309, -31.0226], [-70.3482, -30.9023], [-70.1531, -30.361], [-69.9562, -30.3582], [-69.8442, -30.1751], [-69.9601, -30.0784], [-69.9277, -29.7693], [-70.0267, -29.3241], [-69.828, -29.1033], [-69.657, -28.4136], [-69.1742, -27.9246], [-68.8463, -27.1538], [-68.5921, -27.1401], [-68.3185, -26.9732], [-68.5918, -26.4705], [-68.4146, -26.1536], [-68.5921, -25.4201], [-68.4964, -25.1629], [-68.3844, -25.0919], [-68.5619, -24.7474], [-68.2501, -24.3919], [-67.3562, -24.0338], [-67.0088, -23.0013], [-67.195, -22.8217], [-67.0337, -22.5521], [-66.8004, -22.4096], [-66.7118, -22.2163], [-66.3652, -22.1139], [-66.2201, -21.8025], [-65.7712, -22.0997], [-64.9925, -22.1097], [-64.6055, -22.2288], [-64.3254, -22.8278], [-63.9218, -22.0287], [-62.8433, -21.9972], [-62.651, -22.2336], [-62.214, -22.6124], [-61.7986, -23.182], [-61.2085, -23.5569], [-61.0328, -23.7558], [-59.8924, -24.0936], [-59.1871, -24.5624], [-58.3652, -24.9593], [-57.9599, -25.0492], [-57.6438, -25.3283], [-57.5718, -25.5343], [-57.7547, -25.6971], [-57.8908, -26.0066], [-58.1111, -26.1801], [-58.2029, -26.3815], [-58.1914, -26.63], [-58.6187, -27.1321], [-58.605, -27.3144], [-58.1683, -27.2734], [-57.1117, -27.4701], [-56.6034, -27.4678], [-56.4371, -27.5537], [-56.1642, -27.3215], [-55.7146, -27.4149], [-55.4266, -27.0093], [-55.136, -26.9312], [-54.8254, -26.6522], [-54.6778, -26.3089], [-54.6158, -25.5761], [-54.4441, -25.6251], [-54.1547, -25.523], [-53.8912, -25.6688], [-53.6687, -26.2883], [-53.7173, -26.8827], [-53.8382, -27.1212], [-54.1565, -27.2538], [-54.3271, -27.4236], [-54.829, -27.5506], [-55.1015, -27.8667], [-55.7254, -28.2041], [-55.6872, -28.3816], [-55.8906, -28.37], [-56.9386, -29.5948], [-57.6089, -30.1877]]], [[[-61.8756, -39.1718], [-61.9181, -39.2273], [-62.093, -39.0862], [-61.9667, -39.1122], [-61.8756, -39.1718]]], [[[-64.5493, -54.7161], [-64.4388, -54.7392], [-63.8153, -54.725], [-63.9712, -54.8106], [-64.3229, -54.7963], [-64.6375, -54.9026], [-64.7574, -54.8265], [-64.5493, -54.7161]]], [[[-68.6533, -54.8538], [-68.6299, -52.6526], [-68.24, -53.0817], [-68.4312, -53.0551], [-68.5208, -53.1773], [-68.4884, -53.261], [-68.1612, -53.3065], [-68.0086, -53.564], [-67.2943, -54.0498], [-66.2356, -54.5336], [-65.747, -54.6533], [-65.179, -54.6781], [-65.346, -54.8781], [-65.4713, -54.9147], [-66.511, -55.0322], [-67.1269, -54.9039], [-68.2202, -54.8175], [-68.6533, -54.8538]]]]}}, {"type": "Feature", "properties": {"SOVEREIGNT": "Antigua and Barbuda", "SOV_A3": "ATG", "mean": 0.857, "GERMAN_NAME": "Antigua und Barbuda", "NOTE_DE": null}, "geometry": {"type": "MultiPolygon", "coordinates": [[[[-61.7161, 17.0369], [-61.8598, 17.0133], [-61.8871, 17.098], [-61.8173, 17.1689], [-61.6859, 17.0984], [-61.7161, 17.0369]]], [[[-61.7471, 17.575], [-61.8439, 17.5962], [-61.8662, 17.7043], [-61.7496, 17.6613], [-61.7471, 17.575]]]]}}, {"type": "Feature", "properties": {"SOVEREIGNT": "Angola", "SOV_A3": "AGO", "mean": 0.85, "GERMAN_NAME": "Angola", "NOTE_DE": null}, "geometry": {"type": "MultiPolygon", "coordinates": [[[[23.9665, -10.8718], [24.0468, -11.4053], [23.9712, -11.6358], [23.9913, -12.4222], [23.8822, -12.7991], [23.9629, -12.9884], [21.9789, -13.0009], [21.9796, -15.9557], [22.0401, -16.2629], [22.1506, -16.5972], [23.3808, -17.6406], [21.417, -18.0006], [21.1135, -17.9558], [20.7456, -18.0197], [20.3931, -17.8874], [18.9553, -17.8036], [18.718, -17.7033], [18.3966, -17.3994], [14.0175, -17.4089], [13.4761, -17.0401], [13.1013, -16.9677], [12.548, -17.2126], [12.0141, -17.1685], [11.743, -17.2492], [11.819, -16.7042], [11.751, -15.8321], [12.0163, -15.5136], [12.5505, -13.4378], [12.8976, -13.0276], [12.9832, -12.7756], [13.417, -12.5205], [13.5981, -12.286], [13.7853, -11.8129], [13.8336, -10.9298], [13.3321, -9.9989], [12.9987, -9.0482], [13.047, -8.9223], [13.0927, -8.8998], [13.0538, -9.0069], [13.3591, -8.6871], [13.3785, -8.3697], [12.8623, -7.232], [12.8234, -6.9548], [12.5214, -6.5903], [12.2834, -6.1243], [13.0682, -5.8648], [16.4313, -5.9002], [16.6974, -6.1642], [16.7431, -6.6184], [16.9195, -6.934], [16.9846, -7.2575], [17.5797, -8.0991], [18.0088, -8.1076], [18.5625, -7.9358], [18.9445, -8.0016], [19.3408, -7.9665], [19.5277, -7.1445], [19.8751, -6.9862], [20.59, -6.9199], [20.5357, -7.1829], [20.6077, -7.2778], [21.7816, -7.3148], [21.8418, -7.421], [21.8007, -8.112], [21.8958, -8.3411], [21.9055, -8.6932], [21.8133, -9.4687], [22.2745, -10.2591], [22.3069, -10.6913], [22.178, -10.8923], [22.2262, -11.1219], [22.3148, -11.1986], [22.561, -11.0558], [23.0762, -11.0879], [23.4639, -10.9693], [23.834, -11.0136], [23.9665, -10.8718]]], [[[13.0729, -4.6348], [12.8295, -4.7367], [12.4515, -5.0715], [12.5224, -5.1489], [12.5037, -5.6958], [12.2136, -5.7588], [12.1772, -5.3247], [12.0184, -5.0043], [12.3846, -4.6192], [12.7982, -4.4305], [13.0729, -4.6348]]]]}}, {"type": "Feature", "properties": {"SOVEREIGNT": "Andorra", "SOV_A3": "AND", "mean": 2.091, "GERMAN_NAME": "Andorra", "NOTE_DE": null}, "geometry": {"type": "Polygon", "coordinates": [[[1.7062, 42.5033], [1.4488, 42.4375], [1.4283, 42.596], [1.7098, 42.6045], [1.7062, 42.5033]]]}}, {"type": "Feature", "properties": {"SOVEREIGNT": "Algeria", "SOV_A3": "DZA", "mean": 2.163, "GERMAN_NAME": "Algerien", "NOTE_DE": null}, "geometry": {"type": "Polygon", "coordinates": [[[8.5765, 36.9371], [8.6013, 36.8338], [8.2075, 36.519], [8.3486, 36.368], [8.2471, 35.8018], [8.3943, 35.2039], [8.2456, 34.734], [7.5137, 34.0806], [7.5001, 33.8326], [7.7312, 33.2685], [8.1124, 33.0553], [8.3335, 32.5435], [9.0441, 32.0724], [9.5186, 30.2295], [9.3101, 30.1152], [9.6403, 29.6365], [9.8051, 29.1769], [9.916, 27.7858], [9.7475, 27.3309], [9.8944, 26.848], [9.8833, 26.6307], [9.4912, 26.3337], [9.4484, 26.0671], [10.0006, 25.3321], [10.028, 25.0511], [10.2559, 24.591], [10.3959, 24.4856], [10.6861, 24.5514], [11.5076, 24.3145], [11.968, 23.5178], [7.4817, 20.8731], [5.8365, 19.4792], [4.2277, 19.1428], [3.256, 19.0133], [3.1059, 19.1501], [3.256, 19.411], [3.2038, 19.7898], [3.1304, 19.8502], [2.4061, 20.0639], [2.2192, 20.2479], [1.7534, 20.3315], [1.6108, 20.5554], [1.1659, 20.8175], [1.1453, 21.1022], [-4.8227, 24.9957], [-8.6834, 27.2859], [-8.6834, 27.6565], [-8.66, 28.7187], [-7.1602, 29.6127], [-6.6353, 29.5688], [-6.4798, 29.8203], [-6.0043, 29.8312], [-5.4488, 29.9569], [-5.1802, 30.166], [-4.9682, 30.4654], [-4.3227, 30.6989], [-3.9854, 30.9134], [-3.6668, 30.9639], [-3.6247, 31.0658], [-3.8335, 31.1979], [-3.8266, 31.662], [-3.0173, 31.8341], [-2.8633, 32.0747], [-1.226, 32.1073], [-1.2404, 32.3377], [-1.0654, 32.4683], [-1.4499, 32.7848], [-1.6792, 33.3186], [-1.6313, 33.5667], [-1.7919, 34.3678], [-1.7332, 34.4669], [-1.8495, 34.6073], [-1.7955, 34.7519], [-2.2196, 35.1041], [-1.9132, 35.0942], [-1.6735, 35.1831], [-1.0877, 35.579], [-0.4261, 35.8615], [-0.0484, 35.8329], [0.3123, 36.1623], [1.2573, 36.5197], [2.5933, 36.6007], [2.9727, 36.7845], [3.5206, 36.7951], [3.7791, 36.8961], [4.7579, 36.8963], [5.2954, 36.6483], [6.0647, 36.8642], [6.4867, 37.0857], [6.9277, 36.9194], [7.2383, 36.9685], [7.2041, 37.0923], [7.9105, 36.8564], [8.5765, 36.9371]]]}}, {"type": "Feature", "properties": {"SOVEREIGNT": "Albania", "SOV_A3": "ALB", "mean": 1.952, "GERMAN_NAME": "Albanien", "NOTE_DE": null}, "geometry": {"type": "Polygon", "coordinates": [[[19.3423, 41.8691], [19.3614, 42.069], [19.2807, 42.1725], [19.6544, 42.6286], [19.7278, 42.6345], [19.7883, 42.4762], [20.0641, 42.5474], [20.2405, 42.3389], [20.4853, 42.2233], [20.5663, 41.8736], [20.4486, 41.5214], [20.4889, 41.2726], [20.7092, 40.9284], [20.9641, 40.8499], [21.0307, 40.6226], [20.95, 40.4943], [20.806, 40.4453], [20.6574, 40.1173], [20.311, 39.9795], [20.3823, 39.8026], [20.2484, 39.6784], [20.0014, 39.7093], [19.8517, 40.0435], [19.4845, 40.21], [19.3221, 40.407], [19.4593, 40.4053], [19.3376, 40.6639], [19.4611, 40.9334], [19.4406, 41.4246], [19.5756, 41.6405], [19.5774, 41.7875], [19.3423, 41.8691]]]}}, {"type": "Feature", "properties": {"SOVEREIGNT": "Afghanistan", "SOV_A3": "AFG", "mean": 2.181, "GERMAN_NAME": "Afghanistan", "NOTE_DE": null}, "geometry": {"type": "Polygon", "coordinates": [[[67.7591, 37.1723], [68.0676, 36.9498], [68.9118, 37.334], [69.3038, 37.1169], [69.4144, 37.2079], [69.3992, 37.3993], [69.4921, 37.5531], [70.1887, 37.5824], [70.2514, 37.6642], [70.2147, 37.9243], [70.6157, 38.3345], [70.8789, 38.4565], [71.2558, 38.307], [71.3328, 38.1703], [71.2785, 37.9183], [71.5823, 37.9101], [71.4329, 37.1275], [71.6655, 36.6969], [71.8019, 36.6943], [72.3588, 36.9829], [72.6573, 37.0289], [72.8956, 37.2676], [73.383, 37.4623], [73.7207, 37.4187], [73.6534, 37.2394], [74.3489, 37.4187], [74.6592, 37.3944], [74.8914, 37.2316], [74.7265, 37.2908], [74.3723, 37.1579], [74.5415, 37.0221], [74.1948, 36.8968], [74.1509, 36.8767], [74.0389, 36.8257], [74.0019, 36.8231], [73.9565, 36.8375], [73.8046, 36.8793], [73.7693, 36.8885], [73.7319, 36.8878], [72.6227, 36.8295], [72.2497, 36.7347], [71.7727, 36.4319], [71.6205, 36.4365], [71.2327, 36.1217], [71.1852, 36.042], [71.3976, 35.8801], [71.5719, 35.5468], [71.5456, 35.2888], [71.6205, 35.1829], [70.9656, 34.5303], [71.0956, 34.3694], [71.0517, 34.0497], [70.6539, 33.9523], [69.9947, 34.0518], [69.8896, 34.0073], [69.868, 33.8976], [70.134, 33.6206], [70.2841, 33.369], [70.2611, 33.289], [69.9202, 33.1124], [69.5015, 33.0201], [69.2416, 32.4335], [69.2794, 31.9369], [68.869, 31.6342], [68.5975, 31.8029], [68.1612, 31.8029], [67.5784, 31.5065], [67.7378, 31.344], [67.4527, 31.2347], [66.8292, 31.2636], [66.3468, 30.8028], [66.2384, 30.1096], [66.3133, 29.9685], [66.1769, 29.8356], [65.0954, 29.5596], [64.3938, 29.5443], [64.0986, 29.3921], [63.5676, 29.498], [62.4764, 29.4084], [60.8435, 29.8586], [61.8108, 30.9132], [61.755, 31.2853], [61.6603, 31.3825], [60.8208, 31.4952], [60.8294, 32.2495], [60.562, 33.0588], [60.5605, 33.1378], [60.9169, 33.5052], [60.5108, 33.6389], [60.4856, 34.0948], [60.6426, 34.3071], [60.8896, 34.3194], [60.7261, 34.5181], [60.9511, 34.6539], [61.08, 34.8557], [61.1495, 35.0937], [61.1002, 35.2723], [61.1891, 35.312], [61.2622, 35.6196], [61.6211, 35.4325], [61.984, 35.4438], [62.308, 35.1707], [62.6881, 35.2553], [63.0568, 35.4458], [63.1698, 35.6782], [63.1298, 35.8462], [64.0097, 36.012], [64.5112, 36.3407], [64.8164, 37.132], [65.0897, 37.2381], [65.5548, 37.2512], [65.765, 37.5692], [66.1085, 37.4147], [66.5221, 37.3484], [66.8278, 37.3714], [67.1957, 37.2353], [67.5172, 37.2667], [67.7591, 37.1723]]]}}, {"type": "Feature", "properties": {"SOVEREIGNT": "Siachen Glacier", "SOV_A3": "KAS", "mean": 2.076, "GERMAN_NAME": "Siachen-Gletscher", "NOTE_DE": null}, "geometry": {"type": "Polygon", "coordinates": [[[76.9276, 35.3466], [76.8822, 35.4358], [76.857, 35.4854], [76.8127, 35.5718], [76.767, 35.6617], [76.875, 35.6151], [76.9438, 35.5946], [77.0899, 35.5521], [77.2948, 35.5081], [77.3167, 35.5035], [77.4895, 35.4745], [77.5201, 35.4734], [77.7991, 35.4958], [77.7228, 35.4566], [77.6461, 35.4172], [77.5716, 35.3787], [77.4233, 35.3025], [77.3722, 35.2761], [77.2404, 35.2084], [77.0518, 35.1114], [77.0485, 35.1098], [76.9791, 35.2464], [76.9398, 35.3226], [76.9276, 35.3466]]]}}, {"type": "Feature", "properties": {"SOVEREIGNT": "Antarctica", "SOV_A3": "ATA", "mean": 1.927, "GERMAN_NAME": "Antarktika", "NOTE_DE": null}, "geometry": {"type": "MultiPolygon", "coordinates": [[[[-57.0206, -63.3728], [-56.782, -63.5717], [-56.8349, -63.6313], [-57.1193, -63.6379], [-57.1524, -63.479], [-57.4606, -63.5134], [-58.263, -63.7633], [-58.839, -64.1868], [-59.0053, -64.1948], [-59.0474, -64.2344], [-58.7994, -64.2925], [-58.9052, -64.3521], [-58.7861, -64.5242], [-59.4607, -64.3455], [-59.6123, -64.4402], [-59.573, -64.5308], [-59.6461, -64.5838], [-59.7649, -64.4515], [-59.9629, -64.4314], [-60.3406, -64.5506], [-61.0598, -64.9812], [-61.7032, -64.9871], [-61.7363, -65.0335], [-61.5775, -65.1855], [-61.6636, -65.2385], [-61.948, -65.1923], [-62.1452, -65.3318], [-62.0538, -65.4568], [-61.7561, -65.5693], [-61.9915, -65.5892], [-62.3051, -65.8404], [-62.0052, -66.1129], [-61.359, -66.0587], [-60.913, -65.9209], [-60.5656, -65.9794], [-60.7441, -66.1051], [-61.0094, -66.1104], [-60.9029, -66.1912], [-61.0285, -66.3366], [-61.1498, -66.2118], [-61.4321, -66.1448], [-61.6758, -66.2496], [-61.7561, -66.4293], [-61.8756, -66.2962], [-62.1164, -66.209], [-62.682, -66.2373], [-62.7547, -66.3102], [-62.6503, -66.3637], [-62.655, -66.556], [-62.543, -66.6211], [-62.5366, -66.707], [-62.6291, -66.7061], [-63.2576, -66.2639], [-63.7526, -66.2778], [-63.6544, -66.3829], [-64.0777, -66.654], [-63.8088, -66.761], [-63.7548, -66.8729], [-64.0424, -66.9272], [-64.6861, -66.8063], [-64.878, -67.0246], [-64.7855, -67.1237], [-65.027, -67.2141], [-64.8193, -67.3073], [-65.35, -67.311], [-65.503, -67.3773], [-65.418, -67.6595], [-65.6002, -67.8758], [-65.4695, -68.0096], [-65.6394, -68.1306], [-65.2178, -68.1401], [-64.8848, -68.0564], [-64.8294, -68.1274], [-65.4518, -68.3368], [-64.9964, -68.4077], [-65.2416, -68.5832], [-65.1584, -68.6179], [-64.0784, -68.7714], [-64.1692, -68.5825], [-63.9244, -68.4976], [-62.9333, -68.4426], [-63.7735, -68.6318], [-63.7469, -68.7045], [-63.3437, -68.8106], [-63.4783, -68.9512], [-63.456, -69.0419], [-62.587, -69.4772], [-62.4505, -69.5843], [-62.407, -69.8273], [-62.2025, -70.028], [-61.9609, -70.1201], [-61.9346, -70.1994], [-62.0138, -70.2789], [-62.218, -70.2331], [-62.3778, -70.3648], [-62.0009, -70.4973], [-61.5048, -70.4907], [-61.4915, -70.57], [-61.6963, -70.6759], [-61.994, -70.7286], [-62.0405, -70.8014], [-61.9609, -70.9006], [-61.3129, -70.8677], [-60.9623, -71.2446], [-61.003, -71.3193], [-61.9588, -71.6579], [-61.5628, -71.6753], [-61.2136, -71.5642], [-60.9954, -71.6614], [-60.949, -71.7473], [-61.035, -71.82], [-61.939, -71.9037], [-62.2565, -72.0175], [-61.3104, -72.1126], [-60.7193, -72.0725], [-60.6646, -72.3626], [-60.7304, -72.4261], [-61.2798, -72.4683], [-61.2863, -72.6009], [-60.9392, -72.6996], [-60.5324, -72.6732], [-60.5324, -72.8321], [-60.3848, -73.0072], [-60.0097, -72.9378], [-59.9568, -73.0304], [-60.122, -73.2753], [-60.5605, -73.2115], [-61.0814, -73.3283], [-61.4285, -73.1915], [-62.0084, -73.1478], [-61.7878, -73.2549], [-61.6369, -73.5003], [-61.0796, -73.5386], [-60.7902, -73.7119], [-60.9029, -73.8705], [-61.2035, -73.9568], [-61.6916, -73.9238], [-61.8382, -74.0321], [-61.3194, -74.0361], [-61.0415, -74.122], [-61.8428, -74.2896], [-61.3316, -74.3287], [-60.7837, -74.2411], [-60.7042, -74.3072], [-61.0109, -74.4783], [-61.3702, -74.5118], [-62.2352, -74.4413], [-61.8551, -74.7767], [-62.1377, -74.9265], [-62.3724, -74.9521], [-62.5668, -74.8959], [-62.7086, -74.7371], [-63.1781, -74.6842], [-63.1252, -74.8496], [-63.1979, -74.9091], [-63.357, -74.8784], [-63.9247, -75.0046], [-63.3368, -75.0348], [-63.173, -75.1148], [-63.231, -75.1538], [-64.2797, -75.2928], [-63.2576, -75.3985], [-63.3635, -75.4515], [-66.3706, -76.0133], [-69.3046, -76.3507], [-70.2103, -76.6742], [-71.7987, -76.7527], [-75.2683, -76.5816], [-77.19, -76.6298], [-77.2872, -76.7017], [-77.1681, -76.8339], [-76.2486, -77.2748], [-75.3868, -77.4744], [-72.852, -77.5903], [-72.8751, -77.6939], [-73.2516, -77.8942], [-74.0422, -78.1093], [-75.3983, -78.1577], [-80.6017, -77.7519], [-81.5809, -77.8461], [-77.8582, -78.351], [-77.4327, -78.4347], [-77.4525, -78.5604], [-77.545, -78.6596], [-77.869, -78.7456], [-80.2921, -78.8228], [-82.6084, -78.4125], [-83.7791, -77.9836], [-83.6877, -78.148], [-83.2269, -78.4016], [-83.5444, -78.3554], [-83.7629, -78.4613], [-83.26, -78.7742], [-81.6609, -79.0998], [-80.8919, -79.5019], [-80.5348, -79.5129], [-80.4887, -79.3211], [-80.151, -79.2682], [-76.4992, -79.3258], [-76.2177, -79.3872], [-76.0315, -79.6271], [-76.5579, -79.9034], [-77.7019, -80.0095], [-79.6603, -79.9968], [-78.1761, -80.1669], [-76.4074, -80.095], [-75.709, -80.3828], [-75.4944, -80.6174], [-75.0757, -80.8599], [-73.9378, -80.8158], [-73.0295, -80.9174], [-70.6881, -80.6263], [-70.2391, -80.8566], [-69.7722, -80.9616], [-68.59, -80.968], [-68.3264, -81.0041], [-68.1439, -81.1303], [-65.5735, -81.4604], [-62.3537, -81.5766], [-62.1654, -81.6361], [-64.6962, -81.6522], [-65.6196, -81.7293], [-64.19, -81.7949], [-64.1371, -81.8694], [-66.1337, -81.9535], [-65.8439, -81.9933], [-65.7866, -82.0455], [-65.913, -82.1832], [-65.7139, -82.2791], [-64.9194, -82.3704], [-60.5278, -82.1998], [-62.7356, -82.5273], [-61.917, -82.9767], [-61.3129, -82.9392], [-61.2182, -82.9918], [-61.2002, -83.098], [-61.5898, -83.3412], [-61.4252, -83.3955], [-59.5162, -83.4583], [-55.8006, -82.4784], [-55.2948, -82.4649], [-53.9862, -82.2005], [-48.3608, -81.8923], [-47.3604, -82.004], [-46.2581, -81.9469], [-46.0464, -82.1587], [-46.4485, -82.3399], [-46.5169, -82.4546], [-45.7886, -82.4949], [-43.6693, -82.2701], [-41.4337, -81.2978], [-38.7719, -80.8823], [-37.2091, -81.0639], [-35.9657, -80.891], [-35.327, -80.6506], [-31.3119, -80.4501], [-31.0153, -80.3082], [-29.5314, -80.182], [-24.2404, -80.062], [-23.5744, -79.9648], [-23.4067, -79.859], [-24.5338, -79.758], [-29.9493, -79.599], [-30.2111, -79.4853], [-30.1779, -79.3044], [-30.3158, -79.1632], [-30.9851, -79.1279], [-32.9942, -79.2289], [-35.516, -78.933], [-36.2393, -78.7742], [-36.2655, -78.6156], [-36.1809, -78.4684], [-35.5092, -78.0412], [-35.0876, -77.8371], [-34.5516, -77.7285], [-34.0757, -77.4254], [-32.6141, -77.1408], [-32.0633, -77.1599], [-28.9338, -76.3703], [-24.2696, -75.767], [-22.4656, -75.661], [-21.4339, -75.6832], [-20.4874, -75.4919], [-19.4931, -75.5398], [-18.3048, -75.4314], [-18.7494, -75.2422], [-18.5168, -75.0519], [-18.2212, -74.9745], [-17.4357, -74.379], [-16.4295, -74.324], [-15.6724, -74.4073], [-14.5737, -73.9375], [-14.6115, -73.8517], [-16.22, -73.9156], [-16.2819, -73.8668], [-15.9356, -73.7575], [-16.5188, -73.644], [-16.4353, -73.4256], [-15.5961, -73.0969], [-15.0072, -73.0475], [-14.321, -73.1231], [-14.0002, -73.0006], [-14.2976, -72.733], [-13.2086, -72.785], [-12.7471, -72.629], [-11.4972, -72.4129], [-10.9582, -71.9019], [-11.0094, -71.7579], [-11.333, -71.7855], [-12.148, -71.6136], [-12.3514, -71.3897], [-11.9263, -71.2886], [-10.8254, -71.5534], [-10.5201, -71.2955], [-10.0334, -71.1306], [-10.3311, -71.024], [-10.2706, -70.9357], [-9.2306, -71.174], [-8.6463, -71.6728], [-7.9159, -71.6353], [-7.7135, -71.5465], [-7.5901, -71.2236], [-7.6181, -71.1214], [-7.8734, -70.9404], [-7.7528, -70.8428], [-7.3881, -70.787], [-6.838, -70.8446], [-5.9362, -70.7127], [-5.6947, -70.7453], [-5.5877, -70.8567], [-6.0802, -71.154], [-6.1173, -71.3259], [-3.7132, -71.3746], [-2.6102, -71.3207], [-2.0147, -71.4335], [-1.3541, -71.387], [-1.0679, -71.2655], [-0.8959, -71.3493], [-0.7598, -71.6303], [-0.5431, -71.7127], [0.5384, -71.2741], [1.9085, -71.0036], [5.1133, -70.6557], [7.4011, -70.4945], [7.6768, -70.3563], [8.5232, -70.4738], [9.1417, -70.1836], [10.9687, -70.6877], [11.7013, -70.7666], [12.9292, -70.2133], [12.5952, -70.1173], [12.6261, -70.0656], [13.0657, -70.0536], [13.2979, -70.2295], [13.8228, -70.3432], [15.8071, -70.3239], [16.0252, -70.1934], [16.3809, -70.1451], [16.585, -70.2038], [16.7092, -70.3971], [18.1248, -70.5403], [18.232, -70.5183], [18.4326, -70.2899], [19.0093, -70.2121], [19.1965, -70.2932], [19.0266, -70.6741], [19.2652, -70.9024], [19.4092, -70.917], [21.0706, -70.8435], [21.3374, -70.4952], [21.705, -70.2585], [22.3659, -70.4752], [22.3965, -70.5613], [22.2338, -70.6427], [22.2777, -70.6957], [22.979, -70.8104], [23.4067, -70.7233], [23.8038, -70.4046], [24.0241, -70.4133], [24.3859, -70.537], [24.3859, -70.7045], [24.7567, -70.8921], [25.9742, -71.0374], [26.4987, -71.0195], [28.9114, -70.5832], [30.0033, -70.2999], [31.3789, -70.2258], [32.6213, -70.0005], [32.8099, -69.9094], [32.9895, -69.6242], [32.9031, -69.3787], [32.5676, -69.0742], [32.6418, -68.8691], [33.1217, -68.6891], [33.4655, -68.6707], [34.193, -68.7023], [34.2193, -68.7906], [33.7722, -69.0201], [33.8136, -69.0994], [34.5959, -69.0945], [35.3569, -69.6814], [36.5859, -69.638], [37.1148, -69.8105], [37.7873, -69.7258], [38.8856, -70.1718], [38.8593, -70.0061], [39.705, -69.4255], [39.8637, -68.967], [40.2155, -68.805], [40.817, -68.7236], [41.3563, -68.5148], [42.4089, -68.3519], [42.9608, -68.0953], [44.3727, -67.9613], [45.1971, -67.731], [46.3992, -67.6175], [46.4366, -67.5333], [46.3171, -67.4019], [46.5597, -67.2681], [47.3514, -67.3618], [47.4029, -67.4092], [47.117, -67.5725], [47.49, -67.7279], [48.21, -67.6993], [48.3216, -67.7852], [48.3745, -67.9882], [48.5509, -67.9264], [48.6481, -67.794], [48.6305, -67.5207], [49.2194, -67.2268], [48.7136, -67.2169], [48.4652, -67.0435], [48.8303, -66.9382], [49.2471, -66.9415], [50.006, -67.1753], [50.5529, -67.1944], [50.6058, -67.1503], [50.5208, -66.82], [50.3059, -66.7533], [50.2444, -66.6034], [50.3326, -66.4447], [51.8845, -66.02], [53.6719, -65.8586], [55.2905, -65.9541], [56.3615, -66.3729], [56.8594, -66.4234], [57.1855, -66.6133], [56.8237, -66.7127], [56.1458, -66.6261], [56.4533, -66.7797], [56.4796, -66.8592], [56.3914, -66.9738], [55.8028, -67.1994], [56.1548, -67.2646], [56.76, -67.0734], [57.6276, -67.0142], [58.7375, -67.2296], [59.2508, -67.4849], [60.482, -67.3851], [61.309, -67.5403], [62.6878, -67.6475], [63.699, -67.5083], [68.3279, -67.8897], [69.5591, -67.7631], [69.6559, -67.8645], [69.603, -68.041], [69.9821, -68.4641], [69.5342, -68.7368], [69.6455, -68.9322], [69.5306, -69.0241], [69.6296, -69.2316], [68.9064, -69.3728], [68.8798, -69.4696], [69.1886, -69.655], [69.0824, -69.8667], [68.7437, -69.9214], [68.1781, -69.8374], [67.268, -70.273], [67.9409, -70.4228], [69.0209, -70.3251], [69.162, -70.334], [69.2502, -70.431], [69.1883, -70.7047], [68.8729, -71.0352], [68.0374, -71.3911], [67.4322, -72.0029], [66.8922, -72.9485], [66.4976, -73.1256], [66.5693, -73.2092], [67.322, -73.3003], [67.9715, -73.0858], [67.9715, -72.7505], [68.4197, -72.5151], [69.5548, -72.3745], [69.9619, -72.1328], [70.5729, -71.9309], [70.6161, -71.8421], [71.2767, -71.6239], [71.4649, -71.1546], [71.7713, -70.8014], [71.9049, -70.7066], [72.4179, -70.5986], [72.7602, -70.3956], [72.8221, -70.0958], [73.3247, -69.849], [73.9421, -69.7431], [74.571, -69.8796], [75.6355, -69.849], [75.8206, -69.7256], [75.8911, -69.5755], [76.1118, -69.4873], [76.3599, -69.4901], [77.8175, -69.069], [78.4889, -68.6257], [78.5634, -68.3937], [79.035, -68.1753], [82.0169, -67.6901], [83.3043, -67.6029], [83.4936, -67.4412], [84.4851, -67.1145], [85.7109, -67.1614], [87.9803, -66.7884], [89.6986, -66.8229], [92.0735, -66.5079], [92.5919, -66.6145], [93.358, -66.5855], [93.9642, -66.6896], [94.8398, -66.5013], [95.541, -66.631], [97.1006, -66.4994], [97.7198, -66.6074], [98.2576, -66.4675], [98.7202, -66.5532], [98.8588, -66.6707], [99.37, -66.6481], [100.8892, -66.3581], [101.3273, -66.1004], [101.3813, -65.973], [102.6741, -65.865], [107.1708, -66.4704], [107.785, -66.6641], [108.158, -66.6391], [108.3761, -66.7658], [109.463, -66.9087], [110.6222, -66.524], [110.5869, -66.3123], [110.9066, -66.0766], [113.0993, -65.7999], [113.7099, -65.9296], [114.337, -66.3602], [115.3105, -66.5608], [115.6352, -66.7712], [115.2737, -67.0281], [113.9911, -67.2119], [113.9126, -67.3677], [114.0267, -67.4412], [116.7134, -67.0472], [117.1321, -67.1143], [118.1386, -67.0826], [118.7139, -67.1718], [119.768, -66.9915], [120.3749, -66.9836], [118.9216, -67.3197], [119.1329, -67.3707], [121.4877, -67.0907], [122.1829, -66.8594], [123.9692, -66.6081], [124.8217, -66.6945], [125.0953, -66.641], [125.398, -66.4244], [125.8657, -66.3645], [126.6649, -66.4975], [126.8737, -66.7594], [127.5411, -67.0512], [127.9681, -67.0281], [128.4307, -67.1192], [129.2371, -67.0416], [129.7411, -66.4685], [130.1205, -66.2915], [130.5784, -66.2087], [131.8309, -66.2359], [133.4444, -66.0813], [134.1788, -66.2771], [134.2893, -66.4768], [134.398, -66.48], [134.9715, -66.3302], [135.352, -66.1271], [136.1941, -66.2922], [136.5534, -66.439], [136.8892, -66.3397], [137.3364, -66.3465], [138.2709, -66.5645], [139.2415, -66.574], [139.8999, -66.7151], [141.2859, -66.8318], [141.9728, -66.8066], [142.6874, -67.0128], [143.7303, -66.8767], [143.8628, -66.9385], [143.911, -67.0907], [144.3477, -67.018], [144.5508, -67.0355], [144.6213, -67.1414], [143.942, -67.794], [143.9773, -67.8645], [144.189, -67.8999], [145.1278, -67.626], [145.9753, -67.6241], [146.8278, -67.9646], [146.8965, -68.1203], [146.7975, -68.2736], [147.0938, -68.3687], [148.4564, -68.4669], [150.3421, -68.4357], [150.9361, -68.3584], [151.0682, -68.385], [151.1388, -68.7642], [151.2889, -68.8172], [151.5621, -68.6936], [152.5457, -68.7295], [153.0817, -68.8569], [153.7052, -68.7288], [153.7848, -68.3496], [153.9079, -68.3232], [155.5203, -69.0244], [156.4887, -69.183], [157.0464, -69.1763], [157.4813, -69.3087], [157.9327, -69.1808], [159.7838, -69.5218], [160.1258, -69.7343], [160.2097, -69.9748], [160.6518, -70.0805], [161.037, -70.3171], [161.4243, -70.8267], [161.6252, -70.9161], [161.9161, -70.9074], [162.1893, -71.0395], [162.2865, -70.969], [162.0396, -70.625], [162.0219, -70.4398], [162.216, -70.334], [162.675, -70.3046], [163.3489, -70.621], [163.9983, -70.6366], [164.4033, -70.5105], [166.6271, -70.6642], [167.5695, -70.8102], [168.1725, -71.1832], [170.1623, -71.6305], [170.2768, -71.4441], [170.4359, -71.4189], [170.8592, -71.8686], [170.6753, -71.9686], [170.2242, -71.9479], [170.0302, -72.1154], [169.9535, -72.4028], [170.2595, -72.3714], [170.2858, -72.4771], [170.2066, -72.5653], [170.0478, -72.6005], [168.4285, -72.3834], [168.8202, -72.5524], [169.8285, -72.7288], [169.8447, -72.7946], [169.5449, -73.0502], [169.0333, -73.2005], [168.3813, -73.0658], [168.2046, -73.1299], [167.1555, -73.1474], [166.8827, -73.0112], [166.4528, -72.936], [166.8341, -73.2243], [167.7092, -73.3942], [166.9961, -73.5444], [165.8603, -73.5926], [166.1061, -73.7351], [165.7335, -73.8667], [165.3469, -73.8793], [165.1295, -73.3826], [164.813, -73.3968], [164.7497, -73.5588], [164.9797, -73.9259], [164.7756, -74.0286], [165.3998, -74.4792], [165.4085, -74.5585], [163.7352, -74.5637], [163.3979, -74.3822], [163.2654, -74.4262], [163.1675, -74.6019], [162.6041, -74.8232], [162.5335, -75.1672], [162.41, -75.2377], [161.6796, -75.2177], [160.9106, -75.3347], [162.1897, -75.4669], [162.239, -75.6216], [162.8157, -75.8462], [162.6483, -76.0491], [162.4367, -76.1549], [162.7275, -76.2254], [162.8247, -76.4635], [162.6746, -76.5694], [162.7628, -76.7458], [162.4503, -76.9556], [163.0868, -77.0323], [163.6077, -77.3878], [163.6193, -77.5823], [163.7661, -77.7], [164.0451, -77.7746], [164.0365, -77.8531], [164.421, -77.8835], [164.4915, -77.9539], [163.9775, -78.2238], [164.628, -78.3156], [165.0506, -78.2261], [165.4175, -78.0421], [165.524, -78.0635], [165.663, -78.3057], [166.2087, -78.4517], [167.058, -78.5185], [167.1303, -78.6062], [167.049, -78.686], [166.5245, -78.6949], [166.1169, -78.5711], [164.6348, -78.6032], [162.6393, -78.8978], [161.6691, -78.5362], [161.5104, -78.5715], [161.5017, -78.6772], [161.9514, -79.0299], [161.1907, -78.9787], [160.8735, -79.0496], [160.4826, -79.2015], [160.6701, -79.3589], [160.646, -79.427], [159.9757, -79.5856], [160.3461, -79.6915], [159.872, -79.7897], [159.8965, -79.859], [160.3872, -79.8795], [160.5582, -79.9294], [160.5589, -80.0105], [158.7675, -80.2934], [158.5602, -80.3489], [158.5735, -80.4234], [160.6374, -80.45], [160.5215, -80.5834], [160.8303, -80.7297], [160.2601, -80.7867], [160.2759, -80.8467], [160.7169, -80.9075], [160.7166, -81.1996], [160.4786, -81.27], [160.47, -81.3407], [162.8211, -81.8662], [163.6801, -82.1873], [161.1666, -82.4078], [161.2832, -82.4899], [163.0119, -82.5348], [164.7471, -82.3543], [167.1163, -82.8014], [167.2715, -82.8795], [167.2326, -82.9524], [167.2974, -82.9859], [167.6019, -83.0475], [168.0919, -82.9748], [168.6074, -83.0654], [168.2402, -83.2299], [167.6577, -83.2721], [168.1099, -83.362], [169.8379, -83.399], [170.3322, -83.4786], [171.0356, -83.4483], [171.9173, -83.6441], [179.4031, -84.2061], [180.0, -84.3515], [180.0, -89.9989], [-180.0, -89.9989], [-180.0, -84.3515], [-178.3894, -84.3374], [-176.2891, -84.4185], [-175.8748, -84.5105], [-174.6634, -84.4628], [-171.7038, -84.5424], [-168.6679, -84.6837], [-167.4921, -84.8337], [-162.9335, -84.9012], [-156.4592, -85.186], [-156.9884, -84.9822], [-157.4539, -84.9125], [-156.4898, -84.8892], [-156.6209, -84.8396], [-165.1352, -84.41], [-165.2403, -84.3814], [-163.7575, -84.3053], [-164.6852, -84.1545], [-164.0113, -84.0157], [-164.0829, -83.9461], [-164.9509, -83.8058], [-167.8014, -83.7909], [-169.1676, -83.4497], [-174.0661, -82.9002], [-174.236, -82.7936], [-173.0711, -82.9158], [-171.8212, -82.8476], [-168.4177, -83.2287], [-165.6191, -83.2155], [-164.9156, -83.29], [-164.4455, -83.4675], [-163.1109, -83.329], [-162.1973, -83.5191], [-159.4443, -83.5432], [-157.4283, -83.3464], [-157.0277, -83.2343], [-157.6796, -83.1294], [-155.4595, -82.9807], [-155.1503, -82.8585], [-153.8222, -82.6695], [-153.0097, -82.4496], [-154.7175, -81.9407], [-153.9565, -81.7001], [-154.908, -81.5103], [-157.0327, -81.3192], [-156.5283, -81.1623], [-148.1227, -80.9009], [-148.0233, -80.8356], [-149.1472, -80.7186], [-149.2142, -80.6043], [-150.1329, -80.5104], [-150.5754, -80.3538], [-150.4353, -80.2111], [-150.2208, -80.15], [-148.3171, -80.0711], [-148.4334, -79.9294], [-148.1292, -79.9076], [-148.0831, -79.8567], [-148.1767, -79.7758], [-151.0484, -79.4598], [-152.0913, -79.2416], [-152.0535, -79.1928], [-152.1378, -79.1158], [-154.5177, -79.0465], [-156.1147, -78.7447], [-156.4693, -78.6353], [-155.9199, -78.5104], [-154.7165, -78.3983], [-154.2931, -78.2591], [-157.2667, -78.1997], [-158.2859, -77.9508], [-158.5004, -77.7783], [-158.2301, -77.4978], [-158.2135, -77.1571], [-158.0029, -77.0911], [-157.1393, -77.242], [-156.2112, -77.1057], [-154.8151, -77.1269], [-153.9101, -77.2269], [-153.4608, -77.4161], [-151.7191, -77.426], [-149.7178, -77.7976], [-148.1558, -77.4624], [-148.7444, -77.3432], [-148.8438, -77.2836], [-148.7775, -77.125], [-148.5723, -77.105], [-147.5665, -77.3253], [-146.9275, -77.2598], [-146.3907, -77.4725], [-146.0736, -77.4869], [-145.6005, -77.4553], [-145.8079, -77.2732], [-145.5156, -77.1991], [-145.967, -77.0688], [-145.6293, -76.9537], [-145.7506, -76.7491], [-146.7766, -76.5069], [-147.3404, -76.4384], [-148.6011, -76.4932], [-149.6541, -76.3653], [-148.8949, -76.2718], [-148.3203, -76.1044], [-145.8856, -76.4243], [-145.4421, -76.409], [-146.3832, -76.0997], [-145.9879, -75.8889], [-144.7214, -75.8321], [-143.5744, -75.5634], [-142.3299, -75.4909], [-141.5059, -75.6905], [-140.8744, -75.746], [-141.2233, -75.5459], [-139.149, -75.1602], [-137.6182, -75.0755], [-136.6498, -75.1618], [-136.2279, -74.8362], [-135.3621, -74.6904], [-134.8405, -74.6941], [-133.7965, -74.8546], [-132.0494, -74.7656], [-129.7907, -74.8914], [-127.0202, -74.6979], [-121.5439, -74.7499], [-119.6769, -74.6545], [-118.8028, -74.4223], [-118.342, -74.3815], [-115.2226, -74.4873], [-115.1053, -74.4551], [-114.791, -73.9887], [-114.6236, -73.9028], [-113.5087, -74.089], [-113.4896, -74.1584], [-113.7135, -74.2277], [-113.7531, -74.3667], [-113.333, -74.4542], [-113.9036, -74.6444], [-114.1106, -74.9818], [-111.6964, -74.7921], [-111.5845, -74.7508], [-111.7886, -74.5717], [-111.6961, -74.504], [-111.8062, -74.2697], [-111.6298, -74.1815], [-111.1802, -74.1881], [-110.3072, -74.3667], [-110.2298, -74.5363], [-110.3003, -74.7105], [-111.4631, -75.1333], [-111.3587, -75.22], [-109.2722, -75.1851], [-106.619, -75.3439], [-104.9018, -75.1151], [-103.1212, -75.0952], [-101.7082, -75.1274], [-101.3036, -75.3657], [-101.0393, -75.4218], [-98.7522, -75.3171], [-98.5578, -75.1898], [-99.6519, -74.9488], [-100.4734, -74.8725], [-100.0126, -74.6621], [-100.238, -74.4842], [-100.882, -74.5411], [-101.2517, -74.4858], [-101.7154, -74.0237], [-102.7666, -73.8837], [-102.8627, -73.7835], [-102.7994, -73.6457], [-102.4106, -73.6164], [-100.7178, -73.7577], [-98.8962, -73.6112], [-100.4363, -73.3531], [-102.9088, -73.2852], [-103.375, -72.8189], [-103.11, -72.7212], [-102.363, -72.7602], [-102.272, -72.8348], [-102.4822, -72.9511], [-102.4091, -72.9874], [-98.2086, -73.0221], [-96.3942, -73.3012], [-95.2365, -73.2201], [-94.2461, -73.313], [-92.8284, -73.1648], [-90.9208, -73.3193], [-90.4308, -73.2432], [-90.2739, -73.1188], [-90.2955, -72.9779], [-89.8177, -72.8626], [-89.3411, -72.8895], [-89.1273, -72.6932], [-88.7799, -72.683], [-88.1941, -72.7875], [-88.1945, -72.8586], [-88.5606, -73.1207], [-88.4195, -73.229], [-87.4011, -73.192], [-87.0378, -73.354], [-86.7909, -73.3637], [-85.8016, -73.1922], [-84.9811, -73.502], [-82.1836, -73.8568], [-81.3088, -73.7382], [-81.1633, -73.6324], [-81.2623, -73.3149], [-81.1763, -73.249], [-80.3364, -73.4142], [-80.6143, -73.0836], [-80.5877, -72.9775], [-80.4423, -72.9445], [-79.5217, -73.0896], [-78.9637, -73.3125], [-78.7863, -73.5067], [-78.4079, -73.5558], [-76.8505, -73.4605], [-76.7645, -73.5662], [-77.1349, -73.8176], [-77.0489, -73.8441], [-75.2932, -73.6388], [-73.9961, -73.6997], [-72.9291, -73.448], [-69.2822, -73.1696], [-67.6669, -72.8345], [-67.3066, -72.6111], [-66.8278, -72.0904], [-66.9516, -71.8972], [-67.4603, -71.5269], [-67.5046, -71.0577], [-67.6921, -70.6861], [-67.8883, -70.4216], [-68.4035, -70.0198], [-68.4697, -69.6439], [-68.708, -69.4321], [-68.141, -69.3476], [-67.3717, -69.4123], [-66.975, -69.161], [-67.0211, -69.0288], [-67.3904, -68.8613], [-67.299, -68.7708], [-67.1338, -68.7708], [-67.0409, -68.453], [-66.7932, -68.2404], [-67.15, -68.0247], [-66.9152, -67.6925], [-66.6773, -67.5602], [-67.1244, -67.4851], [-67.5445, -67.5347], [-67.5859, -67.4351], [-67.4934, -67.1128], [-67.0344, -66.9451], [-66.9552, -66.9847], [-66.9023, -67.256], [-66.61, -67.2086], [-66.4987, -67.2891], [-66.5038, -66.6898], [-66.3065, -66.5919], [-65.7665, -66.6249], [-65.6786, -66.4027], [-65.7744, -66.288], [-65.6174, -66.1353], [-65.1721, -66.1167], [-65.2675, -65.9942], [-64.9986, -65.9463], [-64.6134, -66.019], [-64.5144, -65.9594], [-64.6534, -65.8669], [-64.6465, -65.7479], [-64.4744, -65.781], [-64.3902, -65.7085], [-64.4388, -65.6406], [-63.8182, -65.5316], [-63.798, -65.4804], [-64.0514, -65.4172], [-64.0712, -65.2784], [-64.0381, -65.1789], [-63.7602, -65.0335], [-63.0589, -65.1394], [-63.1198, -64.9425], [-62.5276, -64.8334], [-62.5762, -64.7556], [-62.5034, -64.6565], [-62.2432, -64.7469], [-61.6319, -64.6048], [-61.0822, -64.3148], [-60.864, -64.0735], [-59.51, -63.8208], [-58.8721, -63.5519], [-57.3896, -63.2262], [-57.0768, -63.2624], [-57.0206, -63.3728]]], [[[169.8437, -73.6049], [169.709, -73.6252], [169.4793, -73.5395], [169.7832, -73.3243], [169.9603, -73.5143], [169.8437, -73.6049]]], [[[167.0839, -77.3216], [169.2756, -77.4548], [169.3526, -77.5247], [168.5189, -77.6813], [167.3924, -77.6486], [166.7289, -77.851], [166.2167, -77.5247], [166.6263, -77.3767], [166.4132, -77.2519], [166.5065, -77.1894], [166.9874, -77.1864], [167.0839, -77.3216]]], [[[167.6426, -78.1414], [167.3769, -78.249], [166.2847, -78.3064], [166.122, -78.2745], [166.0129, -78.102], [166.8636, -78.1964], [167.4979, -77.9923], [167.6426, -78.1414]]], [[[164.8335, -67.5404], [164.6391, -67.5], [164.6841, -67.2594], [164.9073, -67.4186], [164.8335, -67.5404]]], [[[163.976, -74.8327], [163.7633, -74.8027], [163.7417, -74.7114], [164.2086, -74.6076], [163.976, -74.8327]]], [[[163.3021, -66.8212], [163.2344, -66.8679], [163.0897, -66.7006], [163.238, -66.7087], [163.3021, -66.8212]]], [[[162.968, -75.5671], [162.7884, -75.6962], [162.5911, -75.6684], [162.72, -75.5966], [162.968, -75.5671]]], [[[162.6113, -66.4774], [162.5112, -66.5201], [162.3027, -66.3998], [162.3107, -66.2514], [162.6113, -66.4774]]], [[[103.3973, -65.4453], [103.1759, -65.4547], [103.1129, -65.3121], [102.7889, -65.2359], [102.7594, -65.1678], [103.1367, -65.1906], [103.186, -65.3306], [103.3973, -65.4453]]], [[[100.9814, -65.6776], [100.5468, -65.7014], [100.2704, -65.6033], [100.607, -65.3964], [101.0786, -65.4027], [101.2589, -65.5276], [100.9814, -65.6776]]], [[[100.2646, -66.2167], [100.1332, -66.2295], [100.0763, -66.1882], [100.2905, -66.1124], [100.2646, -66.2167]]], [[[98.8462, -66.4699], [98.655, -66.4534], [98.5964, -66.3826], [98.9499, -66.4206], [98.8462, -66.4699]]], [[[96.6128, -66.0358], [96.9317, -66.0584], [97.0156, -66.1641], [96.3071, -66.1859], [96.3989, -66.0801], [96.6128, -66.0358]]], [[[92.6013, -65.8083], [92.3331, -65.8072], [92.2481, -65.7399], [92.4965, -65.7022], [92.6646, -65.7604], [92.6013, -65.8083]]], [[[86.5417, -66.7674], [86.3369, -66.7875], [86.2321, -66.7328], [86.3833, -66.6747], [86.6519, -66.7181], [86.5417, -66.7674]]], [[[85.8225, -66.9533], [85.65, -66.9797], [85.3145, -66.7759], [85.3404, -66.7233], [85.8063, -66.7745], [85.9377, -66.8941], [85.8225, -66.9533]]], [[[85.3285, -66.6119], [85.1363, -66.637], [85.0686, -66.5838], [85.1647, -66.5216], [85.3285, -66.6119]]], [[[72.0024, -70.6327], [71.6593, -70.4976], [71.6467, -70.3362], [71.7965, -70.2642], [72.0733, -70.5245], [72.078, -70.6092], [72.0024, -70.6327]]], [[[69.9184, -71.9177], [69.792, -72.0467], [69.6926, -71.9682], [69.796, -71.8939], [69.9184, -71.9177]]], [[[68.4618, -72.3001], [68.4089, -72.3003], [68.667, -72.1031], [68.8405, -72.1654], [68.8171, -72.2288], [68.4618, -72.3001]]], [[[48.5459, -66.7842], [48.3047, -66.7978], [48.2939, -66.75], [48.7824, -66.7311], [48.5459, -66.7842]]], [[[26.8573, -70.3812], [26.3576, -70.4343], [26.0055, -70.3728], [25.954, -70.2614], [26.3011, -70.0724], [26.6049, -70.0783], [26.8573, -70.3812]]], [[[16.2225, -70.0077], [16.1592, -70.072], [15.6138, -69.9391], [15.5626, -69.8629], [15.9097, -69.7286], [16.6254, -69.7504], [16.3154, -69.8445], [16.2225, -70.0077]]], [[[4.5257, -70.4789], [4.1798, -70.4511], [4.0696, -70.2902], [4.4951, -70.2513], [4.6175, -70.3687], [4.5257, -70.4789]]], [[[3.0368, -70.5974], [2.6977, -70.6236], [2.5846, -70.5346], [3.0721, -70.3815], [3.2305, -70.4025], [3.2215, -70.5191], [3.0368, -70.5974]]], [[[1.2994, -70.2552], [1.1565, -70.378], [0.9495, -70.0941], [1.4121, -70.0408], [1.4611, -70.1356], [1.2994, -70.2552]]], [[[-2.5328, -70.7679], [-2.0921, -70.821], [-2.369, -71.0443], [-2.7833, -71.1674], [-2.8006, -70.9822], [-2.963, -70.9404], [-3.0069, -70.8515], [-3.5746, -70.7031], [-3.04, -70.6745], [-2.5328, -70.7679]]], [[[-3.2801, -70.5339], [-3.4969, -70.4884], [-3.1732, -70.3072], [-2.8053, -70.2885], [-2.6843, -70.3761], [-2.738, -70.5072], [-3.2801, -70.5339]]], [[[-2.9551, -71.2137], [-3.3093, -71.2009], [-3.3989, -71.0621], [-3.2629, -71.0518], [-2.9551, -71.2137]]], [[[-5.8941, -70.5523], [-6.1562, -70.6117], [-6.4381, -70.4525], [-5.9715, -70.4214], [-5.8941, -70.5523]]], [[[-12.5088, -72.1732], [-12.7201, -72.1876], [-12.9634, -72.0644], [-12.7888, -72.0064], [-12.5088, -72.1732]]], [[[-16.1044, -72.6791], [-16.3176, -72.7021], [-16.4529, -72.6524], [-16.5166, -72.5309], [-16.3557, -72.4585], [-16.1044, -72.6791]]], [[[-20.6073, -73.8865], [-20.6412, -74.1506], [-20.4234, -74.3174], [-20.4165, -74.4434], [-20.4889, -74.4927], [-20.8176, -74.4547], [-20.9767, -74.2251], [-21.1664, -74.1327], [-22.0354, -74.1065], [-21.1264, -73.9397], [-20.8669, -73.6766], [-20.6901, -73.6252], [-20.5803, -73.6192], [-20.5206, -73.7119], [-20.6073, -73.8865]]], [[[-31.119, -79.7984], [-30.8407, -79.7713], [-30.7799, -79.6474], [-30.6603, -79.7331], [-29.6145, -79.9095], [-30.422, -80.0108], [-31.8242, -79.8494], [-32.0003, -79.7324], [-31.6806, -79.6342], [-31.119, -79.7984]]], [[[-32.3426, -79.6736], [-32.5831, -79.6583], [-32.3765, -79.5348], [-31.9333, -79.5679], [-32.3426, -79.6736]]], [[[-33.9342, -79.3204], [-34.0501, -79.3572], [-36.6007, -79.2827], [-36.5661, -79.2088], [-35.5347, -79.0899], [-33.9342, -79.3204]]], [[[-45.2227, -78.8106], [-43.6272, -78.8461], [-42.9655, -79.4771], [-42.99, -79.8012], [-43.2672, -79.9786], [-43.7582, -80.0206], [-43.49, -80.0955], [-43.4537, -80.1551], [-43.5278, -80.1915], [-49.1874, -80.6428], [-49.7731, -80.7841], [-54.1626, -80.87], [-54.3509, -80.7603], [-54.3473, -80.5694], [-54.0449, -80.4874], [-53.394, -80.1089], [-53.0534, -80.175], [-52.4609, -80.0667], [-52.2971, -80.1414], [-50.4017, -79.5117], [-50.2948, -79.4297], [-50.3786, -79.3383], [-50.7332, -79.2827], [-50.5205, -79.1043], [-50.5025, -78.9498], [-50.2418, -78.8332], [-50.3776, -78.7804], [-50.1418, -78.5567], [-49.0812, -78.0475], [-47.4633, -77.8191], [-46.2577, -77.8048], [-44.5945, -78.0352], [-44.0941, -78.1672], [-43.7845, -78.3365], [-43.9472, -78.5975], [-45.0679, -78.6614], [-45.3523, -78.7912], [-45.2227, -78.8106]]], [[[-45.7177, -60.5208], [-45.2281, -60.6397], [-45.1737, -60.7329], [-45.9549, -60.5974], [-45.9348, -60.5265], [-45.7177, -60.5208]]], [[[-54.0708, -61.2991], [-54.1921, -61.2467], [-54.0244, -61.1352], [-54.0413, -61.2553], [-54.0708, -61.2991]]], [[[-55.1656, -61.2205], [-55.297, -61.2486], [-55.4402, -61.1062], [-54.6709, -61.117], [-55.1656, -61.2205]]], [[[-55.5281, -63.1736], [-55.1562, -63.2048], [-55.0752, -63.3242], [-55.8305, -63.2984], [-56.3784, -63.4372], [-56.5055, -63.3343], [-56.3852, -63.234], [-56.0422, -63.1571], [-55.5281, -63.1736]]], [[[-55.8726, -63.5358], [-55.9568, -63.5801], [-56.2351, -63.4688], [-55.8578, -63.4072], [-55.7192, -63.4921], [-55.8726, -63.5358]]], [[[-56.0598, -63.0785], [-56.3543, -63.1689], [-56.6142, -63.0451], [-56.4886, -62.9823], [-56.0616, -63.0127], [-56.0598, -63.0785]]], [[[-57.2406, -64.5668], [-57.4336, -64.5402], [-57.4458, -64.4599], [-56.8946, -64.333], [-56.9911, -64.468], [-57.2406, -64.5668]]], [[[-57.3742, -63.8073], [-57.1042, -63.8413], [-57.6834, -63.8128], [-57.4393, -63.7915], [-57.3742, -63.8073]]], [[[-57.8461, -64.0539], [-57.4796, -63.9616], [-57.5171, -64.0107], [-57.2496, -64.0971], [-57.2222, -64.2214], [-57.4141, -64.2958], [-57.2946, -64.367], [-57.683, -64.3571], [-57.7032, -64.2932], [-57.8227, -64.3019], [-57.9098, -64.4102], [-57.9206, -64.3312], [-58.214, -64.3696], [-58.3044, -64.3144], [-58.02, -64.2419], [-58.1377, -64.2061], [-58.1471, -64.0973], [-58.438, -64.1134], [-58.2749, -63.9163], [-57.9257, -63.806], [-57.7795, -63.8683], [-57.8461, -64.0539]]], [[[-57.9786, -61.9119], [-57.7381, -61.9213], [-57.6395, -62.0204], [-58.1474, -62.0635], [-58.1831, -62.17], [-58.4668, -62.1372], [-58.5618, -62.244], [-58.8192, -62.1712], [-59.0039, -62.2098], [-58.6835, -62.0083], [-57.9786, -61.9119]]], [[[-58.8379, -62.3025], [-59.0593, -62.3478], [-59.2026, -62.283], [-59.0636, -62.2391], [-58.8379, -62.3025]]], [[[-59.734, -80.3441], [-59.8254, -80.7332], [-60.5828, -80.9483], [-62.6705, -80.8342], [-62.9405, -80.7658], [-63.1439, -80.5949], [-64.0651, -80.6504], [-64.2682, -80.7485], [-66.7712, -80.2939], [-66.377, -80.2222], [-65.98, -80.3845], [-61.6333, -80.3441], [-61.1941, -80.2566], [-61.5973, -80.2059], [-61.6942, -80.1344], [-61.6841, -80.0199], [-61.3025, -79.9957], [-61.2463, -79.9782], [-61.3432, -79.8867], [-60.5789, -79.7409], [-59.8733, -79.7769], [-59.7062, -79.8753], [-59.788, -80.1011], [-59.3218, -80.1962], [-59.5302, -80.208], [-59.734, -80.3441]]], [[[-59.3891, -62.4443], [-59.5252, -62.4514], [-59.6605, -62.3543], [-59.3959, -62.3672], [-59.3891, -62.4443]]], [[[-60.625, -62.56], [-60.14, -62.5487], [-59.8495, -62.6149], [-60.221, -62.7456], [-60.378, -62.6164], [-61.1498, -62.6341], [-60.7992, -62.4751], [-60.625, -62.56]]], [[[-60.7405, -70.7106], [-60.8964, -70.6898], [-60.9756, -70.5992], [-60.9418, -70.5325], [-60.4525, -70.5443], [-60.4878, -70.6467], [-60.7405, -70.7106]]], [[[-60.5047, -62.9674], [-60.6217, -63.0181], [-60.7405, -62.9486], [-60.6376, -62.8952], [-60.5047, -62.9674]]], [[[-60.5522, -71.0529], [-60.7898, -71.0411], [-60.9464, -70.9673], [-60.6131, -70.9201], [-60.5332, -70.9624], [-60.5522, -71.0529]]], [[[-60.653, -63.8666], [-60.7776, -63.9022], [-60.972, -63.8491], [-60.81, -63.8366], [-60.715, -63.6689], [-60.5623, -63.696], [-60.689, -63.8079], [-60.653, -63.8666]]], [[[-60.6559, -68.7677], [-60.8201, -68.7785], [-61.0148, -68.7097], [-60.8136, -68.6877], [-60.6559, -68.7677]]], [[[-61.1585, -69.9757], [-61.3086, -69.978], [-61.4044, -69.9325], [-61.3273, -69.8563], [-61.152, -69.8832], [-61.1585, -69.9757]]], [[[-61.9523, -64.0771], [-62.0437, -64.0803], [-61.7982, -63.9666], [-61.9112, -64.0544], [-61.9523, -64.0771]]], [[[-61.9976, -69.722], [-62.0851, -69.7296], [-62.2162, -69.4948], [-62.5675, -69.1804], [-62.2388, -69.1758], [-61.8158, -69.3761], [-61.8072, -69.5146], [-61.9112, -69.5333], [-61.9976, -69.722]]], [[[-62.3256, -64.4244], [-62.5798, -64.5144], [-62.7817, -64.4791], [-62.5042, -64.2533], [-62.6107, -64.1162], [-62.4512, -64.0124], [-62.0585, -64.1381], [-62.1856, -64.3687], [-62.3256, -64.4244]]], [[[-62.615, -63.0693], [-62.5272, -62.9238], [-62.3173, -62.8742], [-62.4116, -62.9715], [-62.615, -63.0693]]], [[[-63.1806, -64.4696], [-63.2771, -64.5734], [-62.9282, -64.5194], [-62.8364, -64.572], [-63.7393, -64.8342], [-64.2721, -64.6976], [-64.171, -64.582], [-63.6745, -64.4215], [-63.6832, -64.3427], [-63.4855, -64.2604], [-63.2296, -64.3236], [-63.2706, -64.3805], [-63.1806, -64.4696]]], [[[-63.3163, -64.8611], [-63.4744, -64.9066], [-63.5582, -64.9059], [-63.4592, -64.7962], [-63.1774, -64.7388], [-63.3163, -64.8611]]], [[[-66.1736, -80.0778], [-66.9041, -79.9088], [-66.9937, -79.7934], [-67.8088, -79.5459], [-66.0142, -79.6245], [-65.8702, -79.7376], [-65.5793, -79.7708], [-65.5044, -79.9543], [-66.1736, -80.0778]]], [[[-65.8453, -65.8425], [-66.1816, -65.8263], [-65.9684, -65.571], [-65.6369, -65.5478], [-65.6696, -65.6529], [-65.814, -65.6866], [-65.8453, -65.8425]]], [[[-66.5952, -66.2007], [-66.8188, -66.3128], [-66.8674, -66.2939], [-66.7792, -66.1108], [-66.575, -66.0823], [-66.5952, -66.2007]]], [[[-70.3342, -79.6799], [-71.5258, -79.6236], [-71.7835, -79.4443], [-71.6676, -79.2458], [-71.4541, -79.1288], [-70.5441, -78.8837], [-67.4786, -78.3625], [-67.038, -78.3158], [-66.728, -78.3837], [-69.2509, -79.2104], [-69.6865, -79.4435], [-69.6343, -79.5176], [-69.7319, -79.6184], [-70.3342, -79.6799]]], [[[-67.2619, -79.4527], [-67.4344, -79.5013], [-68.5489, -79.4374], [-68.0327, -79.2272], [-67.0686, -79.2685], [-67.2396, -79.3277], [-67.3048, -79.3942], [-67.2619, -79.4527]]], [[[-67.349, -67.7661], [-67.6932, -67.7635], [-67.7432, -67.6612], [-67.4178, -67.5906], [-67.1492, -67.6501], [-67.349, -67.7661]]], [[[-67.3624, -66.8944], [-67.5208, -66.8972], [-67.5931, -66.8755], [-67.4261, -66.7368], [-67.2569, -66.8408], [-67.3624, -66.8944]]], [[[-67.9884, -67.4745], [-68.3812, -67.5554], [-68.5802, -67.7327], [-68.8182, -67.7534], [-69.1379, -67.5153], [-68.3358, -66.8019], [-67.7112, -66.633], [-67.6813, -66.7089], [-67.9322, -66.8444], [-67.9682, -67.0322], [-67.6878, -67.1475], [-68.235, -67.3719], [-67.9884, -67.4745]]], [[[-70.0512, -69.1891], [-70.0793, -69.311], [-69.7074, -69.3209], [-69.4169, -69.5831], [-69.0911, -70.0903], [-68.5536, -70.5815], [-68.4506, -70.8178], [-68.3138, -70.9117], [-68.2411, -71.8221], [-68.5424, -72.1576], [-69.1494, -72.4266], [-69.2092, -72.5342], [-70.5433, -72.6644], [-70.9228, -72.613], [-72.3675, -72.6698], [-73.0576, -72.4476], [-72.7375, -72.2806], [-70.8727, -72.3664], [-70.206, -72.2279], [-70.5333, -72.1633], [-71.4124, -72.2845], [-71.6615, -72.2499], [-71.8977, -72.1208], [-71.0344, -72.0345], [-70.8209, -71.9064], [-71.8163, -71.8219], [-72.3365, -71.6322], [-72.9276, -71.9217], [-73.7761, -71.849], [-73.8298, -71.8702], [-73.5371, -72.0224], [-73.9957, -72.1697], [-74.4292, -72.0555], [-74.7859, -72.0635], [-75.3828, -71.828], [-75.3353, -71.6452], [-75.0995, -71.5555], [-74.3917, -71.6383], [-74.4252, -71.4569], [-74.2362, -71.3885], [-73.4791, -71.5788], [-73.3801, -71.5279], [-73.5922, -71.4481], [-73.6044, -71.3509], [-72.2116, -71.3349], [-72.9053, -71.2231], [-73.0605, -71.127], [-72.7105, -71.073], [-71.7184, -71.145], [-71.1942, -70.9848], [-70.3806, -70.9465], [-69.8698, -71.1256], [-69.8226, -70.9734], [-69.8759, -70.876], [-70.917, -70.7859], [-71.1899, -70.6596], [-71.061, -70.5372], [-70.3281, -70.3612], [-69.6185, -70.398], [-70.3277, -70.1597], [-71.1204, -70.1965], [-71.7285, -70.0536], [-71.8793, -69.9091], [-71.7184, -69.5239], [-71.7429, -69.4227], [-72.0805, -69.2672], [-72.1378, -69.1145], [-72.0579, -69.001], [-71.8689, -68.9411], [-70.417, -68.7891], [-70.1056, -68.9595], [-70.0512, -69.1891]]], [[[-71.695, -70.265], [-71.4315, -70.2673], [-71.3404, -70.3175], [-71.6845, -70.4423], [-71.7954, -70.2883], [-71.695, -70.265]]], [[[-71.9855, -69.6985], [-72.2022, -69.7402], [-72.7768, -69.6451], [-72.9575, -69.529], [-72.8574, -69.433], [-72.4643, -69.4517], [-71.9855, -69.6985]]], [[[-73.8784, -73.3569], [-74.1466, -73.3154], [-73.8323, -73.1134], [-73.5425, -73.1238], [-73.8784, -73.3569]]], [[[-73.7067, -70.6353], [-73.5504, -70.7234], [-74.8057, -71.0122], [-76.2713, -71.1327], [-76.5114, -70.9907], [-76.249, -70.8638], [-75.1269, -70.7517], [-74.9537, -70.5903], [-74.5897, -70.792], [-74.4011, -70.5759], [-74.1145, -70.6554], [-74.0382, -70.553], [-73.7067, -70.6353]]], [[[-74.3543, -73.0985], [-74.6679, -73.2753], [-74.3662, -73.4644], [-74.5746, -73.6114], [-75.9009, -73.3326], [-76.0963, -73.1505], [-75.8976, -73.0563], [-75.5059, -73.1089], [-75.2763, -73.0502], [-75.2439, -73.0093], [-75.7309, -72.8793], [-75.3767, -72.8204], [-74.3356, -72.9188], [-74.224, -72.9969], [-74.3543, -73.0985]]], [[[-74.9872, -69.7279], [-74.4378, -69.9497], [-74.8489, -70.1793], [-75.804, -70.0382], [-75.6813, -69.8816], [-74.9872, -69.7279]]], [[[-90.5363, -68.7979], [-90.6238, -68.8014], [-90.6292, -68.7163], [-90.5356, -68.7283], [-90.5363, -68.7979]]], [[[-91.1606, -73.1823], [-91.5108, -73.1955], [-91.4504, -72.9678], [-91.3568, -72.9095], [-91.67, -72.6238], [-91.3035, -72.5474], [-90.807, -72.6106], [-90.78, -72.7317], [-90.8952, -72.8236], [-90.7761, -72.8539], [-90.7757, -72.993], [-91.1606, -73.1823]]], [[[-93.7958, -72.9197], [-93.9657, -72.9202], [-94.1133, -72.86], [-94.0042, -72.8197], [-93.7958, -72.9197]]], [[[-95.027, -72.6651], [-95.2728, -72.6469], [-94.5662, -72.4681], [-94.4261, -72.6127], [-95.027, -72.6651]]], [[[-98.0913, -71.9125], [-98.168, -72.1231], [-97.9232, -72.1165], [-97.8159, -71.9188], [-97.5848, -71.8827], [-97.4735, -72.0002], [-97.5819, -72.0951], [-97.3454, -72.189], [-97.0887, -71.9439], [-96.8694, -71.8509], [-96.3834, -71.8363], [-96.125, -71.8955], [-96.2981, -72.0451], [-96.9789, -72.222], [-96.7175, -72.2555], [-95.6854, -72.0566], [-95.6094, -72.0684], [-95.531, -72.2489], [-95.5752, -72.41], [-96.0782, -72.4539], [-96.0519, -72.5773], [-98.1633, -72.5561], [-99.149, -72.4721], [-100.1951, -72.2727], [-102.0221, -72.1848], [-102.3137, -72.081], [-102.128, -71.9854], [-100.2185, -71.8329], [-100.0846, -71.8368], [-99.784, -72.0443], [-99.563, -71.945], [-99.082, -71.9325], [-98.6154, -71.7638], [-98.1892, -71.82], [-98.0913, -71.9125]]], [[[-104.5378, -73.1663], [-104.8809, -73.2007], [-105.053, -73.1261], [-105.1318, -72.9914], [-104.9723, -72.9409], [-104.5378, -73.1663]]], [[[-116.7386, -74.165], [-117.2303, -74.1928], [-117.3985, -74.1225], [-116.3815, -73.8655], [-116.155, -73.9104], [-116.7386, -74.165]]], [[[-119.5491, -74.1104], [-119.9051, -74.0815], [-119.6614, -73.9894], [-119.8025, -73.8146], [-119.2161, -73.7776], [-118.8773, -73.878], [-119.0584, -73.9977], [-119.5491, -74.1104]]], [[[-120.5564, -73.7559], [-120.2723, -73.9892], [-120.9895, -74.157], [-121.0543, -74.26], [-121.0024, -74.3264], [-122.2865, -74.4032], [-122.9385, -74.3021], [-122.9561, -74.2404], [-122.7646, -74.2187], [-122.8809, -74.0991], [-122.6246, -73.9656], [-122.9914, -73.8441], [-123.346, -73.8431], [-123.0127, -73.673], [-120.5564, -73.7559]]], [[[-126.3297, -73.2863], [-125.7357, -73.4057], [-125.2641, -73.6664], [-125.8286, -73.7183], [-125.857, -73.7801], [-124.9934, -73.8297], [-124.5401, -73.7396], [-124.0419, -73.8802], [-124.1517, -73.9441], [-123.8003, -74.0763], [-123.8367, -74.2258], [-125.0895, -74.1824], [-126.244, -73.8908], [-126.4715, -73.812], [-126.5828, -73.6699], [-127.2117, -73.7244], [-127.2329, -73.5855], [-127.4291, -73.4468], [-127.2675, -73.304], [-126.3297, -73.2863]]], [[[-127.3658, -74.6225], [-127.9151, -74.5425], [-128.0962, -74.4662], [-128.1333, -74.3275], [-127.1451, -74.4802], [-127.3658, -74.6225]]], [[[-131.0666, -74.5837], [-131.841, -74.5425], [-132.1628, -74.4257], [-131.7628, -74.3238], [-130.9813, -74.4141], [-130.9672, -74.5149], [-131.0666, -74.5837]]], [[[-132.3914, -74.4419], [-132.5462, -74.4984], [-132.8572, -74.4617], [-132.5523, -74.3867], [-132.3914, -74.4419]]], [[[-145.238, -75.7113], [-145.5411, -75.6927], [-146.151, -75.5735], [-145.7607, -75.5138], [-145.4173, -75.5879], [-145.238, -75.7113]]], [[[-146.6067, -76.9613], [-147.079, -76.9927], [-147.0441, -76.9297], [-147.1158, -76.8662], [-146.2442, -76.883], [-146.1639, -76.9485], [-146.6067, -76.9613]]], [[[-146.6902, -76.2464], [-146.8944, -76.261], [-147.4182, -76.0734], [-146.9491, -76.0982], [-146.6902, -76.2464]]], [[[-146.79, -76.6331], [-146.9077, -76.7142], [-147.3552, -76.6189], [-147.1352, -76.5314], [-146.79, -76.6331]]], [[[-147.5884, -76.6499], [-147.7296, -76.6534], [-148.001, -76.5772], [-147.7695, -76.5769], [-147.5884, -76.6499]]], [[[-149.3334, -76.7175], [-148.6627, -76.7206], [-148.3207, -76.7718], [-148.9838, -76.8454], [-149.4691, -76.7572], [-149.3334, -76.7175]]], [[[-148.5957, -77.0068], [-149.2448, -76.9931], [-149.3024, -76.9158], [-148.4398, -76.9771], [-148.5957, -77.0068]]], [[[-149.2182, -77.3362], [-148.9287, -77.3867], [-149.6624, -77.301], [-149.3755, -77.28], [-149.2182, -77.3362]]], [[[-149.2308, -77.1205], [-150.462, -77.0757], [-150.7885, -76.9816], [-149.8705, -76.8751], [-149.2308, -77.1205]]], [[[-150.2327, -76.7765], [-150.6553, -76.789], [-150.8735, -76.7367], [-150.0847, -76.7352], [-150.2327, -76.7765]]], [[[-150.3972, -77.369], [-150.4749, -77.3737], [-151.5117, -77.2732], [-151.0214, -77.2199], [-150.3972, -77.369]]], [[[-153.9306, -80.0334], [-154.9418, -79.9662], [-155.7511, -79.8295], [-155.6744, -79.7654], [-153.9306, -80.0334]]], [[[-157.9874, -82.1051], [-158.0763, -82.112], [-158.9886, -81.7795], [-157.8344, -82.0308], [-157.9874, -82.1051]]], [[[-159.053, -79.8074], [-160.3022, -79.8446], [-161.8657, -79.7035], [-163.7125, -79.4421], [-164.2259, -79.3209], [-164.2817, -79.2456], [-164.1254, -78.9953], [-163.256, -78.7221], [-162.3899, -78.7601], [-159.6841, -79.4025], [-159.0512, -79.6944], [-158.9965, -79.735], [-159.053, -79.8074]]], [[[-160.4671, -81.5894], [-163.2531, -81.4823], [-163.9512, -81.3908], [-163.8691, -81.324], [-163.2006, -81.2815], [-162.4565, -81.3133], [-160.938, -81.4634], [-160.4671, -81.5894]]], [[[-161.9939, -83.1187], [-163.0465, -83.0968], [-163.5519, -82.9876], [-163.796, -82.8427], [-162.7985, -82.8649], [-161.6353, -83.027], [-161.9939, -83.1187]]]]}}, {"type": "Feature", "properties": {"SOVEREIGNT": "Sint Maarten", "SOV_A3": "SXM", "mean": 0.881, "GERMAN_NAME": "Sint Maarten", "NOTE_DE": null}, "geometry": {"type": "Polygon", "coordinates": []}}, {"type": "Feature", "properties": {"SOVEREIGNT": "Tuvalu", "SOV_A3": "TUV", "mean": 0.59, "GERMAN_NAME": "Tuvalu", "NOTE_DE": null}, "geometry": {"type": "Polygon", "coordinates": [[[179.2138, -8.5242], [179.1958, -8.5348], [179.203, -8.4664], [179.2166, -8.5148], [179.2138, -8.5242]]]}}, {"type": "Feature", "properties": {"SOVEREIGNT": "W. Sahara", "SOV_A3": "B19", "mean": 0.899, "GERMAN_NAME": "Westsahara (marokkanisch verwaltet)", "NOTE_DE": "verwaltet von Marokko, beansprucht von Westsahara"}, "geometry": {"type": "Polygon", "coordinates": [[[-16.931, 21.9], [-16.684, 22.2742], [-16.5145, 22.3334], [-16.202, 22.9454], [-16.2103, 23.0978], [-15.9968, 23.4255], [-15.806, 23.7495], [-15.8017, 23.8422], [-15.9806, 23.6704], [-15.8992, 23.8445], [-14.9042, 24.7198], [-14.843, 25.2201], [-14.7948, 25.4041], [-14.4139, 26.2537], [-13.5758, 26.7352], [-13.1758, 27.6558], [-8.8177, 27.6565], [-8.8177, 27.6559], [-8.795, 27.1207], [-9.4131, 27.0886], [-9.8177, 26.8503], [-10.0327, 26.9108], [-10.2516, 26.861], [-10.7577, 27.0202], [-11.3928, 26.8834], [-11.338, 26.6333], [-11.7182, 26.1041], [-12.0609, 25.9909], [-12.431, 24.8307], [-12.9912, 24.4703], [-13.3108, 23.9811], [-13.8912, 23.691], [-14.101, 23.1001], [-14.2213, 22.3102], [-14.631, 21.861], [-14.6108, 21.7506], [-14.7508, 21.5005], [-14.9712, 21.441], [-16.0411, 21.5005], [-17.003, 21.4207], [-16.931, 21.9]]]}}, {"type": "Feature", "properties": {"SOVEREIGNT": "Jammu and Kashmir", "SOV_A3": "B05", "mean": 2.192, "GERMAN_NAME": "Kaschmir", "NOTE_DE": "verwaltet von Indien, beansprucht von Pakistan"}, "geometry": {"type": "Polygon", "coordinates": [[[79.1124, 33.2263], [79.2193, 32.501], [79.1275, 32.4758], [79.0671, 32.3882], [78.9191, 32.3581], [78.8377, 32.4119], [78.7711, 32.468], [78.7009, 32.597], [78.3895, 32.5199], [78.2729, 32.4631], [78.3643, 32.6058], [78.3427, 32.7308], [77.9871, 32.6204], [77.739, 32.9519], [77.4366, 32.8245], [77.2192, 32.8469], [76.789, 33.1334], [76.5046, 33.1619], [75.8418, 32.8769], [75.9243, 32.7228], [75.8343, 32.5189], [75.5121, 32.3107], [75.3025, 32.3189], [74.9872, 32.4623], [74.7888, 32.4578], [74.6859, 32.4939], [74.6632, 32.7575], [74.6322, 32.7709], [74.5883, 32.7532], [74.4832, 32.7709], [74.3057, 32.8104], [74.3035, 32.9918], [73.99, 33.2213], [74.1498, 33.507], [73.9767, 33.7213], [74.251, 33.9461], [73.9039, 34.0757], [73.9723, 34.2366], [73.7945, 34.3782], [73.9612, 34.6535], [74.3003, 34.7655], [75.7093, 34.503], [76.0409, 34.67], [76.5946, 34.736], [77.001, 34.992], [77.0485, 35.1098], [77.4233, 35.3025], [77.5716, 35.3787], [77.8024, 35.4929], [78.0429, 35.4799], [78.0123, 35.2509], [78.3269, 34.6065], [78.6707, 34.5181], [78.9702, 34.3026], [78.7265, 34.0134], [78.8651, 33.4311], [78.9166, 33.3867], [79.0127, 33.2914], [79.1124, 33.2263]]]}}, {"type": "Feature", "properties": {"SOVEREIGNT": "Gilgit-Baltistan", "SOV_A3": "B08", "mean": 2.727, "GERMAN_NAME": "Gilgit-Baltistan", "NOTE_DE": "verwaltet von Pakistan, beansprucht von Indien"}, "geometry": {"type": "Polygon", "coordinates": [[[77.0485, 35.1098], [77.001, 34.992], [76.5946, 34.736], [76.0409, 34.67], [75.7093, 34.503], [74.3003, 34.7655], [73.9612, 34.6535], [73.7945, 34.3782], [73.9723, 34.2366], [73.9039, 34.0757], [74.251, 33.9461], [73.9767, 33.7213], [74.1498, 33.507], [73.99, 33.2213], [74.3035, 32.9918], [74.3057, 32.8104], [74.1495, 32.9005], [73.6429, 33.1045], [73.576, 33.8494], [73.4223, 34.3704], [73.4799, 34.5664], [74.0116, 34.8953], [74.0911, 35.1036], [73.7131, 35.2836], [73.7387, 35.516], [73.3449, 35.592], [73.0723, 35.8577], [72.6432, 35.8648], [72.5575, 35.9672], [72.5838, 36.2359], [73.0464, 36.5544], [73.0954, 36.6889], [73.8024, 36.738], [73.7319, 36.8878], [73.7693, 36.8885], [74.0019, 36.8231], [74.0389, 36.8257], [74.1948, 36.8968], [74.5415, 37.0221], [74.6005, 37.0365], [74.7661, 37.0126], [74.8414, 36.9791], [74.8893, 36.9524], [75.3468, 36.9135], [75.4242, 36.7382], [75.4602, 36.725], [75.5736, 36.7594], [75.6672, 36.742], [75.7723, 36.695], [75.952, 36.4582], [75.9124, 36.049], [76.0708, 35.983], [76.1777, 35.8105], [76.5514, 35.887], [76.5633, 35.773], [76.767, 35.6617], [76.8127, 35.5718], [76.8822, 35.4358], [76.9276, 35.3466], [76.9791, 35.2464], [77.0485, 35.1098]]]}}, {"type": "Feature", "properties": {"SOVEREIGNT": "Arunachal Pradesh", "SOV_A3": "B00", "mean": 1.709, "GERMAN_NAME": "Arunachal Pradesh", "NOTE_DE": "verwaltet von Indien, beansprucht von Volksrepublik China"}, "geometry": {"type": "Polygon", "coordinates": [[[92.0498, 26.8749], [92.0735, 26.9148], [92.0681, 26.9752], [92.031, 27.0408], [92.031, 27.2142], [92.0451, 27.3647], [91.9907, 27.4501], [91.9511, 27.4582], [91.6581, 27.4935], [91.5792, 27.6115], [91.5976, 27.6771], [91.6318, 27.7601], [91.8248, 27.7465], [91.9778, 27.7304], [92.1012, 27.8076], [92.1574, 27.8123], [92.2222, 27.8269], [92.2506, 27.8415], [92.2701, 27.8302], [92.4148, 27.8246], [92.4807, 27.846], [92.5469, 27.8791], [92.6643, 27.9489], [92.6657, 28.0499], [92.6434, 28.0616], [92.8817, 28.228], [93.0351, 28.3276], [93.2064, 28.5909], [93.2518, 28.6295], [93.3605, 28.6541], [93.6651, 28.6902], [93.7608, 28.7298], [93.9023, 28.8032], [94.2933, 29.1446], [94.4682, 29.2161], [94.677, 29.297], [94.7332, 29.2515], [94.7631, 29.2012], [94.7696, 29.1758], [94.9989, 29.1491], [95.1447, 29.104], [95.3891, 29.0373], [95.4564, 29.1022], [95.4939, 29.137], [95.5169, 29.1512], [95.5158, 29.2062], [95.7102, 29.3138], [96.0353, 29.4473], [96.1948, 29.2723], [96.2351, 29.2458], [96.3557, 29.2491], [96.3399, 29.2097], [96.1808, 29.1177], [96.1224, 29.0821], [96.1415, 28.9634], [96.1624, 28.9098], [96.3467, 29.0274], [96.4356, 29.0507], [96.477, 28.9592], [96.5501, 28.8296], [96.5811, 28.7636], [96.3273, 28.5255], [96.3298, 28.4969], [96.279, 28.4281], [96.2816, 28.412], [96.3197, 28.3865], [96.3665, 28.3672], [96.3892, 28.3679], [96.6027, 28.4601], [96.7758, 28.367], [96.981, 28.3377], [97.1452, 28.3403], [97.2896, 28.2369], [97.3227, 28.2179], [97.3392, 28.0308], [97.3353, 27.9378], [97.2262, 27.8901], [97.1578, 27.837], [97.0498, 27.7601], [96.3798, 28.1443], [95.7502, 28.2377], [95.3124, 28.0806], [95.2084, 27.9008], [94.748, 27.6839], [94.2076, 27.5381], [93.6662, 26.9714], [93.2309, 26.8803], [92.6254, 26.9632], [92.0498, 26.8749]]]}}, {"type": "Feature", "properties": {"SOVEREIGNT": "Crimea", "SOV_A3": "B89", "mean": 1.707, "GERMAN_NAME": "Krim", "NOTE_DE": "verwaltet von Russland, beansprucht von Ukraine"}, "geometry": {"type": "Polygon", "coordinates": [[[35.0016, 45.7333], [35.4577, 45.3162], [36.0128, 45.3716], [36.1705, 45.453], [36.5751, 45.3935], [36.3933, 45.0654], [35.8703, 45.0054], [35.6777, 45.1021], [35.4725, 45.0986], [35.0876, 44.8025], [34.7168, 44.807], [34.4699, 44.7216], [34.0746, 44.4238], [33.7556, 44.399], [33.4507, 44.5536], [33.6123, 44.9077], [33.5551, 45.0977], [32.9186, 45.3482], [32.6112, 45.328], [32.5079, 45.4037], [33.6649, 45.9472], [33.594, 46.0962], [33.6599, 46.2196], [34.2243, 46.1011], [34.4501, 45.9657], [34.6869, 45.977], [34.7996, 45.7906], [35.0016, 45.7333]]]}}, {"type": "Feature", "properties": {"SOVEREIGNT": "Aksai Chin", "SOV_A3": "B07", "mean": 2.173, "GERMAN_NAME": "Aksai Chin", "NOTE_DE": "verwaltet von Volksrepublik China, beansprucht von Indien"}, "geometry": {"type": "Polygon", "coordinates": [[[77.8024, 35.4929], [77.9417, 35.5354], [78.6732, 35.8693], [79.3522, 35.9742], [79.7349, 35.8096], [80.0031, 35.8195], [80.313, 35.579], [80.0279, 34.6594], [79.8763, 34.6559], [79.7169, 34.4248], [79.5167, 34.4024], [79.5444, 34.2361], [79.4328, 34.0551], [78.9112, 33.9888], [79.0019, 33.6713], [78.8968, 33.5568], [78.9166, 33.3867], [78.8651, 33.4311], [78.7265, 34.0134], [78.9702, 34.3026], [78.6707, 34.5181], [78.3269, 34.6065], [78.0123, 35.2509], [78.0429, 35.4799], [77.8024, 35.4929]]]}}, {"type": "Feature", "properties": {"SOVEREIGNT": "North Borneo", "SOV_A3": "C04", "mean": 1.107, "GERMAN_NAME": "Nordborneo", "NOTE_DE": null}, "geometry": {"type": "Polygon", "coordinates": [[[117.6965, 4.3428], [116.5053, 6.5367], [116.7497, 6.9772], [116.8329, 6.9522], [116.8498, 6.8269], [116.7883, 6.6061], [116.9132, 6.6596], [117.1285, 6.969], [117.23, 6.94], [117.2941, 6.6769], [117.6098, 6.5125], [117.6937, 6.3499], [117.6159, 6.1965], [117.6447, 6.0019], [117.5011, 5.8846], [118.004, 6.0533], [118.1159, 5.8624], [117.9349, 5.7874], [117.9737, 5.7062], [118.3532, 5.806], [118.5947, 5.5921], [119.2557, 5.366], [119.2496, 5.1988], [119.1322, 5.1006], [118.6721, 4.964], [118.2607, 4.9888], [118.1854, 4.8285], [118.5623, 4.5022], [118.5483, 4.3793], [118.0083, 4.2503], [117.6965, 4.3428]]]}}, {"type": "Feature", "properties": {"SOVEREIGNT": "Artsakh", "SOV_A3": "B38", "mean": 2.037, "GERMAN_NAME": "Bergkarabach", "NOTE_DE": "selbstverwaltet, beansprucht von Azer."}, "geometry": {"type": "Polygon", "coordinates": [[[47.2927, 39.5317], [47.3222, 39.4144], [47.1883, 39.341], [47.0655, 39.253], [46.9889, 39.1802], [46.5547, 38.9044], [46.4906, 38.9067], [46.4755, 39.111], [46.4003, 39.1922], [46.4204, 39.2073], [46.55, 39.2014], [46.5846, 39.2236], [46.4373, 39.3486], [46.3783, 39.3823], [46.3653, 39.4024], [46.3776, 39.4338], [46.478, 39.4751], [46.4813, 39.5551], [46.2019, 39.5944], [46.0946, 39.6645], [45.9398, 39.7766], [45.7897, 39.8811], [45.6619, 39.9562], [45.5798, 39.9776], [45.5777, 39.984], [45.8581, 40.0113], [45.9312, 40.1046], [45.9675, 40.1748], [45.9647, 40.2338], [46.3124, 40.2442], [46.8027, 40.3843], [47.0695, 40.2069], [47.2927, 39.5317]]]}}, {"type": "Feature", "properties": {"SOVEREIGNT": "Courantyne Headwaters", "SOV_A3": "B15", "mean": 0.888, "GERMAN_NAME": "Quellgebiet des Corantijn", "NOTE_DE": "verwaltet von Guyana, beansprucht von Suriname"}, "geometry": {"type": "Polygon", "coordinates": [[[-56.4828, 1.9421], [-56.5256, 1.9273], [-56.6164, 1.9226], [-56.6898, 1.9143], [-56.9695, 1.9164], [-57.0376, 1.9365], [-57.0926, 2.0058], [-57.1189, 2.0139], [-57.2755, 1.9593], [-57.3176, 1.9634], [-57.5459, 1.7262], [-57.5945, 1.7041], [-57.7957, 1.7001], [-57.9829, 1.6484], [-58.0117, 1.5399], [-58.173, 1.5477], [-58.281, 1.5745], [-58.3141, 1.592], [-58.3408, 1.5877], [-58.3804, 1.5302], [-58.4272, 1.4754], [-58.2241, 1.7559], [-57.9167, 1.7921], [-57.9196, 2.3854], [-57.7709, 2.59], [-57.4544, 2.7391], [-57.4861, 2.9737], [-57.6161, 3.1303], [-57.5974, 3.3691], [-57.5495, 3.3528], [-57.4904, 3.3544], [-57.3036, 3.3771], [-57.2827, 3.2188], [-57.278, 3.1643], [-57.2316, 3.1088], [-57.2305, 3.0786], [-57.2068, 2.9633], [-57.2096, 2.8828], [-57.1636, 2.8333], [-57.1211, 2.7755], [-57.1052, 2.7682], [-57.0606, 2.6657], [-57.0419, 2.6412], [-57.0289, 2.6376], [-56.9792, 2.5133], [-56.9454, 2.4569], [-56.8864, 2.3258], [-56.8406, 2.2771], [-56.7611, 2.115], [-56.7042, 2.0365], [-56.5627, 2.0051], [-56.4828, 1.9421]]]}}, {"type": "Feature", "properties": {"SOVEREIGNT": "Donetsk People's Republic", "SOV_A3": "C02", "mean": 2.6, "GERMAN_NAME": "Volksrepublik Donezk", "NOTE_DE": "selbstverwaltet, beansprucht von Ukraine"}, "geometry": {"type": "Polygon", "coordinates": [[[38.3049, 48.4546], [38.4828, 48.3507], [38.4198, 48.2797], [38.5645, 48.272], [38.8295, 48.0256], [39.0314, 47.9949], [39.0343, 47.8496], [38.9004, 47.8551], [38.6405, 47.666], [38.2873, 47.5592], [38.2142, 47.0915], [37.761, 47.0908], [37.784, 47.3619], [37.5479, 47.6706], [37.4921, 47.8937], [37.9597, 48.3833], [38.3049, 48.4546]]]}}, {"type": "Feature", "properties": {"SOVEREIGNT": "Luhansk People's Republic", "SOV_A3": "C03", "mean": 2.847, "GERMAN_NAME": "Volksrepublik Lugansk", "NOTE_DE": "selbstverwaltet, beansprucht von Ukraine"}, "geometry": {"type": "Polygon", "coordinates": [[[39.0343, 47.8496], [39.0314, 47.9949], [38.8295, 48.0256], [38.5645, 48.272], [38.4198, 48.2797], [38.4828, 48.3507], [38.3049, 48.4546], [38.2556, 48.6013], [38.4169, 48.6933], [38.7744, 48.7056], [38.9511, 48.6317], [39.2597, 48.6855], [39.4566, 48.5824], [39.6449, 48.5912], [39.7655, 48.572], [39.8825, 48.4192], [39.8475, 48.3028], [39.9609, 48.2378], [39.7788, 47.8876], [39.0577, 47.8485], [39.0343, 47.8496]]]}}, {"type": "Feature", "properties": {"SOVEREIGNT": "Abkhazia", "SOV_A3": "B35", "mean": 1.523, "GERMAN_NAME": "Abchasien", "NOTE_DE": "selbstverwaltet, beansprucht von Georgien"}, "geometry": {"type": "Polygon", "coordinates": [[[41.5777, 42.3979], [41.4193, 42.7376], [40.1906, 43.3124], [39.9782, 43.4199], [40.0236, 43.4848], [40.0848, 43.5532], [40.1503, 43.5698], [40.5189, 43.512], [40.8015, 43.4799], [41.0831, 43.3746], [41.3581, 43.3335], [41.5806, 43.2194], [42.05, 43.1901], [42.0878, 43.1991], [41.9071, 42.9221], [41.9283, 42.6546], [41.5777, 42.3979]]]}}, {"type": "Feature", "properties": {"SOVEREIGNT": "Abyei", "SOV_A3": "B13", "mean": 1.485, "GERMAN_NAME": "Abyei", "NOTE_DE": "verwaltet von Sudan, beansprucht von Südsudan"}, "geometry": {"type": "Polygon", "coordinates": [[[27.8858, 9.5997], [27.8235, 10.1591], [28.9795, 10.1591], [28.9795, 9.5942], [28.9795, 9.594], [28.8394, 9.4591], [28.8294, 9.3888], [28.8445, 9.326], [28.0489, 9.3284], [27.9963, 9.379], [27.8858, 9.5997]]]}}, {"type": "Feature", "properties": {"SOVEREIGNT": "Ilemi Triangle", "SOV_A3": "B17", "mean": 1.422, "GERMAN_NAME": "Ilemi-Dreieck", "NOTE_DE": "verwaltet von Kenia, beansprucht von Südsudan"}, "geometry": {"type": "Polygon", "coordinates": [[[34.3802, 4.6207], [34.8785, 5.1096], [35.0844, 5.3118], [35.2683, 5.4923], [35.2647, 5.412], [35.2874, 5.384], [35.3252, 5.3649], [35.3778, 5.3852], [35.4685, 5.4191], [35.7914, 5.2787], [35.7792, 5.1056], [35.763, 4.808], [35.8454, 4.7026], [35.9199, 4.6198], [34.3802, 4.6207]]]}}, {"type": "Feature", "properties": {"SOVEREIGNT": "Junagadh and Manavadar", "SOV_A3": "C01", "mean": 0.251, "GERMAN_NAME": "Junagadh", "NOTE_DE": "verwaltet von Indien, beansprucht von Pakistan"}, "geometry": {"type": "Polygon", "coordinates": [[[70.8796, 20.7146], [70.8087, 20.9661], [70.6895, 21.0072], [70.5426, 20.8158], [70.0084, 21.2086], [69.8734, 21.7902], [70.291, 21.5453], [70.4094, 21.6898], [70.7601, 21.5782], [70.7082, 21.7435], [70.7835, 21.7843], [70.876, 21.6163], [70.5369, 21.3899], [70.5891, 21.2821], [70.8252, 21.3925], [70.8213, 21.1535], [71.4048, 21.0013], [71.4801, 21.1008], [71.6766, 21.0147], [71.5711, 20.9706], [71.0247, 20.7389], [70.8796, 20.7146]], [[70.3695, 21.3523], [70.4008, 21.2355], [70.489, 21.2112], [70.4382, 21.3523], [70.3695, 21.3523]]]}}, {"type": "Feature", "properties": {"SOVEREIGNT": "Kuril Is.", "SOV_A3": "B29", "mean": 2.145, "GERMAN_NAME": "Kurilen", "NOTE_DE": "verwaltet von Russland, beansprucht von Japan"}, "geometry": {"type": "MultiPolygon", "coordinates": [[[[147.6579, 45.093], [147.8854, 45.2256], [147.8725, 45.3003], [147.9646, 45.3777], [148.0561, 45.2621], [148.3243, 45.2824], [148.7066, 45.5205], [148.8261, 45.486], [148.7908, 45.3239], [148.2624, 45.217], [148.0053, 45.0703], [147.7839, 44.9587], [147.6579, 44.9773], [147.3102, 44.6775], [147.0985, 44.5312], [146.8972, 44.4043], [147.1546, 44.7662], [147.5578, 45.0625], [147.6579, 45.093]]], [[[146.8245, 43.8604], [146.899, 43.8042], [146.6085, 43.7405], [146.6218, 43.813], [146.8245, 43.8604]]], [[[146.296, 44.2809], [146.1729, 44.2688], [145.5868, 43.8451], [145.5559, 43.6646], [145.4263, 43.8102], [145.4619, 43.8708], [145.7485, 44.0714], [145.7733, 44.1291], [145.8903, 44.2487], [145.9083, 44.2573], [146.1121, 44.5001], [146.5678, 44.4404], [146.296, 44.2809]]], [[[146.3587, 43.6254], [146.3324, 43.62], [146.2737, 43.6299], [146.3587, 43.6254]]], [[[145.9072, 43.4223], [145.8817, 43.4438], [145.8691, 43.4504], [145.8817, 43.4596], [145.9072, 43.4223]]]]}}, {"type": "Feature", "properties": {"SOVEREIGNT": "Shaksam Valley", "SOV_A3": "B06", "mean": 2.008, "GERMAN_NAME": "Shaksgam-Tal", "NOTE_DE": "verwaltet von Volksrepublik China, abgetreten an Volksrepublik China by Pakistan, beansprucht von Indien"}, "geometry": {"type": "Polygon", "coordinates": [[[77.5201, 35.4734], [77.2948, 35.5081], [77.0899, 35.5521], [76.767, 35.6617], [76.5633, 35.773], [76.5514, 35.887], [76.1777, 35.8105], [76.0708, 35.983], [75.9124, 36.049], [75.952, 36.4582], [76.7152, 36.1555], [76.8261, 35.8751], [77.3401, 35.7145], [77.4773, 35.6284], [77.5201, 35.4734]]]}}, {"type": "Feature", "properties": {"SOVEREIGNT": "South Ossetia", "SOV_A3": "B37", "mean": 1.855, "GERMAN_NAME": "Südossetien", "NOTE_DE": "selbstverwaltet, beansprucht von Georgien"}, "geometry": {"type": "Polygon", "coordinates": [[[43.7953, 42.7031], [43.7384, 42.617], [43.8259, 42.5715], [44.0048, 42.5956], [44.1027, 42.6165], [44.1996, 42.6536], [44.6172, 42.3044], [44.624, 42.1357], [44.4876, 41.9977], [44.3047, 42.0099], [44.0815, 42.172], [43.8317, 42.0616], [43.6553, 42.1076], [43.5721, 42.5406], [43.7953, 42.7031]]]}}, {"type": "Feature", "properties": {"SOVEREIGNT": "Transnistria", "SOV_A3": "B36", "mean": 2.491, "GERMAN_NAME": "Transnistrien", "NOTE_DE": "selbstverwaltet, beansprucht von Republik Moldau"}, "geometry": {"type": "Polygon", "coordinates": [[[28.4629, 48.0905], [28.5306, 48.1502], [28.6018, 48.1443], [28.7739, 48.1195], [28.8657, 47.9957], [28.9233, 47.9511], [28.9734, 47.9331], [29.0929, 47.9754], [29.1948, 47.8824], [29.1231, 47.5302], [29.2005, 47.4445], [29.3834, 47.328], [29.4558, 47.2926], [29.5105, 47.2907], [29.5393, 47.2709], [29.5634, 47.0475], [29.5688, 46.9967], [29.5976, 46.9389], [29.8777, 46.829], [29.9425, 46.7238], [29.9346, 46.6249], [29.9241, 46.5388], [29.7697, 46.601], [29.635, 46.8127], [29.5371, 46.8006], [29.4237, 46.9547], [29.3107, 46.9672], [29.3136, 47.1158], [29.1368, 47.1355], [29.0101, 47.7958], [28.9338, 47.8978], [28.4629, 48.0905]]]}}, {"type": "Feature", "properties": {"SOVEREIGNT": "Lawa Headwaters", "SOV_A3": "B14", "mean": 0.898, "GERMAN_NAME": "Quellgebiet der Lawa", "NOTE_DE": "verwaltet von Frankreich, beansprucht von Suriname"}, "geometry": {"type": "Polygon", "coordinates": [[[-54.0816, 3.3068], [-53.9887, 2.8654], [-54.0064, 2.5749], [-54.1669, 2.2644], [-54.1201, 2.1281], [-54.1302, 2.121], [-54.1673, 2.137], [-54.2281, 2.1533], [-54.2929, 2.1542], [-54.515, 2.2455], [-54.5507, 2.293], [-54.6162, 2.3267], [-54.5359, 2.3432], [-54.4855, 2.4161], [-54.2566, 2.7137], [-54.1954, 2.8179], [-54.1882, 2.8748], [-54.1705, 2.9935], [-54.1882, 3.1787], [-54.0834, 3.3252], [-54.0816, 3.3068]]]}}, {"type": "Feature", "properties": {"SOVEREIGNT": "Demchok", "SOV_A3": "B03", "mean": 2.785, "GERMAN_NAME": "Demchok", "NOTE_DE": "verwaltet von Indien, beansprucht von Volksrepublik China"}, "geometry": {"type": "Polygon", "coordinates": [[[79.1124, 33.2263], [79.3763, 33.1463], [79.3349, 32.9755], [79.4991, 32.7301], [79.3846, 32.5701], [79.2193, 32.501], [79.1124, 33.2263]]]}}, {"type": "Feature", "properties": {"SOVEREIGNT": "Golan Heights", "SOV_A3": "B16", "mean": 2.808, "GERMAN_NAME": "Golanhöhen", "NOTE_DE": "verwaltet von Israel, beansprucht von Syrien"}, "geometry": {"type": "Polygon", "coordinates": [[[35.8332, 32.8202], [35.7871, 32.7349], [35.7345, 32.7289], [35.6114, 32.682], [35.5916, 32.7226], [35.6028, 33.2405], [35.8407, 33.4157], [35.8267, 33.1951], [35.8335, 33.1612], [35.8879, 32.9444], [35.8332, 32.8202]]]}}, {"type": "Feature", "properties": {"SOVEREIGNT": "Tirpani Valleys", "SOV_A3": "B01", "mean": 2.771, "GERMAN_NAME": "Tirpani", "NOTE_DE": "verwaltet von Indien, beansprucht von Volksrepublik China"}, "geometry": {"type": "Polygon", "coordinates": [[[79.3698, 31.08], [78.9756, 31.1055], [78.8446, 31.3015], [78.9461, 31.3372], [79.0109, 31.4141], [79.0437, 31.4263], [79.2327, 31.2418], [79.3612, 31.0871], [79.3698, 31.08]]]}}]}